Customer_ID,Customer_Name,Age,State,Employment_Status,Education,Annual_Income,Credit_Score
CUST00001,Customer_00001,59,Delhi,Self-Employed,Graduate,193642,720
CUST00002,Customer_00002,49,Maharashtra,Self-Employed,Under Graduate,2136696,803
CUST00003,Customer_00003,35,Bihar,Salaried,Graduate,1947795,811
CUST00004,Customer_00004,28,West Bengal,Self-Employed,Graduate,2392349,660
CUST00005,Customer_00005,41,Uttar Pradesh,Professional,Graduate,1312491,667
CUST00006,Customer_00006,59,Bihar,Salaried,Graduate,1655574,742
CUST00007,Customer_00007,39,Uttar Pradesh,Professional,Graduate,1051453,685
CUST00008,Customer_00008,43,Haryana,Salaried,Graduate,2009162,713
CUST00009,Customer_00009,31,Uttar Pradesh,Salaried,Under Graduate,1070163,602
CUST00010,Customer_00010,31,Gujarat,Salaried,Graduate,319284,670
CUST00011,Customer_00011,44,Uttar Pradesh,Self-Employed,Graduate,435874,696
CUST00012,Customer_00012,56,Gujarat,Self-Employed,Post Graduate,984715,621
CUST00013,Customer_00013,60,Haryana,Self-Employed,Graduate,1016550,566
CUST00014,Customer_00014,44,Bihar,Self-Employed,Under Graduate,1873335,786
CUST00015,Customer_00015,23,Rajasthan,Salaried,Graduate,1714410,574
CUST00016,Customer_00016,42,Bihar,Salaried,Post Graduate,1515809,807
CUST00017,Customer_00017,22,Maharashtra,Salaried,Graduate,1715019,775
CUST00018,Customer_00018,44,Haryana,Professional,Graduate,442184,713
CUST00019,Customer_00019,50,Maharashtra,Salaried,Post Graduate,875109,724
CUST00020,Customer_00020,58,Delhi,Business,Graduate,685125,746
CUST00021,Customer_00021,22,Maharashtra,Salaried,Under Graduate,2319144,659
CUST00022,Customer_00022,41,Maharashtra,Salaried,Graduate,699220,662
CUST00023,Customer_00023,53,Bihar,Salaried,Under Graduate,2442811,675
CUST00024,Customer_00024,32,Madhya Pradesh,Salaried,Under Graduate,785182,716
CUST00025,Customer_00025,42,Rajasthan,Professional,Graduate,2064287,640
CUST00026,Customer_00026,45,Delhi,Self-Employed,Under Graduate,276195,652
CUST00027,Customer_00027,47,Maharashtra,Professional,Graduate,2308515,840
CUST00028,Customer_00028,48,Uttar Pradesh,Business,Post Graduate,524056,713
CUST00029,Customer_00029,36,Delhi,Self-Employed,Post Graduate,949802,603
CUST00030,Customer_00030,35,Haryana,Self-Employed,Graduate,990753,754
CUST00031,Customer_00031,23,Uttar Pradesh,Self-Employed,Graduate,713373,669
CUST00032,Customer_00032,57,Madhya Pradesh,Self-Employed,Post Graduate,1296918,645
CUST00033,Customer_00033,27,Bihar,Salaried,Under Graduate,2169540,850
CUST00034,Customer_00034,41,Haryana,Salaried,Under Graduate,1208183,696
CUST00035,Customer_00035,29,Karnataka,Self-Employed,Post Graduate,275795,630
CUST00036,Customer_00036,59,Karnataka,Salaried,Graduate,368150,646
CUST00037,Customer_00037,38,Delhi,Self-Employed,Under Graduate,230939,701
CUST00038,Customer_00038,24,Maharashtra,Business,Under Graduate,1223417,701
CUST00039,Customer_00039,45,Haryana,Self-Employed,Graduate,1735843,725
CUST00040,Customer_00040,34,Madhya Pradesh,Self-Employed,Graduate,1927304,562
CUST00041,Customer_00041,29,Uttar Pradesh,Salaried,Under Graduate,622347,606
CUST00042,Customer_00042,46,Rajasthan,Business,Under Graduate,1623971,676
CUST00043,Customer_00043,22,West Bengal,Salaried,Graduate,942032,650
CUST00044,Customer_00044,40,Karnataka,Professional,Under Graduate,185665,609
CUST00045,Customer_00045,48,Uttar Pradesh,Professional,Graduate,2383669,718
CUST00046,Customer_00046,27,Delhi,Professional,Under Graduate,688556,724
CUST00047,Customer_00047,28,Haryana,Salaried,Graduate,1221166,819
CUST00048,Customer_00048,55,Maharashtra,Salaried,Graduate,2023367,743
CUST00049,Customer_00049,34,Rajasthan,Professional,Graduate,312853,726
CUST00050,Customer_00050,37,Delhi,Business,Under Graduate,1881430,677
CUST00051,Customer_00051,56,Rajasthan,Professional,Graduate,645835,850
CUST00052,Customer_00052,60,Uttar Pradesh,Self-Employed,Under Graduate,468116,665
CUST00053,Customer_00053,24,Gujarat,Self-Employed,Graduate,1319319,664
CUST00054,Customer_00054,22,Karnataka,Salaried,Post Graduate,591201,763
CUST00055,Customer_00055,26,Gujarat,Business,Graduate,2230881,570
CUST00056,Customer_00056,24,Delhi,Business,Graduate,894154,684
CUST00057,Customer_00057,49,Bihar,Salaried,Graduate,1590887,698
CUST00058,Customer_00058,38,Maharashtra,Salaried,Graduate,1547205,660
CUST00059,Customer_00059,46,Gujarat,Self-Employed,Post Graduate,541169,769
CUST00060,Customer_00060,54,Bihar,Self-Employed,Graduate,1097404,727
CUST00061,Customer_00061,30,Karnataka,Salaried,Graduate,1829928,712
CUST00062,Customer_00062,56,Uttar Pradesh,Salaried,Graduate,1943928,695
CUST00063,Customer_00063,34,Rajasthan,Salaried,Graduate,1825305,663
CUST00064,Customer_00064,51,Bihar,Salaried,Graduate,1069108,534
CUST00065,Customer_00065,35,West Bengal,Professional,Graduate,866729,731
CUST00066,Customer_00066,28,Uttar Pradesh,Business,Post Graduate,1017037,762
CUST00067,Customer_00067,34,Uttar Pradesh,Business,Graduate,1647364,689
CUST00068,Customer_00068,43,Maharashtra,Business,Post Graduate,1644658,578
CUST00069,Customer_00069,60,Haryana,Salaried,Graduate,1284636,653
CUST00070,Customer_00070,41,Maharashtra,Business,Graduate,666478,654
CUST00071,Customer_00071,36,Maharashtra,Professional,Under Graduate,1537861,656
CUST00072,Customer_00072,38,Uttar Pradesh,Self-Employed,Under Graduate,707789,728
CUST00073,Customer_00073,44,Delhi,Salaried,Graduate,2081730,592
CUST00074,Customer_00074,46,Uttar Pradesh,Business,Graduate,1537738,675
CUST00075,Customer_00075,45,Bihar,Professional,Graduate,1816991,678
CUST00076,Customer_00076,49,Maharashtra,Salaried,Under Graduate,2464189,803
CUST00077,Customer_00077,35,Madhya Pradesh,Salaried,Post Graduate,239198,720
CUST00078,Customer_00078,21,Delhi,Professional,Under Graduate,2260157,657
CUST00079,Customer_00079,45,Madhya Pradesh,Professional,Graduate,945522,794
CUST00080,Customer_00080,27,West Bengal,Self-Employed,Post Graduate,403132,600
CUST00081,Customer_00081,29,West Bengal,Salaried,Post Graduate,1502945,640
CUST00082,Customer_00082,44,Bihar,Salaried,Post Graduate,1716475,554
CUST00083,Customer_00083,21,Delhi,Self-Employed,Graduate,1731815,809
CUST00084,Customer_00084,28,Delhi,Professional,Post Graduate,2409976,706
CUST00085,Customer_00085,44,Karnataka,Salaried,Under Graduate,1722050,674
CUST00086,Customer_00086,31,Rajasthan,Salaried,Under Graduate,1355465,783
CUST00087,Customer_00087,37,Madhya Pradesh,Professional,Graduate,540985,647
CUST00088,Customer_00088,28,Bihar,Salaried,Post Graduate,761022,656
CUST00089,Customer_00089,55,Karnataka,Business,Under Graduate,198774,772
CUST00090,Customer_00090,55,Maharashtra,Salaried,Graduate,294049,647
CUST00091,Customer_00091,53,Maharashtra,Business,Graduate,1220122,654
CUST00092,Customer_00092,25,Bihar,Professional,Graduate,2089926,695
CUST00093,Customer_00093,59,Maharashtra,Salaried,Graduate,1836279,716
CUST00094,Customer_00094,48,Madhya Pradesh,Business,Under Graduate,2467755,745
CUST00095,Customer_00095,27,Uttar Pradesh,Professional,Graduate,867332,674
CUST00096,Customer_00096,29,Bihar,Professional,Post Graduate,1791848,564
CUST00097,Customer_00097,28,Karnataka,Salaried,Graduate,463051,717
CUST00098,Customer_00098,32,Bihar,Self-Employed,Graduate,1950731,705
CUST00099,Customer_00099,54,Delhi,Salaried,Under Graduate,316898,703
CUST00100,Customer_00100,53,Uttar Pradesh,Salaried,Post Graduate,412406,633
CUST00101,Customer_00101,43,Maharashtra,Self-Employed,Graduate,1495415,549
CUST00102,Customer_00102,44,Haryana,Salaried,Under Graduate,2047872,688
CUST00103,Customer_00103,57,Delhi,Business,Graduate,1044733,619
CUST00104,Customer_00104,55,Bihar,Self-Employed,Graduate,832965,732
CUST00105,Customer_00105,60,West Bengal,Business,Post Graduate,1471261,746
CUST00106,Customer_00106,42,Karnataka,Business,Graduate,1290506,574
CUST00107,Customer_00107,47,West Bengal,Salaried,Post Graduate,1982177,637
CUST00108,Customer_00108,55,Bihar,Self-Employed,Post Graduate,1282229,818
CUST00109,Customer_00109,21,Maharashtra,Business,Graduate,1712618,657
CUST00110,Customer_00110,55,Gujarat,Salaried,Post Graduate,1312990,705
CUST00111,Customer_00111,57,Gujarat,Salaried,Graduate,2263514,756
CUST00112,Customer_00112,34,Uttar Pradesh,Business,Post Graduate,2019051,707
CUST00113,Customer_00113,23,Haryana,Salaried,Graduate,1692467,772
CUST00114,Customer_00114,21,Uttar Pradesh,Business,Under Graduate,1523350,760
CUST00115,Customer_00115,25,Rajasthan,Professional,Under Graduate,1671528,790
CUST00116,Customer_00116,46,Bihar,Self-Employed,Graduate,1800394,703
CUST00117,Customer_00117,34,Delhi,Business,Under Graduate,426713,660
CUST00118,Customer_00118,59,Maharashtra,Salaried,Post Graduate,445041,591
CUST00119,Customer_00119,47,Haryana,Business,Post Graduate,1465480,721
CUST00120,Customer_00120,29,Madhya Pradesh,Business,Under Graduate,1966449,783
CUST00121,Customer_00121,35,Haryana,Salaried,Graduate,1459783,634
CUST00122,Customer_00122,35,West Bengal,Self-Employed,Graduate,1111866,643
CUST00123,Customer_00123,46,Gujarat,Self-Employed,Graduate,1261455,663
CUST00124,Customer_00124,33,West Bengal,Salaried,Graduate,741526,622
CUST00125,Customer_00125,52,Uttar Pradesh,Professional,Graduate,521306,701
CUST00126,Customer_00126,59,Bihar,Salaried,Graduate,509063,652
CUST00127,Customer_00127,52,Uttar Pradesh,Self-Employed,Graduate,1268065,601
CUST00128,Customer_00128,24,Maharashtra,Salaried,Post Graduate,2018978,628
CUST00129,Customer_00129,50,Haryana,Self-Employed,Graduate,1933449,798
CUST00130,Customer_00130,57,Uttar Pradesh,Business,Graduate,2216694,698
CUST00131,Customer_00131,43,Rajasthan,Self-Employed,Graduate,1264155,799
CUST00132,Customer_00132,59,Madhya Pradesh,Business,Post Graduate,423700,649
CUST00133,Customer_00133,35,Madhya Pradesh,Business,Under Graduate,1156135,581
CUST00134,Customer_00134,49,Rajasthan,Salaried,Graduate,2167359,670
CUST00135,Customer_00135,56,Haryana,Salaried,Post Graduate,2269234,813
CUST00136,Customer_00136,33,Uttar Pradesh,Salaried,Under Graduate,817323,516
CUST00137,Customer_00137,52,Maharashtra,Salaried,Under Graduate,1700952,559
CUST00138,Customer_00138,27,Madhya Pradesh,Salaried,Post Graduate,1852073,668
CUST00139,Customer_00139,42,Gujarat,Professional,Graduate,1711853,769
CUST00140,Customer_00140,48,Bihar,Professional,Graduate,1869434,612
CUST00141,Customer_00141,22,Karnataka,Salaried,Graduate,409867,703
CUST00142,Customer_00142,26,Bihar,Salaried,Post Graduate,572980,686
CUST00143,Customer_00143,48,Bihar,Salaried,Graduate,433571,780
CUST00144,Customer_00144,48,Uttar Pradesh,Business,Post Graduate,1356210,850
CUST00145,Customer_00145,40,Madhya Pradesh,Self-Employed,Graduate,2027615,631
CUST00146,Customer_00146,50,Gujarat,Self-Employed,Graduate,1589674,663
CUST00147,Customer_00147,31,Uttar Pradesh,Self-Employed,Under Graduate,1320000,685
CUST00148,Customer_00148,48,Maharashtra,Business,Under Graduate,1733891,629
CUST00149,Customer_00149,45,Haryana,Salaried,Post Graduate,1686058,823
CUST00150,Customer_00150,59,Bihar,Salaried,Graduate,1921408,606
CUST00151,Customer_00151,53,Maharashtra,Salaried,Under Graduate,1392041,784
CUST00152,Customer_00152,21,Gujarat,Salaried,Graduate,1681148,658
CUST00153,Customer_00153,47,Maharashtra,Professional,Post Graduate,2452024,685
CUST00154,Customer_00154,33,Karnataka,Salaried,Graduate,2080483,699
CUST00155,Customer_00155,23,Uttar Pradesh,Salaried,Post Graduate,1764118,654
CUST00156,Customer_00156,59,Gujarat,Professional,Post Graduate,697176,748
CUST00157,Customer_00157,26,Rajasthan,Salaried,Under Graduate,1205313,722
CUST00158,Customer_00158,28,Karnataka,Salaried,Post Graduate,1186540,805
CUST00159,Customer_00159,47,Uttar Pradesh,Business,Under Graduate,1551698,738
CUST00160,Customer_00160,29,Gujarat,Business,Graduate,575269,600
CUST00161,Customer_00161,57,Madhya Pradesh,Salaried,Post Graduate,260727,679
CUST00162,Customer_00162,53,Rajasthan,Business,Graduate,2036392,809
CUST00163,Customer_00163,44,Rajasthan,Business,Graduate,381729,647
CUST00164,Customer_00164,35,Delhi,Salaried,Post Graduate,1064499,801
CUST00165,Customer_00165,52,West Bengal,Self-Employed,Under Graduate,923002,744
CUST00166,Customer_00166,52,Uttar Pradesh,Self-Employed,Graduate,539173,750
CUST00167,Customer_00167,44,Uttar Pradesh,Professional,Graduate,1464849,530
CUST00168,Customer_00168,32,Haryana,Professional,Graduate,1315990,722
CUST00169,Customer_00169,59,Uttar Pradesh,Salaried,Under Graduate,892151,846
CUST00170,Customer_00170,22,West Bengal,Self-Employed,Graduate,1697134,625
CUST00171,Customer_00171,23,Madhya Pradesh,Salaried,Graduate,713807,809
CUST00172,Customer_00172,57,Gujarat,Salaried,Graduate,1179481,704
CUST00173,Customer_00173,37,Maharashtra,Salaried,Graduate,1057993,630
CUST00174,Customer_00174,22,Maharashtra,Self-Employed,Post Graduate,1651689,669
CUST00175,Customer_00175,22,Gujarat,Self-Employed,Under Graduate,919357,562
CUST00176,Customer_00176,48,Karnataka,Salaried,Graduate,2105270,693
CUST00177,Customer_00177,43,West Bengal,Business,Graduate,2283536,721
CUST00178,Customer_00178,57,Maharashtra,Business,Under Graduate,1408546,850
CUST00179,Customer_00179,52,Uttar Pradesh,Business,Under Graduate,1133945,719
CUST00180,Customer_00180,53,Uttar Pradesh,Salaried,Graduate,827073,797
CUST00181,Customer_00181,21,Karnataka,Business,Graduate,1790781,615
CUST00182,Customer_00182,39,Maharashtra,Professional,Under Graduate,1706225,676
CUST00183,Customer_00183,22,Uttar Pradesh,Salaried,Post Graduate,2057140,714
CUST00184,Customer_00184,46,Maharashtra,Salaried,Under Graduate,1706133,625
CUST00185,Customer_00185,52,Bihar,Professional,Graduate,1630583,674
CUST00186,Customer_00186,26,West Bengal,Self-Employed,Post Graduate,265424,763
CUST00187,Customer_00187,52,Rajasthan,Self-Employed,Post Graduate,492792,850
CUST00188,Customer_00188,24,Maharashtra,Salaried,Under Graduate,1734967,752
CUST00189,Customer_00189,31,Bihar,Self-Employed,Under Graduate,1809722,637
CUST00190,Customer_00190,37,Bihar,Salaried,Graduate,585107,687
CUST00191,Customer_00191,58,Uttar Pradesh,Salaried,Post Graduate,1919027,611
CUST00192,Customer_00192,44,Uttar Pradesh,Self-Employed,Graduate,1324518,709
CUST00193,Customer_00193,25,Gujarat,Salaried,Under Graduate,998055,802
CUST00194,Customer_00194,54,Uttar Pradesh,Business,Post Graduate,291258,713
CUST00195,Customer_00195,26,Maharashtra,Professional,Under Graduate,2048557,689
CUST00196,Customer_00196,42,Bihar,Self-Employed,Graduate,283232,685
CUST00197,Customer_00197,31,Delhi,Self-Employed,Graduate,1304627,705
CUST00198,Customer_00198,36,Madhya Pradesh,Salaried,Graduate,618597,815
CUST00199,Customer_00199,53,Gujarat,Salaried,Graduate,1761568,748
CUST00200,Customer_00200,29,Madhya Pradesh,Professional,Graduate,846770,613
CUST00201,Customer_00201,26,Gujarat,Salaried,Under Graduate,989334,646
CUST00202,Customer_00202,36,Uttar Pradesh,Salaried,Graduate,389807,782
CUST00203,Customer_00203,49,West Bengal,Self-Employed,Post Graduate,251629,721
CUST00204,Customer_00204,23,Uttar Pradesh,Self-Employed,Under Graduate,621569,553
CUST00205,Customer_00205,40,Bihar,Salaried,Under Graduate,2300270,769
CUST00206,Customer_00206,56,Delhi,Salaried,Graduate,1732384,658
CUST00207,Customer_00207,39,Rajasthan,Business,Graduate,1925620,637
CUST00208,Customer_00208,46,West Bengal,Salaried,Graduate,394298,768
CUST00209,Customer_00209,23,Rajasthan,Salaried,Graduate,791446,764
CUST00210,Customer_00210,39,Karnataka,Salaried,Post Graduate,1898138,682
CUST00211,Customer_00211,40,Haryana,Salaried,Post Graduate,1572866,723
CUST00212,Customer_00212,52,West Bengal,Self-Employed,Post Graduate,1194807,644
CUST00213,Customer_00213,27,Karnataka,Self-Employed,Under Graduate,2200029,634
CUST00214,Customer_00214,53,Karnataka,Business,Under Graduate,2133074,663
CUST00215,Customer_00215,60,Delhi,Salaried,Under Graduate,371425,664
CUST00216,Customer_00216,59,Bihar,Salaried,Under Graduate,664845,645
CUST00217,Customer_00217,38,Uttar Pradesh,Salaried,Graduate,2139419,756
CUST00218,Customer_00218,60,Gujarat,Salaried,Graduate,353876,698
CUST00219,Customer_00219,21,West Bengal,Salaried,Graduate,643960,618
CUST00220,Customer_00220,31,Delhi,Salaried,Post Graduate,1277591,643
CUST00221,Customer_00221,48,Karnataka,Salaried,Post Graduate,525843,598
CUST00222,Customer_00222,45,Haryana,Self-Employed,Graduate,1569440,684
CUST00223,Customer_00223,43,Uttar Pradesh,Salaried,Under Graduate,2472115,799
CUST00224,Customer_00224,51,Maharashtra,Salaried,Graduate,1512811,712
CUST00225,Customer_00225,50,Bihar,Salaried,Under Graduate,2159062,698
CUST00226,Customer_00226,55,Uttar Pradesh,Salaried,Graduate,2412255,579
CUST00227,Customer_00227,27,Madhya Pradesh,Self-Employed,Graduate,764356,793
CUST00228,Customer_00228,36,West Bengal,Salaried,Graduate,2107357,693
CUST00229,Customer_00229,46,Delhi,Salaried,Graduate,1082161,698
CUST00230,Customer_00230,22,Bihar,Salaried,Graduate,2052615,604
CUST00231,Customer_00231,21,Uttar Pradesh,Salaried,Post Graduate,421053,681
CUST00232,Customer_00232,32,Maharashtra,Business,Graduate,1434625,621
CUST00233,Customer_00233,25,Rajasthan,Professional,Under Graduate,2016745,639
CUST00234,Customer_00234,57,Bihar,Salaried,Graduate,1456465,562
CUST00235,Customer_00235,52,Uttar Pradesh,Self-Employed,Graduate,637475,544
CUST00236,Customer_00236,29,Rajasthan,Salaried,Under Graduate,1477090,850
CUST00237,Customer_00237,55,Maharashtra,Salaried,Graduate,1219927,705
CUST00238,Customer_00238,39,Karnataka,Salaried,Post Graduate,2497787,776
CUST00239,Customer_00239,36,Uttar Pradesh,Business,Graduate,304565,668
CUST00240,Customer_00240,23,Uttar Pradesh,Salaried,Graduate,2175040,677
CUST00241,Customer_00241,40,Uttar Pradesh,Professional,Graduate,2186632,611
CUST00242,Customer_00242,44,Bihar,Salaried,Graduate,362305,736
CUST00243,Customer_00243,53,Gujarat,Salaried,Graduate,562407,746
CUST00244,Customer_00244,44,Delhi,Business,Post Graduate,955392,729
CUST00245,Customer_00245,31,Rajasthan,Professional,Under Graduate,1457407,690
CUST00246,Customer_00246,28,Gujarat,Business,Graduate,1230430,712
CUST00247,Customer_00247,56,Bihar,Business,Under Graduate,1272480,658
CUST00248,Customer_00248,58,Gujarat,Salaried,Graduate,988866,768
CUST00249,Customer_00249,60,Uttar Pradesh,Salaried,Under Graduate,2315260,588
CUST00250,Customer_00250,40,Bihar,Salaried,Under Graduate,1767840,630
CUST00251,Customer_00251,55,Haryana,Salaried,Graduate,491427,673
CUST00252,Customer_00252,45,Haryana,Professional,Under Graduate,1940159,595
CUST00253,Customer_00253,55,Delhi,Business,Graduate,448301,575
CUST00254,Customer_00254,45,Maharashtra,Business,Graduate,604086,674
CUST00255,Customer_00255,49,Maharashtra,Salaried,Post Graduate,2358733,657
CUST00256,Customer_00256,38,West Bengal,Self-Employed,Under Graduate,1347770,678
CUST00257,Customer_00257,38,Uttar Pradesh,Business,Under Graduate,950851,691
CUST00258,Customer_00258,22,Maharashtra,Self-Employed,Graduate,617443,735
CUST00259,Customer_00259,55,Uttar Pradesh,Salaried,Post Graduate,2102120,697
CUST00260,Customer_00260,36,Bihar,Business,Graduate,1708001,821
CUST00261,Customer_00261,56,Maharashtra,Self-Employed,Graduate,553673,705
CUST00262,Customer_00262,53,Rajasthan,Professional,Graduate,2017684,806
CUST00263,Customer_00263,24,Rajasthan,Salaried,Graduate,592077,769
CUST00264,Customer_00264,53,Karnataka,Salaried,Graduate,2424084,776
CUST00265,Customer_00265,34,Uttar Pradesh,Self-Employed,Under Graduate,509944,574
CUST00266,Customer_00266,41,Maharashtra,Salaried,Graduate,867100,704
CUST00267,Customer_00267,40,Madhya Pradesh,Self-Employed,Under Graduate,564622,718
CUST00268,Customer_00268,28,Madhya Pradesh,Salaried,Graduate,2409193,668
CUST00269,Customer_00269,27,Rajasthan,Professional,Under Graduate,2277752,702
CUST00270,Customer_00270,23,Haryana,Business,Graduate,2183303,614
CUST00271,Customer_00271,37,Uttar Pradesh,Salaried,Post Graduate,988757,798
CUST00272,Customer_00272,53,Haryana,Salaried,Post Graduate,1634500,691
CUST00273,Customer_00273,32,Rajasthan,Self-Employed,Under Graduate,670052,721
CUST00274,Customer_00274,42,Uttar Pradesh,Business,Graduate,2292004,631
CUST00275,Customer_00275,42,Karnataka,Salaried,Graduate,1419211,808
CUST00276,Customer_00276,50,Gujarat,Salaried,Post Graduate,1427886,752
CUST00277,Customer_00277,58,Uttar Pradesh,Self-Employed,Graduate,1093218,768
CUST00278,Customer_00278,58,Uttar Pradesh,Self-Employed,Post Graduate,2107936,842
CUST00279,Customer_00279,28,Uttar Pradesh,Salaried,Graduate,1773239,674
CUST00280,Customer_00280,47,Madhya Pradesh,Business,Graduate,837337,735
CUST00281,Customer_00281,47,Uttar Pradesh,Professional,Graduate,2127149,729
CUST00282,Customer_00282,54,Maharashtra,Salaried,Graduate,2485229,648
CUST00283,Customer_00283,41,Uttar Pradesh,Self-Employed,Under Graduate,226828,719
CUST00284,Customer_00284,50,Delhi,Salaried,Graduate,1038045,630
CUST00285,Customer_00285,53,Haryana,Salaried,Post Graduate,757015,688
CUST00286,Customer_00286,48,Haryana,Salaried,Graduate,307634,569
CUST00287,Customer_00287,53,Uttar Pradesh,Salaried,Graduate,703091,631
CUST00288,Customer_00288,25,Karnataka,Business,Graduate,252150,553
CUST00289,Customer_00289,39,Gujarat,Self-Employed,Graduate,637569,804
CUST00290,Customer_00290,24,Karnataka,Salaried,Under Graduate,1685603,740
CUST00291,Customer_00291,55,Rajasthan,Salaried,Under Graduate,542087,655
CUST00292,Customer_00292,37,Rajasthan,Self-Employed,Under Graduate,1855984,634
CUST00293,Customer_00293,48,Haryana,Salaried,Graduate,824825,776
CUST00294,Customer_00294,50,Uttar Pradesh,Salaried,Post Graduate,427725,823
CUST00295,Customer_00295,49,Rajasthan,Self-Employed,Under Graduate,976371,749
CUST00296,Customer_00296,26,Haryana,Professional,Graduate,350482,790
CUST00297,Customer_00297,55,Haryana,Salaried,Post Graduate,2210482,689
CUST00298,Customer_00298,57,West Bengal,Self-Employed,Post Graduate,1147127,534
CUST00299,Customer_00299,44,Gujarat,Salaried,Post Graduate,1684653,682
CUST00300,Customer_00300,49,Maharashtra,Self-Employed,Post Graduate,2250643,700
CUST00301,Customer_00301,51,Uttar Pradesh,Self-Employed,Post Graduate,2056106,770
CUST00302,Customer_00302,55,Rajasthan,Business,Post Graduate,1796919,661
CUST00303,Customer_00303,53,Rajasthan,Self-Employed,Under Graduate,1778390,603
CUST00304,Customer_00304,41,Maharashtra,Salaried,Graduate,1193410,556
CUST00305,Customer_00305,52,Uttar Pradesh,Salaried,Post Graduate,234571,740
CUST00306,Customer_00306,43,Madhya Pradesh,Salaried,Graduate,394691,668
CUST00307,Customer_00307,53,Delhi,Self-Employed,Under Graduate,839470,607
CUST00308,Customer_00308,23,West Bengal,Business,Graduate,2456669,737
CUST00309,Customer_00309,38,Delhi,Self-Employed,Graduate,1926779,750
CUST00310,Customer_00310,45,Haryana,Business,Under Graduate,2308049,675
CUST00311,Customer_00311,51,Madhya Pradesh,Salaried,Post Graduate,1987821,765
CUST00312,Customer_00312,23,West Bengal,Salaried,Graduate,1370156,739
CUST00313,Customer_00313,60,Gujarat,Salaried,Graduate,1804402,679
CUST00314,Customer_00314,44,Karnataka,Salaried,Under Graduate,581799,674
CUST00315,Customer_00315,52,West Bengal,Salaried,Graduate,2078636,665
CUST00316,Customer_00316,42,Karnataka,Business,Graduate,2108208,690
CUST00317,Customer_00317,43,Bihar,Salaried,Post Graduate,1817919,802
CUST00318,Customer_00318,22,Uttar Pradesh,Self-Employed,Post Graduate,1281693,779
CUST00319,Customer_00319,47,Uttar Pradesh,Business,Post Graduate,265128,729
CUST00320,Customer_00320,22,Uttar Pradesh,Salaried,Post Graduate,897418,827
CUST00321,Customer_00321,46,Uttar Pradesh,Business,Under Graduate,1729473,776
CUST00322,Customer_00322,37,Maharashtra,Salaried,Under Graduate,1908492,679
CUST00323,Customer_00323,60,Bihar,Salaried,Post Graduate,1471008,733
CUST00324,Customer_00324,53,Madhya Pradesh,Salaried,Graduate,1707221,792
CUST00325,Customer_00325,29,Delhi,Salaried,Graduate,1769023,697
CUST00326,Customer_00326,59,Maharashtra,Business,Post Graduate,1642653,674
CUST00327,Customer_00327,49,Gujarat,Business,Graduate,1059970,827
CUST00328,Customer_00328,46,Gujarat,Salaried,Graduate,2159636,731
CUST00329,Customer_00329,55,Madhya Pradesh,Salaried,Post Graduate,1036688,768
CUST00330,Customer_00330,45,Karnataka,Salaried,Under Graduate,2360785,637
CUST00331,Customer_00331,44,Uttar Pradesh,Self-Employed,Graduate,311002,758
CUST00332,Customer_00332,33,Uttar Pradesh,Salaried,Post Graduate,215280,676
CUST00333,Customer_00333,27,Bihar,Self-Employed,Post Graduate,1136950,687
CUST00334,Customer_00334,56,Uttar Pradesh,Business,Graduate,805270,618
CUST00335,Customer_00335,40,Madhya Pradesh,Salaried,Post Graduate,737337,673
CUST00336,Customer_00336,21,Bihar,Professional,Graduate,393421,583
CUST00337,Customer_00337,28,Maharashtra,Salaried,Graduate,1894756,775
CUST00338,Customer_00338,36,Uttar Pradesh,Professional,Post Graduate,1421945,649
CUST00339,Customer_00339,34,Bihar,Salaried,Post Graduate,1506725,716
CUST00340,Customer_00340,32,Madhya Pradesh,Salaried,Graduate,929820,603
CUST00341,Customer_00341,43,Madhya Pradesh,Business,Graduate,1351369,727
CUST00342,Customer_00342,35,Uttar Pradesh,Business,Post Graduate,1149868,500
CUST00343,Customer_00343,48,Uttar Pradesh,Business,Graduate,2385965,622
CUST00344,Customer_00344,54,Uttar Pradesh,Salaried,Graduate,633992,792
CUST00345,Customer_00345,22,Uttar Pradesh,Professional,Graduate,1033656,640
CUST00346,Customer_00346,52,Karnataka,Salaried,Post Graduate,2365007,674
CUST00347,Customer_00347,43,Uttar Pradesh,Salaried,Under Graduate,1992951,528
CUST00348,Customer_00348,42,Delhi,Salaried,Under Graduate,2277968,792
CUST00349,Customer_00349,45,Karnataka,Business,Graduate,961472,671
CUST00350,Customer_00350,42,Uttar Pradesh,Self-Employed,Graduate,1850974,789
CUST00351,Customer_00351,42,Rajasthan,Salaried,Post Graduate,1655237,638
CUST00352,Customer_00352,26,West Bengal,Salaried,Under Graduate,1370094,579
CUST00353,Customer_00353,35,Haryana,Salaried,Graduate,1111319,796
CUST00354,Customer_00354,57,Rajasthan,Salaried,Graduate,1059527,720
CUST00355,Customer_00355,53,Delhi,Self-Employed,Graduate,1071968,698
CUST00356,Customer_00356,28,Haryana,Self-Employed,Post Graduate,1828906,645
CUST00357,Customer_00357,25,Bihar,Self-Employed,Graduate,1885656,780
CUST00358,Customer_00358,59,Karnataka,Professional,Under Graduate,1517199,552
CUST00359,Customer_00359,24,Rajasthan,Salaried,Graduate,1589958,750
CUST00360,Customer_00360,26,Rajasthan,Salaried,Graduate,238656,600
CUST00361,Customer_00361,52,West Bengal,Self-Employed,Graduate,2049084,724
CUST00362,Customer_00362,50,Haryana,Self-Employed,Graduate,1785831,839
CUST00363,Customer_00363,55,Bihar,Self-Employed,Post Graduate,228625,687
CUST00364,Customer_00364,60,Uttar Pradesh,Professional,Post Graduate,2413298,684
CUST00365,Customer_00365,36,Gujarat,Self-Employed,Graduate,1407778,651
CUST00366,Customer_00366,33,Gujarat,Salaried,Post Graduate,986809,678
CUST00367,Customer_00367,50,Gujarat,Salaried,Post Graduate,1792565,657
CUST00368,Customer_00368,39,West Bengal,Business,Graduate,1279325,692
CUST00369,Customer_00369,37,Karnataka,Business,Graduate,2149099,669
CUST00370,Customer_00370,39,Rajasthan,Salaried,Graduate,2380813,677
CUST00371,Customer_00371,48,Uttar Pradesh,Salaried,Graduate,1640540,648
CUST00372,Customer_00372,46,Rajasthan,Self-Employed,Graduate,733263,681
CUST00373,Customer_00373,57,Gujarat,Self-Employed,Graduate,872954,687
CUST00374,Customer_00374,46,Madhya Pradesh,Salaried,Graduate,969681,815
CUST00375,Customer_00375,43,Madhya Pradesh,Self-Employed,Under Graduate,298589,809
CUST00376,Customer_00376,29,Rajasthan,Salaried,Graduate,2339081,715
CUST00377,Customer_00377,32,Maharashtra,Professional,Graduate,538036,657
CUST00378,Customer_00378,21,Maharashtra,Salaried,Post Graduate,725829,716
CUST00379,Customer_00379,21,Rajasthan,Business,Graduate,1928597,629
CUST00380,Customer_00380,54,Uttar Pradesh,Self-Employed,Graduate,1843458,648
CUST00381,Customer_00381,52,Bihar,Salaried,Graduate,985855,694
CUST00382,Customer_00382,45,Bihar,Self-Employed,Under Graduate,1811715,640
CUST00383,Customer_00383,60,Madhya Pradesh,Salaried,Graduate,2342704,642
CUST00384,Customer_00384,21,Uttar Pradesh,Self-Employed,Under Graduate,2415307,655
CUST00385,Customer_00385,36,Haryana,Self-Employed,Post Graduate,733406,850
CUST00386,Customer_00386,59,Madhya Pradesh,Salaried,Post Graduate,1405309,703
CUST00387,Customer_00387,25,Gujarat,Salaried,Post Graduate,429377,560
CUST00388,Customer_00388,42,Gujarat,Business,Graduate,1942313,705
CUST00389,Customer_00389,49,Maharashtra,Salaried,Graduate,1140275,724
CUST00390,Customer_00390,23,Rajasthan,Self-Employed,Graduate,1686081,685
CUST00391,Customer_00391,32,West Bengal,Salaried,Graduate,2283382,736
CUST00392,Customer_00392,46,Delhi,Professional,Under Graduate,2047657,647
CUST00393,Customer_00393,36,West Bengal,Self-Employed,Post Graduate,1657837,679
CUST00394,Customer_00394,57,Delhi,Self-Employed,Graduate,386804,683
CUST00395,Customer_00395,42,Uttar Pradesh,Salaried,Post Graduate,1810995,638
CUST00396,Customer_00396,49,Uttar Pradesh,Salaried,Under Graduate,1202328,619
CUST00397,Customer_00397,34,Madhya Pradesh,Salaried,Under Graduate,379083,696
CUST00398,Customer_00398,48,Bihar,Salaried,Post Graduate,1139891,707
CUST00399,Customer_00399,25,Maharashtra,Self-Employed,Graduate,1135352,480
CUST00400,Customer_00400,50,Haryana,Self-Employed,Graduate,1021048,651
CUST00401,Customer_00401,25,Bihar,Salaried,Graduate,601705,669
CUST00402,Customer_00402,32,Maharashtra,Self-Employed,Graduate,2445603,704
CUST00403,Customer_00403,36,Haryana,Salaried,Graduate,679634,752
CUST00404,Customer_00404,46,Haryana,Salaried,Under Graduate,1509886,667
CUST00405,Customer_00405,46,Bihar,Business,Under Graduate,1627955,734
CUST00406,Customer_00406,41,Haryana,Self-Employed,Post Graduate,1400618,587
CUST00407,Customer_00407,59,Karnataka,Self-Employed,Post Graduate,791347,791
CUST00408,Customer_00408,56,Bihar,Salaried,Graduate,813726,686
CUST00409,Customer_00409,53,Uttar Pradesh,Salaried,Graduate,1634412,577
CUST00410,Customer_00410,50,Uttar Pradesh,Salaried,Under Graduate,1971522,735
CUST00411,Customer_00411,57,Rajasthan,Business,Graduate,1807085,670
CUST00412,Customer_00412,43,Bihar,Self-Employed,Post Graduate,656242,828
CUST00413,Customer_00413,30,West Bengal,Salaried,Graduate,259863,810
CUST00414,Customer_00414,25,Delhi,Business,Under Graduate,1647104,757
CUST00415,Customer_00415,56,Delhi,Salaried,Post Graduate,296536,474
CUST00416,Customer_00416,54,West Bengal,Business,Post Graduate,2322252,673
CUST00417,Customer_00417,51,Karnataka,Salaried,Graduate,1788309,785
CUST00418,Customer_00418,30,Maharashtra,Salaried,Graduate,1556549,753
CUST00419,Customer_00419,39,Uttar Pradesh,Salaried,Graduate,822172,621
CUST00420,Customer_00420,52,Delhi,Salaried,Graduate,2196803,682
CUST00421,Customer_00421,21,Bihar,Business,Under Graduate,1325175,735
CUST00422,Customer_00422,25,Rajasthan,Business,Under Graduate,1321627,570
CUST00423,Customer_00423,24,Gujarat,Self-Employed,Graduate,2289606,577
CUST00424,Customer_00424,36,Karnataka,Business,Graduate,2063329,850
CUST00425,Customer_00425,44,Bihar,Salaried,Under Graduate,992155,667
CUST00426,Customer_00426,36,Haryana,Professional,Graduate,2052953,547
CUST00427,Customer_00427,22,Maharashtra,Professional,Graduate,1163919,638
CUST00428,Customer_00428,48,Gujarat,Salaried,Graduate,1140961,714
CUST00429,Customer_00429,52,Uttar Pradesh,Salaried,Graduate,1068627,750
CUST00430,Customer_00430,47,Karnataka,Business,Graduate,2457592,641
CUST00431,Customer_00431,40,Uttar Pradesh,Salaried,Graduate,2022657,600
CUST00432,Customer_00432,44,Delhi,Business,Post Graduate,1742726,755
CUST00433,Customer_00433,32,Uttar Pradesh,Salaried,Post Graduate,1667364,619
CUST00434,Customer_00434,55,Maharashtra,Self-Employed,Graduate,695882,671
CUST00435,Customer_00435,53,Rajasthan,Self-Employed,Graduate,1468455,740
CUST00436,Customer_00436,53,Bihar,Salaried,Under Graduate,2458109,654
CUST00437,Customer_00437,57,Maharashtra,Salaried,Post Graduate,726622,840
CUST00438,Customer_00438,32,Bihar,Salaried,Graduate,1823971,626
CUST00439,Customer_00439,23,Delhi,Self-Employed,Graduate,2054850,662
CUST00440,Customer_00440,21,Gujarat,Business,Graduate,1239270,660
CUST00441,Customer_00441,53,Uttar Pradesh,Salaried,Graduate,1831231,642
CUST00442,Customer_00442,60,Delhi,Business,Under Graduate,1195786,771
CUST00443,Customer_00443,30,Uttar Pradesh,Salaried,Graduate,391808,664
CUST00444,Customer_00444,49,Madhya Pradesh,Self-Employed,Post Graduate,2145079,850
CUST00445,Customer_00445,33,Maharashtra,Professional,Graduate,560209,698
CUST00446,Customer_00446,32,Madhya Pradesh,Salaried,Under Graduate,1908885,706
CUST00447,Customer_00447,51,Maharashtra,Professional,Graduate,2128858,573
CUST00448,Customer_00448,22,West Bengal,Self-Employed,Graduate,1310460,647
CUST00449,Customer_00449,55,Maharashtra,Salaried,Post Graduate,1089605,741
CUST00450,Customer_00450,43,Maharashtra,Business,Post Graduate,1591493,731
CUST00451,Customer_00451,37,Maharashtra,Salaried,Post Graduate,1324980,610
CUST00452,Customer_00452,46,Karnataka,Salaried,Post Graduate,988109,655
CUST00453,Customer_00453,28,Gujarat,Self-Employed,Graduate,2419684,449
CUST00454,Customer_00454,49,Delhi,Business,Graduate,793789,631
CUST00455,Customer_00455,46,Karnataka,Business,Post Graduate,1941447,820
CUST00456,Customer_00456,30,Karnataka,Salaried,Post Graduate,2178917,707
CUST00457,Customer_00457,46,Delhi,Professional,Graduate,743012,774
CUST00458,Customer_00458,54,Maharashtra,Business,Post Graduate,1898697,564
CUST00459,Customer_00459,27,Haryana,Professional,Under Graduate,255153,697
CUST00460,Customer_00460,24,Maharashtra,Salaried,Post Graduate,2345260,681
CUST00461,Customer_00461,31,Delhi,Self-Employed,Graduate,1197462,643
CUST00462,Customer_00462,49,Gujarat,Business,Graduate,1542131,673
CUST00463,Customer_00463,56,Delhi,Salaried,Graduate,425861,650
CUST00464,Customer_00464,45,Madhya Pradesh,Professional,Graduate,2496052,603
CUST00465,Customer_00465,41,Gujarat,Salaried,Graduate,320995,700
CUST00466,Customer_00466,56,West Bengal,Salaried,Graduate,2334828,756
CUST00467,Customer_00467,30,Uttar Pradesh,Professional,Graduate,734470,631
CUST00468,Customer_00468,57,Maharashtra,Professional,Graduate,2198492,635
CUST00469,Customer_00469,29,Madhya Pradesh,Salaried,Graduate,263042,750
CUST00470,Customer_00470,44,West Bengal,Salaried,Graduate,1205959,694
CUST00471,Customer_00471,55,Uttar Pradesh,Business,Graduate,931002,664
CUST00472,Customer_00472,55,Uttar Pradesh,Professional,Graduate,488153,697
CUST00473,Customer_00473,56,Uttar Pradesh,Self-Employed,Graduate,1160697,845
CUST00474,Customer_00474,38,Uttar Pradesh,Self-Employed,Under Graduate,268618,776
CUST00475,Customer_00475,59,Karnataka,Business,Post Graduate,1213122,819
CUST00476,Customer_00476,52,Delhi,Salaried,Graduate,2168423,745
CUST00477,Customer_00477,44,Gujarat,Professional,Under Graduate,1661699,633
CUST00478,Customer_00478,43,Rajasthan,Salaried,Graduate,548529,657
CUST00479,Customer_00479,52,Haryana,Self-Employed,Post Graduate,1728242,633
CUST00480,Customer_00480,57,Uttar Pradesh,Self-Employed,Graduate,1392887,737
CUST00481,Customer_00481,32,Bihar,Self-Employed,Under Graduate,2210690,667
CUST00482,Customer_00482,33,Rajasthan,Business,Graduate,233569,627
CUST00483,Customer_00483,43,Uttar Pradesh,Professional,Graduate,2240428,681
CUST00484,Customer_00484,45,Bihar,Self-Employed,Graduate,2247564,585
CUST00485,Customer_00485,55,Maharashtra,Business,Under Graduate,1173592,766
CUST00486,Customer_00486,50,Uttar Pradesh,Salaried,Graduate,220584,618
CUST00487,Customer_00487,37,Uttar Pradesh,Business,Graduate,1672088,758
CUST00488,Customer_00488,40,Delhi,Salaried,Graduate,1871201,725
CUST00489,Customer_00489,45,Uttar Pradesh,Salaried,Under Graduate,1687821,733
CUST00490,Customer_00490,42,West Bengal,Salaried,Graduate,1192879,604
CUST00491,Customer_00491,33,Uttar Pradesh,Self-Employed,Post Graduate,313229,695
CUST00492,Customer_00492,39,Haryana,Professional,Graduate,1462531,651
CUST00493,Customer_00493,56,Karnataka,Self-Employed,Post Graduate,1022496,559
CUST00494,Customer_00494,32,West Bengal,Salaried,Graduate,389105,798
CUST00495,Customer_00495,39,Karnataka,Salaried,Graduate,1728441,683
CUST00496,Customer_00496,32,Maharashtra,Self-Employed,Under Graduate,1121995,656
CUST00497,Customer_00497,29,Bihar,Salaried,Post Graduate,916900,793
CUST00498,Customer_00498,27,Bihar,Salaried,Under Graduate,2097460,763
CUST00499,Customer_00499,48,Uttar Pradesh,Self-Employed,Post Graduate,496962,850
CUST00500,Customer_00500,34,Uttar Pradesh,Professional,Graduate,261255,619
CUST00501,Customer_00501,51,Karnataka,Salaried,Post Graduate,608341,647
CUST00502,Customer_00502,39,Madhya Pradesh,Salaried,Post Graduate,538873,835
CUST00503,Customer_00503,36,Madhya Pradesh,Business,Graduate,882191,626
CUST00504,Customer_00504,25,Karnataka,Business,Graduate,2058315,635
CUST00505,Customer_00505,55,Gujarat,Business,Graduate,2399011,684
CUST00506,Customer_00506,32,Gujarat,Salaried,Graduate,1082312,814
CUST00507,Customer_00507,45,Haryana,Salaried,Graduate,1419050,650
CUST00508,Customer_00508,41,Uttar Pradesh,Professional,Under Graduate,2266572,850
CUST00509,Customer_00509,56,Bihar,Salaried,Under Graduate,278911,689
CUST00510,Customer_00510,43,West Bengal,Self-Employed,Post Graduate,906154,791
CUST00511,Customer_00511,36,Karnataka,Salaried,Graduate,2088410,664
CUST00512,Customer_00512,59,Karnataka,Self-Employed,Graduate,1923957,617
CUST00513,Customer_00513,59,Rajasthan,Business,Post Graduate,2068486,733
CUST00514,Customer_00514,34,Karnataka,Self-Employed,Graduate,842865,581
CUST00515,Customer_00515,51,Uttar Pradesh,Business,Post Graduate,1577342,567
CUST00516,Customer_00516,25,Uttar Pradesh,Salaried,Under Graduate,1456944,743
CUST00517,Customer_00517,55,Bihar,Professional,Graduate,1940023,647
CUST00518,Customer_00518,43,Rajasthan,Salaried,Graduate,701476,587
CUST00519,Customer_00519,49,Maharashtra,Salaried,Graduate,2253908,645
CUST00520,Customer_00520,31,Bihar,Salaried,Graduate,1378776,732
CUST00521,Customer_00521,38,Uttar Pradesh,Business,Graduate,1529608,619
CUST00522,Customer_00522,32,Rajasthan,Business,Under Graduate,1821898,481
CUST00523,Customer_00523,29,Haryana,Self-Employed,Under Graduate,2133109,678
CUST00524,Customer_00524,30,Gujarat,Self-Employed,Under Graduate,1365126,717
CUST00525,Customer_00525,37,Uttar Pradesh,Business,Under Graduate,2414022,751
CUST00526,Customer_00526,58,Rajasthan,Business,Under Graduate,1564353,767
CUST00527,Customer_00527,27,Gujarat,Self-Employed,Under Graduate,360429,678
CUST00528,Customer_00528,33,Rajasthan,Business,Post Graduate,1309807,833
CUST00529,Customer_00529,60,Bihar,Self-Employed,Graduate,1647267,681
CUST00530,Customer_00530,29,Gujarat,Salaried,Graduate,483851,673
CUST00531,Customer_00531,47,West Bengal,Salaried,Graduate,1522706,668
CUST00532,Customer_00532,22,Uttar Pradesh,Professional,Graduate,1981947,701
CUST00533,Customer_00533,25,Bihar,Salaried,Under Graduate,573050,728
CUST00534,Customer_00534,49,Bihar,Salaried,Graduate,1124709,795
CUST00535,Customer_00535,57,Madhya Pradesh,Professional,Graduate,226804,649
CUST00536,Customer_00536,58,Uttar Pradesh,Salaried,Graduate,694846,630
CUST00537,Customer_00537,39,Uttar Pradesh,Business,Graduate,782390,701
CUST00538,Customer_00538,28,Maharashtra,Business,Graduate,1004128,657
CUST00539,Customer_00539,21,West Bengal,Professional,Graduate,2336227,606
CUST00540,Customer_00540,42,Delhi,Salaried,Graduate,1627726,780
CUST00541,Customer_00541,37,Gujarat,Salaried,Graduate,2228938,778
CUST00542,Customer_00542,27,Haryana,Professional,Graduate,545003,580
CUST00543,Customer_00543,45,Uttar Pradesh,Salaried,Graduate,1530044,680
CUST00544,Customer_00544,24,Karnataka,Self-Employed,Post Graduate,1708980,733
CUST00545,Customer_00545,56,Madhya Pradesh,Business,Graduate,407563,834
CUST00546,Customer_00546,26,Bihar,Salaried,Graduate,1280601,685
CUST00547,Customer_00547,51,Haryana,Professional,Post Graduate,1000650,755
CUST00548,Customer_00548,39,Haryana,Self-Employed,Graduate,2478865,662
CUST00549,Customer_00549,59,Haryana,Salaried,Graduate,808228,724
CUST00550,Customer_00550,47,Uttar Pradesh,Salaried,Under Graduate,726816,758
CUST00551,Customer_00551,30,West Bengal,Salaried,Post Graduate,706479,716
CUST00552,Customer_00552,46,West Bengal,Salaried,Graduate,2324530,692
CUST00553,Customer_00553,39,Bihar,Business,Under Graduate,1208382,763
CUST00554,Customer_00554,59,Uttar Pradesh,Salaried,Under Graduate,2123169,793
CUST00555,Customer_00555,23,Uttar Pradesh,Salaried,Graduate,1856858,701
CUST00556,Customer_00556,33,West Bengal,Professional,Under Graduate,2099939,767
CUST00557,Customer_00557,48,Madhya Pradesh,Self-Employed,Under Graduate,466963,648
CUST00558,Customer_00558,40,Bihar,Salaried,Graduate,1263792,660
CUST00559,Customer_00559,48,Maharashtra,Professional,Post Graduate,1582396,808
CUST00560,Customer_00560,28,Maharashtra,Salaried,Graduate,1535939,472
CUST00561,Customer_00561,59,Gujarat,Professional,Post Graduate,2180910,672
CUST00562,Customer_00562,21,Bihar,Business,Post Graduate,1977917,706
CUST00563,Customer_00563,23,West Bengal,Business,Graduate,1969421,603
CUST00564,Customer_00564,33,Gujarat,Business,Under Graduate,2054360,771
CUST00565,Customer_00565,48,Haryana,Self-Employed,Under Graduate,891180,686
CUST00566,Customer_00566,45,Maharashtra,Business,Under Graduate,585480,743
CUST00567,Customer_00567,53,Uttar Pradesh,Business,Graduate,724318,803
CUST00568,Customer_00568,58,Rajasthan,Salaried,Graduate,1467934,782
CUST00569,Customer_00569,26,Maharashtra,Salaried,Under Graduate,2488051,664
CUST00570,Customer_00570,52,Maharashtra,Business,Graduate,917409,605
CUST00571,Customer_00571,41,West Bengal,Self-Employed,Graduate,2247399,660
CUST00572,Customer_00572,36,Rajasthan,Business,Under Graduate,964311,702
CUST00573,Customer_00573,41,Uttar Pradesh,Self-Employed,Graduate,564501,557
CUST00574,Customer_00574,31,Maharashtra,Self-Employed,Graduate,2012198,809
CUST00575,Customer_00575,57,Maharashtra,Salaried,Graduate,2246364,699
CUST00576,Customer_00576,56,West Bengal,Salaried,Graduate,1987765,672
CUST00577,Customer_00577,55,Maharashtra,Self-Employed,Graduate,2401757,545
CUST00578,Customer_00578,39,Bihar,Self-Employed,Graduate,1885755,691
CUST00579,Customer_00579,40,Gujarat,Self-Employed,Graduate,408376,697
CUST00580,Customer_00580,38,Maharashtra,Business,Under Graduate,454880,627
CUST00581,Customer_00581,34,Maharashtra,Self-Employed,Graduate,1386431,712
CUST00582,Customer_00582,35,Uttar Pradesh,Business,Post Graduate,2026488,680
CUST00583,Customer_00583,51,Maharashtra,Salaried,Graduate,1919599,570
CUST00584,Customer_00584,21,Uttar Pradesh,Self-Employed,Post Graduate,1050679,741
CUST00585,Customer_00585,23,Uttar Pradesh,Salaried,Under Graduate,1861488,850
CUST00586,Customer_00586,36,Haryana,Self-Employed,Post Graduate,2172873,824
CUST00587,Customer_00587,43,Uttar Pradesh,Salaried,Post Graduate,1327294,727
CUST00588,Customer_00588,31,Delhi,Salaried,Graduate,899487,711
CUST00589,Customer_00589,32,Haryana,Salaried,Graduate,1060794,577
CUST00590,Customer_00590,30,Madhya Pradesh,Salaried,Under Graduate,712434,709
CUST00591,Customer_00591,52,Maharashtra,Self-Employed,Under Graduate,887382,668
CUST00592,Customer_00592,36,Uttar Pradesh,Professional,Graduate,205598,500
CUST00593,Customer_00593,28,Delhi,Salaried,Under Graduate,677772,662
CUST00594,Customer_00594,58,Madhya Pradesh,Business,Graduate,724642,647
CUST00595,Customer_00595,32,Gujarat,Self-Employed,Post Graduate,1226807,574
CUST00596,Customer_00596,44,Uttar Pradesh,Salaried,Graduate,530634,682
CUST00597,Customer_00597,48,Karnataka,Salaried,Post Graduate,983159,579
CUST00598,Customer_00598,28,Uttar Pradesh,Salaried,Graduate,1696944,720
CUST00599,Customer_00599,48,Bihar,Business,Under Graduate,1914851,732
CUST00600,Customer_00600,56,Bihar,Salaried,Post Graduate,626619,535
CUST00601,Customer_00601,46,Uttar Pradesh,Salaried,Graduate,1366231,659
CUST00602,Customer_00602,28,Rajasthan,Salaried,Post Graduate,1165188,655
CUST00603,Customer_00603,48,Delhi,Self-Employed,Post Graduate,1955516,672
CUST00604,Customer_00604,48,Haryana,Business,Graduate,1802763,506
CUST00605,Customer_00605,57,Karnataka,Salaried,Graduate,2411580,719
CUST00606,Customer_00606,56,Rajasthan,Self-Employed,Graduate,381796,804
CUST00607,Customer_00607,47,Gujarat,Self-Employed,Graduate,2397738,804
CUST00608,Customer_00608,37,Uttar Pradesh,Salaried,Post Graduate,508065,758
CUST00609,Customer_00609,29,Rajasthan,Salaried,Graduate,457955,539
CUST00610,Customer_00610,53,Uttar Pradesh,Self-Employed,Graduate,995351,643
CUST00611,Customer_00611,40,Bihar,Self-Employed,Graduate,186246,728
CUST00612,Customer_00612,33,Bihar,Business,Under Graduate,1357195,725
CUST00613,Customer_00613,48,Bihar,Self-Employed,Post Graduate,1295847,777
CUST00614,Customer_00614,49,Madhya Pradesh,Salaried,Post Graduate,461085,670
CUST00615,Customer_00615,33,Karnataka,Salaried,Graduate,2094230,598
CUST00616,Customer_00616,55,Bihar,Self-Employed,Graduate,872950,730
CUST00617,Customer_00617,26,West Bengal,Business,Graduate,980854,654
CUST00618,Customer_00618,38,Delhi,Salaried,Post Graduate,1086448,795
CUST00619,Customer_00619,25,Rajasthan,Professional,Graduate,1213198,740
CUST00620,Customer_00620,45,Gujarat,Self-Employed,Graduate,1828897,662
CUST00621,Customer_00621,22,Uttar Pradesh,Salaried,Under Graduate,1900592,703
CUST00622,Customer_00622,30,Haryana,Self-Employed,Graduate,2144894,774
CUST00623,Customer_00623,50,Madhya Pradesh,Salaried,Under Graduate,1460847,730
CUST00624,Customer_00624,25,West Bengal,Self-Employed,Under Graduate,2247479,700
CUST00625,Customer_00625,53,Gujarat,Self-Employed,Graduate,1836390,709
CUST00626,Customer_00626,21,Haryana,Salaried,Under Graduate,766322,667
CUST00627,Customer_00627,38,Haryana,Business,Graduate,1005696,721
CUST00628,Customer_00628,52,Bihar,Business,Under Graduate,2107971,692
CUST00629,Customer_00629,31,Maharashtra,Salaried,Graduate,2016332,612
CUST00630,Customer_00630,41,Rajasthan,Salaried,Post Graduate,1186634,722
CUST00631,Customer_00631,46,Rajasthan,Salaried,Post Graduate,1903442,731
CUST00632,Customer_00632,45,Maharashtra,Business,Graduate,1779594,766
CUST00633,Customer_00633,42,Karnataka,Salaried,Post Graduate,2229729,571
CUST00634,Customer_00634,47,Madhya Pradesh,Salaried,Under Graduate,939018,710
CUST00635,Customer_00635,33,West Bengal,Salaried,Under Graduate,1020169,661
CUST00636,Customer_00636,53,Haryana,Salaried,Post Graduate,372986,733
CUST00637,Customer_00637,54,Madhya Pradesh,Business,Post Graduate,627044,598
CUST00638,Customer_00638,55,West Bengal,Business,Graduate,1911875,787
CUST00639,Customer_00639,21,Rajasthan,Self-Employed,Under Graduate,2467408,609
CUST00640,Customer_00640,41,Karnataka,Self-Employed,Post Graduate,1276139,652
CUST00641,Customer_00641,26,Bihar,Self-Employed,Under Graduate,870089,850
CUST00642,Customer_00642,48,Bihar,Salaried,Post Graduate,1653720,697
CUST00643,Customer_00643,37,Bihar,Salaried,Graduate,1462814,772
CUST00644,Customer_00644,25,Madhya Pradesh,Salaried,Graduate,831769,709
CUST00645,Customer_00645,51,Madhya Pradesh,Business,Graduate,1847549,785
CUST00646,Customer_00646,25,Rajasthan,Professional,Post Graduate,229165,750
CUST00647,Customer_00647,58,Maharashtra,Salaried,Graduate,1800857,630
CUST00648,Customer_00648,23,Karnataka,Salaried,Post Graduate,815606,557
CUST00649,Customer_00649,43,Madhya Pradesh,Salaried,Graduate,1096572,594
CUST00650,Customer_00650,57,Bihar,Business,Graduate,295433,652
CUST00651,Customer_00651,57,Gujarat,Business,Graduate,1810178,732
CUST00652,Customer_00652,30,Delhi,Salaried,Graduate,1468154,765
CUST00653,Customer_00653,30,West Bengal,Business,Graduate,1386837,686
CUST00654,Customer_00654,39,Rajasthan,Business,Post Graduate,1505360,702
CUST00655,Customer_00655,37,Uttar Pradesh,Salaried,Graduate,1429754,516
CUST00656,Customer_00656,41,Rajasthan,Salaried,Graduate,1395362,669
CUST00657,Customer_00657,34,Rajasthan,Self-Employed,Under Graduate,291115,683
CUST00658,Customer_00658,29,Karnataka,Salaried,Graduate,2428686,724
CUST00659,Customer_00659,21,Bihar,Salaried,Under Graduate,1685802,666
CUST00660,Customer_00660,33,West Bengal,Salaried,Under Graduate,2248751,652
CUST00661,Customer_00661,24,Rajasthan,Self-Employed,Graduate,1947437,832
CUST00662,Customer_00662,21,West Bengal,Business,Graduate,1896398,587
CUST00663,Customer_00663,60,Uttar Pradesh,Self-Employed,Graduate,1501117,792
CUST00664,Customer_00664,52,Karnataka,Salaried,Graduate,1615287,737
CUST00665,Customer_00665,54,West Bengal,Salaried,Graduate,1224713,681
CUST00666,Customer_00666,48,West Bengal,Self-Employed,Graduate,382208,850
CUST00667,Customer_00667,51,Uttar Pradesh,Salaried,Graduate,1309136,685
CUST00668,Customer_00668,28,Uttar Pradesh,Self-Employed,Under Graduate,626512,626
CUST00669,Customer_00669,59,Gujarat,Salaried,Graduate,1592905,706
CUST00670,Customer_00670,46,Uttar Pradesh,Business,Post Graduate,1007308,756
CUST00671,Customer_00671,54,Uttar Pradesh,Business,Post Graduate,2370705,731
CUST00672,Customer_00672,23,Maharashtra,Business,Graduate,985015,649
CUST00673,Customer_00673,32,Rajasthan,Salaried,Graduate,1650839,740
CUST00674,Customer_00674,21,Madhya Pradesh,Self-Employed,Graduate,2312649,561
CUST00675,Customer_00675,25,Uttar Pradesh,Salaried,Post Graduate,254323,792
CUST00676,Customer_00676,50,Uttar Pradesh,Business,Graduate,183910,750
CUST00677,Customer_00677,50,Rajasthan,Salaried,Post Graduate,281800,527
CUST00678,Customer_00678,37,Madhya Pradesh,Business,Post Graduate,2444792,635
CUST00679,Customer_00679,43,Uttar Pradesh,Salaried,Under Graduate,843522,783
CUST00680,Customer_00680,35,Bihar,Business,Graduate,428396,673
CUST00681,Customer_00681,57,Karnataka,Business,Post Graduate,2353950,687
CUST00682,Customer_00682,41,West Bengal,Salaried,Graduate,1391946,795
CUST00683,Customer_00683,34,West Bengal,Professional,Graduate,1066228,646
CUST00684,Customer_00684,22,Karnataka,Salaried,Graduate,920596,529
CUST00685,Customer_00685,31,Bihar,Professional,Post Graduate,1218967,794
CUST00686,Customer_00686,59,Gujarat,Business,Under Graduate,757342,657
CUST00687,Customer_00687,58,Bihar,Professional,Graduate,1776665,688
CUST00688,Customer_00688,54,Gujarat,Salaried,Graduate,2487123,675
CUST00689,Customer_00689,58,Maharashtra,Salaried,Graduate,659720,654
CUST00690,Customer_00690,54,Madhya Pradesh,Business,Post Graduate,2092596,625
CUST00691,Customer_00691,38,Rajasthan,Professional,Graduate,193683,677
CUST00692,Customer_00692,50,Uttar Pradesh,Salaried,Graduate,2316314,618
CUST00693,Customer_00693,35,Haryana,Salaried,Post Graduate,219225,793
CUST00694,Customer_00694,47,Uttar Pradesh,Salaried,Post Graduate,1316280,781
CUST00695,Customer_00695,54,Maharashtra,Business,Graduate,1661783,731
CUST00696,Customer_00696,58,Uttar Pradesh,Business,Post Graduate,1768562,729
CUST00697,Customer_00697,53,Bihar,Salaried,Graduate,519464,563
CUST00698,Customer_00698,44,Uttar Pradesh,Salaried,Graduate,866832,775
CUST00699,Customer_00699,35,Karnataka,Self-Employed,Graduate,2177806,656
CUST00700,Customer_00700,50,Bihar,Salaried,Under Graduate,435475,791
CUST00701,Customer_00701,37,Rajasthan,Business,Under Graduate,2432772,817
CUST00702,Customer_00702,25,Bihar,Salaried,Graduate,2370819,672
CUST00703,Customer_00703,49,Gujarat,Self-Employed,Post Graduate,721646,522
CUST00704,Customer_00704,24,Haryana,Business,Post Graduate,1415293,707
CUST00705,Customer_00705,30,Gujarat,Self-Employed,Under Graduate,2327974,603
CUST00706,Customer_00706,37,Delhi,Salaried,Under Graduate,285422,645
CUST00707,Customer_00707,30,Karnataka,Business,Post Graduate,384792,674
CUST00708,Customer_00708,37,Karnataka,Salaried,Graduate,1677581,761
CUST00709,Customer_00709,40,Gujarat,Business,Graduate,2314725,724
CUST00710,Customer_00710,44,Maharashtra,Salaried,Post Graduate,2263571,805
CUST00711,Customer_00711,25,Gujarat,Business,Under Graduate,1254683,630
CUST00712,Customer_00712,54,Rajasthan,Salaried,Graduate,462344,775
CUST00713,Customer_00713,26,Delhi,Salaried,Post Graduate,2030316,748
CUST00714,Customer_00714,22,Haryana,Salaried,Post Graduate,774957,741
CUST00715,Customer_00715,33,Delhi,Professional,Graduate,652800,773
CUST00716,Customer_00716,31,Haryana,Professional,Post Graduate,1031666,752
CUST00717,Customer_00717,43,Uttar Pradesh,Salaried,Graduate,1372496,569
CUST00718,Customer_00718,36,Uttar Pradesh,Salaried,Post Graduate,1744555,647
CUST00719,Customer_00719,51,Maharashtra,Salaried,Post Graduate,2374564,763
CUST00720,Customer_00720,31,Karnataka,Salaried,Under Graduate,778597,726
CUST00721,Customer_00721,36,Haryana,Business,Under Graduate,907158,768
CUST00722,Customer_00722,28,Gujarat,Salaried,Graduate,1695146,705
CUST00723,Customer_00723,24,Gujarat,Business,Graduate,1637906,650
CUST00724,Customer_00724,60,Delhi,Business,Post Graduate,260564,628
CUST00725,Customer_00725,24,West Bengal,Self-Employed,Post Graduate,2100485,567
CUST00726,Customer_00726,45,Haryana,Business,Under Graduate,957398,730
CUST00727,Customer_00727,23,Gujarat,Salaried,Graduate,634089,582
CUST00728,Customer_00728,52,Gujarat,Salaried,Under Graduate,2102609,690
CUST00729,Customer_00729,23,Maharashtra,Business,Graduate,1095124,681
CUST00730,Customer_00730,47,Gujarat,Salaried,Graduate,1943964,774
CUST00731,Customer_00731,49,Bihar,Salaried,Graduate,1835014,850
CUST00732,Customer_00732,52,Uttar Pradesh,Professional,Under Graduate,1857622,661
CUST00733,Customer_00733,39,Haryana,Self-Employed,Graduate,1158946,729
CUST00734,Customer_00734,41,Rajasthan,Salaried,Under Graduate,2483863,690
CUST00735,Customer_00735,25,West Bengal,Business,Post Graduate,1037999,623
CUST00736,Customer_00736,38,Maharashtra,Salaried,Graduate,642928,779
CUST00737,Customer_00737,48,Rajasthan,Professional,Post Graduate,2156227,720
CUST00738,Customer_00738,42,Rajasthan,Salaried,Graduate,1221682,734
CUST00739,Customer_00739,41,Uttar Pradesh,Self-Employed,Post Graduate,1855651,757
CUST00740,Customer_00740,26,Bihar,Business,Graduate,1524856,758
CUST00741,Customer_00741,21,Maharashtra,Self-Employed,Post Graduate,2476026,678
CUST00742,Customer_00742,25,Uttar Pradesh,Business,Graduate,459179,769
CUST00743,Customer_00743,32,Maharashtra,Professional,Graduate,2377566,678
CUST00744,Customer_00744,46,Maharashtra,Business,Graduate,609082,600
CUST00745,Customer_00745,54,Delhi,Salaried,Graduate,838115,727
CUST00746,Customer_00746,34,Uttar Pradesh,Self-Employed,Under Graduate,921328,792
CUST00747,Customer_00747,46,Madhya Pradesh,Professional,Graduate,914455,640
CUST00748,Customer_00748,47,Delhi,Salaried,Post Graduate,1770425,571
CUST00749,Customer_00749,29,Rajasthan,Self-Employed,Graduate,1222641,699
CUST00750,Customer_00750,46,West Bengal,Self-Employed,Graduate,1571637,611
CUST00751,Customer_00751,42,Gujarat,Salaried,Post Graduate,723228,647
CUST00752,Customer_00752,50,Delhi,Salaried,Post Graduate,2026884,697
CUST00753,Customer_00753,37,Maharashtra,Professional,Graduate,227777,468
CUST00754,Customer_00754,46,Delhi,Self-Employed,Graduate,760234,656
CUST00755,Customer_00755,56,Haryana,Salaried,Post Graduate,2157207,661
CUST00756,Customer_00756,21,Bihar,Business,Graduate,449740,829
CUST00757,Customer_00757,28,Maharashtra,Self-Employed,Graduate,2033476,678
CUST00758,Customer_00758,55,Bihar,Business,Graduate,1484982,850
CUST00759,Customer_00759,35,Delhi,Salaried,Graduate,2494922,783
CUST00760,Customer_00760,42,Bihar,Professional,Under Graduate,1259043,724
CUST00761,Customer_00761,34,Delhi,Self-Employed,Post Graduate,657521,717
CUST00762,Customer_00762,46,Uttar Pradesh,Business,Graduate,1892093,714
CUST00763,Customer_00763,48,Haryana,Salaried,Under Graduate,1860654,700
CUST00764,Customer_00764,43,Maharashtra,Salaried,Under Graduate,814852,579
CUST00765,Customer_00765,34,Maharashtra,Salaried,Graduate,1884854,716
CUST00766,Customer_00766,44,Madhya Pradesh,Professional,Under Graduate,2226718,697
CUST00767,Customer_00767,22,Uttar Pradesh,Salaried,Graduate,669027,706
CUST00768,Customer_00768,46,Uttar Pradesh,Business,Under Graduate,1271139,821
CUST00769,Customer_00769,34,Maharashtra,Salaried,Graduate,1643757,674
CUST00770,Customer_00770,27,Madhya Pradesh,Salaried,Post Graduate,1672025,610
CUST00771,Customer_00771,23,Karnataka,Salaried,Graduate,385175,648
CUST00772,Customer_00772,43,Haryana,Business,Under Graduate,550048,753
CUST00773,Customer_00773,38,Rajasthan,Business,Graduate,2099031,711
CUST00774,Customer_00774,58,Uttar Pradesh,Professional,Graduate,997626,693
CUST00775,Customer_00775,55,Madhya Pradesh,Professional,Post Graduate,1906236,587
CUST00776,Customer_00776,35,Gujarat,Salaried,Post Graduate,1589456,780
CUST00777,Customer_00777,45,Bihar,Business,Post Graduate,2211922,644
CUST00778,Customer_00778,57,Uttar Pradesh,Self-Employed,Post Graduate,497177,717
CUST00779,Customer_00779,48,Maharashtra,Business,Post Graduate,2078099,682
CUST00780,Customer_00780,30,Delhi,Salaried,Graduate,1860373,571
CUST00781,Customer_00781,59,Bihar,Business,Graduate,1409480,718
CUST00782,Customer_00782,37,Haryana,Salaried,Graduate,2008664,600
CUST00783,Customer_00783,59,Maharashtra,Salaried,Under Graduate,316479,715
CUST00784,Customer_00784,42,Uttar Pradesh,Salaried,Graduate,704702,651
CUST00785,Customer_00785,46,Rajasthan,Salaried,Graduate,1216703,676
CUST00786,Customer_00786,45,Rajasthan,Salaried,Post Graduate,457289,743
CUST00787,Customer_00787,37,Uttar Pradesh,Business,Graduate,840345,595
CUST00788,Customer_00788,33,Uttar Pradesh,Business,Graduate,651716,850
CUST00789,Customer_00789,40,Maharashtra,Salaried,Post Graduate,2439796,627
CUST00790,Customer_00790,45,Uttar Pradesh,Salaried,Graduate,1841305,742
CUST00791,Customer_00791,24,Bihar,Salaried,Post Graduate,797591,758
CUST00792,Customer_00792,30,West Bengal,Business,Graduate,393441,805
CUST00793,Customer_00793,23,Rajasthan,Salaried,Graduate,420503,640
CUST00794,Customer_00794,38,Gujarat,Self-Employed,Under Graduate,1858496,634
CUST00795,Customer_00795,56,Bihar,Salaried,Graduate,1911688,772
CUST00796,Customer_00796,42,Bihar,Self-Employed,Graduate,2224753,731
CUST00797,Customer_00797,54,Uttar Pradesh,Salaried,Under Graduate,2269051,733
CUST00798,Customer_00798,28,Rajasthan,Salaried,Graduate,192708,795
CUST00799,Customer_00799,60,Rajasthan,Salaried,Graduate,1374699,697
CUST00800,Customer_00800,39,Uttar Pradesh,Salaried,Graduate,428885,704
CUST00801,Customer_00801,57,Delhi,Salaried,Post Graduate,1677688,790
CUST00802,Customer_00802,26,Rajasthan,Self-Employed,Graduate,805760,703
CUST00803,Customer_00803,46,Bihar,Salaried,Post Graduate,2151767,614
CUST00804,Customer_00804,54,Uttar Pradesh,Salaried,Graduate,352216,623
CUST00805,Customer_00805,26,Madhya Pradesh,Salaried,Graduate,1590480,670
CUST00806,Customer_00806,57,Delhi,Business,Post Graduate,905956,717
CUST00807,Customer_00807,53,Maharashtra,Self-Employed,Graduate,893852,762
CUST00808,Customer_00808,42,Maharashtra,Business,Graduate,1500199,850
CUST00809,Customer_00809,41,Rajasthan,Salaried,Post Graduate,1517534,672
CUST00810,Customer_00810,26,Uttar Pradesh,Salaried,Under Graduate,1238641,585
CUST00811,Customer_00811,26,Gujarat,Salaried,Graduate,1197558,570
CUST00812,Customer_00812,24,Madhya Pradesh,Self-Employed,Graduate,992252,674
CUST00813,Customer_00813,50,Uttar Pradesh,Self-Employed,Graduate,2300023,689
CUST00814,Customer_00814,31,Uttar Pradesh,Business,Under Graduate,1015757,736
CUST00815,Customer_00815,50,Gujarat,Business,Under Graduate,461805,850
CUST00816,Customer_00816,51,Maharashtra,Salaried,Under Graduate,2230021,736
CUST00817,Customer_00817,44,Uttar Pradesh,Salaried,Graduate,2069858,696
CUST00818,Customer_00818,29,Delhi,Salaried,Graduate,2135917,765
CUST00819,Customer_00819,23,Maharashtra,Salaried,Graduate,355426,571
CUST00820,Customer_00820,51,Rajasthan,Professional,Graduate,1829480,709
CUST00821,Customer_00821,60,Maharashtra,Salaried,Post Graduate,2259156,568
CUST00822,Customer_00822,57,Gujarat,Professional,Graduate,1612153,796
CUST00823,Customer_00823,56,Maharashtra,Self-Employed,Post Graduate,1313574,589
CUST00824,Customer_00824,44,West Bengal,Self-Employed,Under Graduate,2001675,765
CUST00825,Customer_00825,51,Gujarat,Salaried,Graduate,1571219,751
CUST00826,Customer_00826,26,Uttar Pradesh,Self-Employed,Post Graduate,497964,801
CUST00827,Customer_00827,22,Bihar,Self-Employed,Graduate,1660957,621
CUST00828,Customer_00828,40,Bihar,Salaried,Graduate,1732981,686
CUST00829,Customer_00829,48,Madhya Pradesh,Salaried,Graduate,1342988,764
CUST00830,Customer_00830,31,Haryana,Salaried,Graduate,702812,716
CUST00831,Customer_00831,24,Madhya Pradesh,Self-Employed,Graduate,1444997,727
CUST00832,Customer_00832,35,Uttar Pradesh,Salaried,Post Graduate,661881,745
CUST00833,Customer_00833,26,Gujarat,Business,Post Graduate,275839,665
CUST00834,Customer_00834,50,Uttar Pradesh,Business,Graduate,2231644,618
CUST00835,Customer_00835,58,Delhi,Salaried,Under Graduate,665943,631
CUST00836,Customer_00836,22,Gujarat,Self-Employed,Under Graduate,631111,683
CUST00837,Customer_00837,35,Maharashtra,Salaried,Post Graduate,555120,634
CUST00838,Customer_00838,31,Maharashtra,Business,Graduate,851672,669
CUST00839,Customer_00839,28,Haryana,Salaried,Graduate,278039,688
CUST00840,Customer_00840,46,Haryana,Salaried,Post Graduate,2437624,804
CUST00841,Customer_00841,25,Bihar,Salaried,Under Graduate,1596067,608
CUST00842,Customer_00842,26,Maharashtra,Business,Graduate,1377209,633
CUST00843,Customer_00843,46,Madhya Pradesh,Salaried,Post Graduate,1315677,687
CUST00844,Customer_00844,24,Uttar Pradesh,Salaried,Graduate,1574123,613
CUST00845,Customer_00845,39,Uttar Pradesh,Salaried,Post Graduate,209621,462
CUST00846,Customer_00846,40,Uttar Pradesh,Salaried,Graduate,2101213,644
CUST00847,Customer_00847,53,Maharashtra,Business,Post Graduate,1842097,670
CUST00848,Customer_00848,40,Rajasthan,Self-Employed,Post Graduate,582953,704
CUST00849,Customer_00849,32,West Bengal,Professional,Graduate,2309187,617
CUST00850,Customer_00850,21,Gujarat,Salaried,Graduate,1340833,815
CUST00851,Customer_00851,46,Uttar Pradesh,Salaried,Under Graduate,2290126,748
CUST00852,Customer_00852,34,Rajasthan,Business,Graduate,2301800,607
CUST00853,Customer_00853,58,Rajasthan,Self-Employed,Post Graduate,208612,644
CUST00854,Customer_00854,57,Uttar Pradesh,Salaried,Post Graduate,1861586,638
CUST00855,Customer_00855,31,Karnataka,Self-Employed,Under Graduate,1533296,610
CUST00856,Customer_00856,56,Rajasthan,Business,Graduate,1748844,776
CUST00857,Customer_00857,33,West Bengal,Salaried,Under Graduate,2358146,610
CUST00858,Customer_00858,23,Bihar,Business,Graduate,287083,698
CUST00859,Customer_00859,53,Madhya Pradesh,Salaried,Graduate,1761898,651
CUST00860,Customer_00860,26,Uttar Pradesh,Professional,Post Graduate,391724,675
CUST00861,Customer_00861,30,Rajasthan,Self-Employed,Under Graduate,2164029,767
CUST00862,Customer_00862,25,Maharashtra,Salaried,Graduate,298297,714
CUST00863,Customer_00863,43,Haryana,Salaried,Graduate,1786353,717
CUST00864,Customer_00864,30,Haryana,Professional,Graduate,312876,714
CUST00865,Customer_00865,22,Haryana,Business,Graduate,258147,726
CUST00866,Customer_00866,33,Delhi,Salaried,Under Graduate,1813402,611
CUST00867,Customer_00867,60,Haryana,Self-Employed,Post Graduate,637760,639
CUST00868,Customer_00868,22,Maharashtra,Self-Employed,Under Graduate,1950126,718
CUST00869,Customer_00869,40,Rajasthan,Salaried,Graduate,1482020,636
CUST00870,Customer_00870,21,Gujarat,Salaried,Graduate,1140160,664
CUST00871,Customer_00871,57,Gujarat,Self-Employed,Post Graduate,495535,711
CUST00872,Customer_00872,29,Delhi,Salaried,Graduate,193229,773
CUST00873,Customer_00873,37,Maharashtra,Salaried,Post Graduate,1124791,754
CUST00874,Customer_00874,29,Uttar Pradesh,Business,Graduate,1901212,810
CUST00875,Customer_00875,31,Karnataka,Self-Employed,Graduate,1976612,701
CUST00876,Customer_00876,35,Madhya Pradesh,Salaried,Under Graduate,1363938,699
CUST00877,Customer_00877,44,Uttar Pradesh,Salaried,Post Graduate,535810,640
CUST00878,Customer_00878,58,Haryana,Self-Employed,Graduate,2327964,732
CUST00879,Customer_00879,55,Karnataka,Self-Employed,Under Graduate,1649914,784
CUST00880,Customer_00880,50,Uttar Pradesh,Self-Employed,Post Graduate,292203,648
CUST00881,Customer_00881,51,Haryana,Salaried,Post Graduate,1121224,723
CUST00882,Customer_00882,25,West Bengal,Self-Employed,Graduate,2255352,774
CUST00883,Customer_00883,34,West Bengal,Professional,Graduate,1674864,627
CUST00884,Customer_00884,31,Karnataka,Salaried,Under Graduate,1999923,731
CUST00885,Customer_00885,29,Madhya Pradesh,Salaried,Graduate,182523,735
CUST00886,Customer_00886,54,Bihar,Business,Graduate,279964,523
CUST00887,Customer_00887,32,Uttar Pradesh,Salaried,Graduate,2269393,650
CUST00888,Customer_00888,55,Uttar Pradesh,Salaried,Graduate,580846,606
CUST00889,Customer_00889,55,Bihar,Salaried,Post Graduate,2019520,652
CUST00890,Customer_00890,21,Bihar,Salaried,Graduate,450473,659
CUST00891,Customer_00891,60,Maharashtra,Salaried,Graduate,1043016,687
CUST00892,Customer_00892,42,Bihar,Salaried,Under Graduate,744391,758
CUST00893,Customer_00893,49,Uttar Pradesh,Business,Graduate,1606592,781
CUST00894,Customer_00894,28,Haryana,Self-Employed,Graduate,506423,703
CUST00895,Customer_00895,31,Maharashtra,Self-Employed,Graduate,1701399,787
CUST00896,Customer_00896,57,Madhya Pradesh,Salaried,Graduate,1017435,752
CUST00897,Customer_00897,34,Rajasthan,Self-Employed,Graduate,2292258,684
CUST00898,Customer_00898,50,Uttar Pradesh,Salaried,Post Graduate,871455,800
CUST00899,Customer_00899,55,West Bengal,Business,Post Graduate,1438615,695
CUST00900,Customer_00900,41,Rajasthan,Business,Under Graduate,750151,709
CUST00901,Customer_00901,57,Bihar,Self-Employed,Post Graduate,398316,617
CUST00902,Customer_00902,25,Uttar Pradesh,Self-Employed,Under Graduate,1605749,717
CUST00903,Customer_00903,39,Bihar,Business,Under Graduate,1013427,722
CUST00904,Customer_00904,34,Uttar Pradesh,Self-Employed,Post Graduate,1485499,755
CUST00905,Customer_00905,46,Bihar,Salaried,Under Graduate,444578,673
CUST00906,Customer_00906,24,Madhya Pradesh,Salaried,Post Graduate,2424715,635
CUST00907,Customer_00907,45,Karnataka,Professional,Graduate,856837,721
CUST00908,Customer_00908,45,Gujarat,Salaried,Graduate,1225075,745
CUST00909,Customer_00909,38,Uttar Pradesh,Business,Graduate,2323533,665
CUST00910,Customer_00910,60,Uttar Pradesh,Salaried,Under Graduate,632356,627
CUST00911,Customer_00911,28,Bihar,Salaried,Post Graduate,1463178,659
CUST00912,Customer_00912,59,Maharashtra,Self-Employed,Post Graduate,384410,809
CUST00913,Customer_00913,60,Uttar Pradesh,Salaried,Graduate,601323,617
CUST00914,Customer_00914,34,Haryana,Business,Graduate,1632344,615
CUST00915,Customer_00915,52,Uttar Pradesh,Self-Employed,Graduate,1496640,830
CUST00916,Customer_00916,58,Haryana,Self-Employed,Under Graduate,2187648,678
CUST00917,Customer_00917,53,Uttar Pradesh,Self-Employed,Under Graduate,783901,598
CUST00918,Customer_00918,43,West Bengal,Salaried,Post Graduate,1009739,584
CUST00919,Customer_00919,35,Madhya Pradesh,Salaried,Graduate,1296851,733
CUST00920,Customer_00920,53,Delhi,Salaried,Graduate,1413623,715
CUST00921,Customer_00921,45,Uttar Pradesh,Salaried,Graduate,2216676,734
CUST00922,Customer_00922,37,Karnataka,Professional,Graduate,891552,625
CUST00923,Customer_00923,53,Haryana,Self-Employed,Under Graduate,1187901,601
CUST00924,Customer_00924,22,Gujarat,Business,Graduate,1086958,730
CUST00925,Customer_00925,34,Rajasthan,Self-Employed,Graduate,616165,612
CUST00926,Customer_00926,60,Delhi,Salaried,Post Graduate,1734776,678
CUST00927,Customer_00927,60,Uttar Pradesh,Self-Employed,Graduate,1483050,624
CUST00928,Customer_00928,59,Madhya Pradesh,Business,Graduate,2118226,814
CUST00929,Customer_00929,26,Haryana,Salaried,Under Graduate,2222174,759
CUST00930,Customer_00930,26,Bihar,Business,Graduate,914549,850
CUST00931,Customer_00931,23,Uttar Pradesh,Self-Employed,Post Graduate,2124954,738
CUST00932,Customer_00932,27,Bihar,Salaried,Graduate,337304,713
CUST00933,Customer_00933,28,Delhi,Self-Employed,Under Graduate,403926,741
CUST00934,Customer_00934,35,Uttar Pradesh,Salaried,Graduate,1584872,572
CUST00935,Customer_00935,49,Maharashtra,Salaried,Post Graduate,2405939,556
CUST00936,Customer_00936,53,Uttar Pradesh,Business,Graduate,270319,743
CUST00937,Customer_00937,50,Haryana,Business,Graduate,1123056,646
CUST00938,Customer_00938,59,Uttar Pradesh,Business,Graduate,993072,690
CUST00939,Customer_00939,47,Gujarat,Business,Under Graduate,1639489,568
CUST00940,Customer_00940,56,Bihar,Professional,Graduate,401161,651
CUST00941,Customer_00941,49,Delhi,Professional,Post Graduate,454685,663
CUST00942,Customer_00942,58,West Bengal,Salaried,Post Graduate,2294506,759
CUST00943,Customer_00943,53,Uttar Pradesh,Self-Employed,Graduate,610690,700
CUST00944,Customer_00944,57,Maharashtra,Salaried,Graduate,484583,586
CUST00945,Customer_00945,47,Haryana,Self-Employed,Graduate,2290323,651
CUST00946,Customer_00946,53,Maharashtra,Professional,Post Graduate,2218880,773
CUST00947,Customer_00947,24,Maharashtra,Salaried,Graduate,818333,656
CUST00948,Customer_00948,42,Haryana,Self-Employed,Under Graduate,730263,758
CUST00949,Customer_00949,22,West Bengal,Self-Employed,Post Graduate,2076953,649
CUST00950,Customer_00950,30,Madhya Pradesh,Salaried,Under Graduate,757884,715
CUST00951,Customer_00951,25,Maharashtra,Salaried,Graduate,2358217,694
CUST00952,Customer_00952,30,Bihar,Self-Employed,Post Graduate,1267794,682
CUST00953,Customer_00953,53,Uttar Pradesh,Salaried,Graduate,2116560,592
CUST00954,Customer_00954,58,Delhi,Self-Employed,Graduate,2278299,569
CUST00955,Customer_00955,33,Delhi,Self-Employed,Post Graduate,365500,708
CUST00956,Customer_00956,51,Karnataka,Self-Employed,Post Graduate,2382206,693
CUST00957,Customer_00957,56,Uttar Pradesh,Salaried,Graduate,1326141,650
CUST00958,Customer_00958,44,Madhya Pradesh,Self-Employed,Post Graduate,774530,624
CUST00959,Customer_00959,35,Maharashtra,Salaried,Graduate,1255434,790
CUST00960,Customer_00960,49,Bihar,Business,Under Graduate,1041885,764
CUST00961,Customer_00961,28,Haryana,Salaried,Graduate,1981033,746
CUST00962,Customer_00962,25,Maharashtra,Business,Graduate,650033,811
CUST00963,Customer_00963,49,Gujarat,Business,Post Graduate,2192333,608
CUST00964,Customer_00964,24,Gujarat,Business,Post Graduate,2000050,711
CUST00965,Customer_00965,32,West Bengal,Salaried,Post Graduate,600220,586
CUST00966,Customer_00966,22,Delhi,Salaried,Post Graduate,849791,660
CUST00967,Customer_00967,47,Haryana,Salaried,Under Graduate,2361216,667
CUST00968,Customer_00968,51,Madhya Pradesh,Salaried,Post Graduate,2172149,639
CUST00969,Customer_00969,56,Maharashtra,Professional,Post Graduate,2090504,687
CUST00970,Customer_00970,56,Bihar,Salaried,Post Graduate,279373,850
CUST00971,Customer_00971,46,Madhya Pradesh,Professional,Under Graduate,2125378,710
CUST00972,Customer_00972,47,Gujarat,Business,Graduate,2004901,764
CUST00973,Customer_00973,25,Madhya Pradesh,Salaried,Post Graduate,2351648,698
CUST00974,Customer_00974,40,Bihar,Self-Employed,Post Graduate,2059691,564
CUST00975,Customer_00975,31,Maharashtra,Salaried,Graduate,1761315,643
CUST00976,Customer_00976,30,Uttar Pradesh,Salaried,Graduate,2470867,650
CUST00977,Customer_00977,60,Gujarat,Salaried,Graduate,2325546,687
CUST00978,Customer_00978,58,Gujarat,Professional,Graduate,2499923,735
CUST00979,Customer_00979,26,Gujarat,Self-Employed,Under Graduate,1194781,755
CUST00980,Customer_00980,28,Bihar,Self-Employed,Graduate,2258657,716
CUST00981,Customer_00981,43,Maharashtra,Salaried,Post Graduate,1074567,770
CUST00982,Customer_00982,46,Delhi,Self-Employed,Graduate,1443961,641
CUST00983,Customer_00983,32,Delhi,Salaried,Post Graduate,1223354,732
CUST00984,Customer_00984,46,Rajasthan,Salaried,Graduate,1739164,728
CUST00985,Customer_00985,33,Madhya Pradesh,Salaried,Graduate,1076326,758
CUST00986,Customer_00986,60,Bihar,Salaried,Under Graduate,631373,635
CUST00987,Customer_00987,38,Gujarat,Self-Employed,Graduate,2134736,828
CUST00988,Customer_00988,45,Haryana,Salaried,Graduate,1239617,631
CUST00989,Customer_00989,53,Gujarat,Professional,Graduate,1819510,655
CUST00990,Customer_00990,60,Rajasthan,Salaried,Graduate,1084865,746
CUST00991,Customer_00991,32,Rajasthan,Self-Employed,Graduate,2185671,572
CUST00992,Customer_00992,56,Gujarat,Salaried,Graduate,1427321,620
CUST00993,Customer_00993,24,Gujarat,Salaried,Graduate,1521927,696
CUST00994,Customer_00994,25,Madhya Pradesh,Professional,Under Graduate,1623632,553
CUST00995,Customer_00995,57,Gujarat,Business,Post Graduate,339312,630
CUST00996,Customer_00996,28,Uttar Pradesh,Self-Employed,Post Graduate,213510,697
CUST00997,Customer_00997,48,West Bengal,Business,Graduate,2018168,628
CUST00998,Customer_00998,51,Haryana,Business,Under Graduate,1790173,824
CUST00999,Customer_00999,29,Bihar,Self-Employed,Graduate,236718,744
CUST01000,Customer_01000,49,Madhya Pradesh,Business,Under Graduate,1684650,724
CUST01001,Customer_01001,34,Uttar Pradesh,Salaried,Graduate,658941,701
CUST01002,Customer_01002,60,Uttar Pradesh,Self-Employed,Under Graduate,1188656,748
CUST01003,Customer_01003,42,Maharashtra,Business,Post Graduate,2291447,694
CUST01004,Customer_01004,31,Gujarat,Salaried,Graduate,1203916,616
CUST01005,Customer_01005,43,Karnataka,Business,Under Graduate,2262499,716
CUST01006,Customer_01006,21,Madhya Pradesh,Salaried,Graduate,1861015,636
CUST01007,Customer_01007,57,Madhya Pradesh,Business,Post Graduate,1472973,722
CUST01008,Customer_01008,41,Bihar,Salaried,Under Graduate,1181234,712
CUST01009,Customer_01009,46,Uttar Pradesh,Salaried,Graduate,1138146,643
CUST01010,Customer_01010,56,Uttar Pradesh,Salaried,Graduate,1987363,844
CUST01011,Customer_01011,43,Delhi,Business,Post Graduate,1899533,786
CUST01012,Customer_01012,21,Karnataka,Salaried,Post Graduate,598396,686
CUST01013,Customer_01013,60,Rajasthan,Self-Employed,Under Graduate,2384125,728
CUST01014,Customer_01014,35,Gujarat,Self-Employed,Post Graduate,1997237,715
CUST01015,Customer_01015,41,Karnataka,Salaried,Graduate,2242543,649
CUST01016,Customer_01016,29,Uttar Pradesh,Professional,Under Graduate,1599786,733
CUST01017,Customer_01017,29,Delhi,Salaried,Under Graduate,798426,675
CUST01018,Customer_01018,30,Madhya Pradesh,Self-Employed,Graduate,1397805,585
CUST01019,Customer_01019,46,Madhya Pradesh,Self-Employed,Graduate,951334,652
CUST01020,Customer_01020,55,Maharashtra,Salaried,Graduate,2302937,652
CUST01021,Customer_01021,45,Gujarat,Salaried,Under Graduate,282808,545
CUST01022,Customer_01022,46,Haryana,Business,Graduate,475885,790
CUST01023,Customer_01023,31,Uttar Pradesh,Professional,Under Graduate,1329818,651
CUST01024,Customer_01024,58,Madhya Pradesh,Salaried,Under Graduate,2104651,662
CUST01025,Customer_01025,22,Uttar Pradesh,Salaried,Graduate,1046407,850
CUST01026,Customer_01026,27,Karnataka,Professional,Graduate,2008123,617
CUST01027,Customer_01027,38,Rajasthan,Salaried,Graduate,1843435,683
CUST01028,Customer_01028,47,Haryana,Self-Employed,Graduate,2095619,571
CUST01029,Customer_01029,54,Bihar,Self-Employed,Graduate,1837292,642
CUST01030,Customer_01030,47,Uttar Pradesh,Salaried,Post Graduate,564660,651
CUST01031,Customer_01031,37,Uttar Pradesh,Self-Employed,Post Graduate,798288,774
CUST01032,Customer_01032,44,Maharashtra,Professional,Under Graduate,243927,627
CUST01033,Customer_01033,45,Maharashtra,Self-Employed,Graduate,570996,754
CUST01034,Customer_01034,27,Madhya Pradesh,Business,Graduate,814044,850
CUST01035,Customer_01035,26,Uttar Pradesh,Self-Employed,Under Graduate,227972,821
CUST01036,Customer_01036,44,Rajasthan,Self-Employed,Graduate,1937733,476
CUST01037,Customer_01037,53,Bihar,Salaried,Graduate,1709544,727
CUST01038,Customer_01038,49,Madhya Pradesh,Business,Post Graduate,1221793,808
CUST01039,Customer_01039,42,Gujarat,Salaried,Under Graduate,1658826,628
CUST01040,Customer_01040,46,Gujarat,Salaried,Graduate,2068290,684
CUST01041,Customer_01041,48,West Bengal,Professional,Graduate,2073576,667
CUST01042,Customer_01042,41,Uttar Pradesh,Business,Under Graduate,491279,762
CUST01043,Customer_01043,27,Bihar,Professional,Graduate,1647900,654
CUST01044,Customer_01044,37,Bihar,Salaried,Graduate,589086,833
CUST01045,Customer_01045,40,Bihar,Business,Post Graduate,1434623,782
CUST01046,Customer_01046,40,Gujarat,Self-Employed,Graduate,436569,572
CUST01047,Customer_01047,42,Rajasthan,Professional,Post Graduate,1847608,573
CUST01048,Customer_01048,48,Rajasthan,Professional,Graduate,1476361,706
CUST01049,Customer_01049,60,Rajasthan,Professional,Under Graduate,1782079,674
CUST01050,Customer_01050,27,West Bengal,Professional,Under Graduate,2250125,684
CUST01051,Customer_01051,21,Karnataka,Salaried,Graduate,1242037,647
CUST01052,Customer_01052,52,Maharashtra,Business,Graduate,1359518,610
CUST01053,Customer_01053,33,Uttar Pradesh,Salaried,Post Graduate,335328,692
CUST01054,Customer_01054,50,Haryana,Business,Graduate,553480,725
CUST01055,Customer_01055,43,West Bengal,Professional,Post Graduate,2447508,768
CUST01056,Customer_01056,39,Maharashtra,Salaried,Graduate,380091,780
CUST01057,Customer_01057,52,Bihar,Self-Employed,Graduate,961563,693
CUST01058,Customer_01058,50,West Bengal,Business,Graduate,1500850,717
CUST01059,Customer_01059,49,Delhi,Salaried,Graduate,1300269,564
CUST01060,Customer_01060,49,Maharashtra,Salaried,Graduate,559415,744
CUST01061,Customer_01061,50,Madhya Pradesh,Salaried,Post Graduate,1037107,790
CUST01062,Customer_01062,36,West Bengal,Salaried,Post Graduate,1598727,739
CUST01063,Customer_01063,60,Haryana,Self-Employed,Post Graduate,1635424,686
CUST01064,Customer_01064,39,Delhi,Self-Employed,Graduate,1235795,618
CUST01065,Customer_01065,38,Delhi,Salaried,Graduate,1300612,618
CUST01066,Customer_01066,21,Uttar Pradesh,Professional,Graduate,853465,676
CUST01067,Customer_01067,34,Haryana,Self-Employed,Graduate,1751687,724
CUST01068,Customer_01068,22,Maharashtra,Self-Employed,Post Graduate,339067,535
CUST01069,Customer_01069,48,West Bengal,Salaried,Post Graduate,2404453,591
CUST01070,Customer_01070,50,Bihar,Self-Employed,Graduate,2300206,760
CUST01071,Customer_01071,58,Karnataka,Salaried,Post Graduate,2318330,820
CUST01072,Customer_01072,24,Maharashtra,Business,Graduate,590004,677
CUST01073,Customer_01073,21,Rajasthan,Self-Employed,Under Graduate,1765941,739
CUST01074,Customer_01074,28,Uttar Pradesh,Salaried,Under Graduate,2467422,681
CUST01075,Customer_01075,49,Gujarat,Professional,Graduate,2348846,699
CUST01076,Customer_01076,59,Haryana,Self-Employed,Graduate,2363493,608
CUST01077,Customer_01077,23,Delhi,Salaried,Post Graduate,868285,732
CUST01078,Customer_01078,52,Rajasthan,Professional,Graduate,953223,634
CUST01079,Customer_01079,30,Uttar Pradesh,Salaried,Under Graduate,1906231,708
CUST01080,Customer_01080,30,West Bengal,Business,Post Graduate,2254197,746
CUST01081,Customer_01081,39,Gujarat,Self-Employed,Post Graduate,470397,737
CUST01082,Customer_01082,54,Delhi,Salaried,Graduate,2382499,630
CUST01083,Customer_01083,53,Haryana,Professional,Graduate,1957393,710
CUST01084,Customer_01084,43,Delhi,Self-Employed,Graduate,402489,647
CUST01085,Customer_01085,48,Rajasthan,Salaried,Graduate,262423,745
CUST01086,Customer_01086,52,Delhi,Professional,Graduate,2136932,753
CUST01087,Customer_01087,27,Gujarat,Self-Employed,Under Graduate,451101,749
CUST01088,Customer_01088,49,Karnataka,Business,Graduate,1495211,802
CUST01089,Customer_01089,28,Haryana,Business,Under Graduate,1267304,730
CUST01090,Customer_01090,21,Uttar Pradesh,Salaried,Under Graduate,1293226,807
CUST01091,Customer_01091,23,Bihar,Salaried,Under Graduate,196025,746
CUST01092,Customer_01092,44,Uttar Pradesh,Salaried,Graduate,1982371,640
CUST01093,Customer_01093,43,Uttar Pradesh,Business,Graduate,2381048,710
CUST01094,Customer_01094,28,Madhya Pradesh,Salaried,Graduate,2172690,773
CUST01095,Customer_01095,57,Karnataka,Salaried,Under Graduate,610197,779
CUST01096,Customer_01096,23,Uttar Pradesh,Salaried,Under Graduate,1913245,661
CUST01097,Customer_01097,53,Rajasthan,Salaried,Graduate,341506,660
CUST01098,Customer_01098,48,Karnataka,Self-Employed,Graduate,553074,740
CUST01099,Customer_01099,28,Haryana,Professional,Graduate,2144450,636
CUST01100,Customer_01100,54,Rajasthan,Salaried,Graduate,1132220,680
CUST01101,Customer_01101,55,Delhi,Salaried,Under Graduate,2319732,703
CUST01102,Customer_01102,52,Rajasthan,Business,Under Graduate,1596891,684
CUST01103,Customer_01103,44,Uttar Pradesh,Salaried,Post Graduate,1355857,757
CUST01104,Customer_01104,34,Uttar Pradesh,Professional,Post Graduate,370173,751
CUST01105,Customer_01105,52,Maharashtra,Self-Employed,Graduate,1331030,707
CUST01106,Customer_01106,36,Bihar,Salaried,Graduate,1507627,611
CUST01107,Customer_01107,24,West Bengal,Professional,Under Graduate,1853649,800
CUST01108,Customer_01108,57,Haryana,Salaried,Under Graduate,2273245,638
CUST01109,Customer_01109,41,Rajasthan,Salaried,Graduate,708772,653
CUST01110,Customer_01110,34,Rajasthan,Salaried,Graduate,1252462,632
CUST01111,Customer_01111,51,Maharashtra,Professional,Graduate,188537,582
CUST01112,Customer_01112,38,Gujarat,Business,Under Graduate,411688,768
CUST01113,Customer_01113,27,Haryana,Salaried,Graduate,924551,829
CUST01114,Customer_01114,30,Maharashtra,Business,Post Graduate,1720236,598
CUST01115,Customer_01115,27,Uttar Pradesh,Self-Employed,Graduate,711180,555
CUST01116,Customer_01116,53,Gujarat,Salaried,Under Graduate,1620299,703
CUST01117,Customer_01117,43,Madhya Pradesh,Business,Graduate,199267,717
CUST01118,Customer_01118,41,Bihar,Business,Graduate,2055404,531
CUST01119,Customer_01119,39,Gujarat,Self-Employed,Graduate,293204,613
CUST01120,Customer_01120,39,Madhya Pradesh,Salaried,Graduate,2275360,790
CUST01121,Customer_01121,56,Maharashtra,Salaried,Post Graduate,670888,737
CUST01122,Customer_01122,49,Bihar,Business,Post Graduate,1860342,789
CUST01123,Customer_01123,38,Bihar,Business,Graduate,871588,612
CUST01124,Customer_01124,22,Karnataka,Self-Employed,Graduate,1741213,690
CUST01125,Customer_01125,21,West Bengal,Business,Graduate,2483108,686
CUST01126,Customer_01126,25,Karnataka,Business,Under Graduate,912120,771
CUST01127,Customer_01127,40,Delhi,Business,Graduate,1930116,643
CUST01128,Customer_01128,31,Madhya Pradesh,Salaried,Under Graduate,628915,652
CUST01129,Customer_01129,22,Gujarat,Salaried,Post Graduate,1819707,729
CUST01130,Customer_01130,23,West Bengal,Self-Employed,Post Graduate,379460,749
CUST01131,Customer_01131,43,Maharashtra,Salaried,Graduate,478356,656
CUST01132,Customer_01132,32,Madhya Pradesh,Business,Graduate,422208,708
CUST01133,Customer_01133,40,Gujarat,Professional,Post Graduate,795414,761
CUST01134,Customer_01134,25,Gujarat,Salaried,Graduate,1036709,714
CUST01135,Customer_01135,57,Maharashtra,Professional,Graduate,1145006,657
CUST01136,Customer_01136,58,Madhya Pradesh,Self-Employed,Under Graduate,551854,713
CUST01137,Customer_01137,50,Haryana,Self-Employed,Graduate,918036,739
CUST01138,Customer_01138,29,Rajasthan,Self-Employed,Graduate,993039,696
CUST01139,Customer_01139,54,Haryana,Salaried,Post Graduate,1182044,730
CUST01140,Customer_01140,55,Bihar,Salaried,Under Graduate,1044726,762
CUST01141,Customer_01141,42,West Bengal,Self-Employed,Graduate,1358234,722
CUST01142,Customer_01142,44,Madhya Pradesh,Professional,Post Graduate,1047046,755
CUST01143,Customer_01143,37,Madhya Pradesh,Self-Employed,Post Graduate,437626,678
CUST01144,Customer_01144,30,Uttar Pradesh,Salaried,Under Graduate,1209259,654
CUST01145,Customer_01145,50,Uttar Pradesh,Salaried,Graduate,1868008,797
CUST01146,Customer_01146,43,Gujarat,Professional,Under Graduate,2042581,522
CUST01147,Customer_01147,52,Bihar,Self-Employed,Graduate,1200286,722
CUST01148,Customer_01148,37,Rajasthan,Professional,Graduate,878902,667
CUST01149,Customer_01149,37,Uttar Pradesh,Self-Employed,Graduate,245258,741
CUST01150,Customer_01150,34,Haryana,Self-Employed,Graduate,2399760,601
CUST01151,Customer_01151,29,Haryana,Business,Post Graduate,2145695,718
CUST01152,Customer_01152,60,Maharashtra,Salaried,Post Graduate,1596151,734
CUST01153,Customer_01153,22,Gujarat,Self-Employed,Graduate,1202997,720
CUST01154,Customer_01154,45,Haryana,Self-Employed,Graduate,976214,625
CUST01155,Customer_01155,59,Gujarat,Self-Employed,Graduate,1713769,645
CUST01156,Customer_01156,29,Maharashtra,Business,Graduate,1400654,743
CUST01157,Customer_01157,42,Gujarat,Salaried,Graduate,275615,682
CUST01158,Customer_01158,24,Maharashtra,Self-Employed,Graduate,810241,540
CUST01159,Customer_01159,46,Maharashtra,Salaried,Graduate,2364239,654
CUST01160,Customer_01160,49,Maharashtra,Salaried,Graduate,1128219,779
CUST01161,Customer_01161,54,Madhya Pradesh,Self-Employed,Under Graduate,1721749,679
CUST01162,Customer_01162,43,Uttar Pradesh,Salaried,Graduate,1069106,591
CUST01163,Customer_01163,57,West Bengal,Self-Employed,Graduate,2297300,663
CUST01164,Customer_01164,31,Bihar,Salaried,Graduate,1673976,689
CUST01165,Customer_01165,26,Maharashtra,Salaried,Graduate,1392501,634
CUST01166,Customer_01166,38,Rajasthan,Salaried,Post Graduate,1504786,791
CUST01167,Customer_01167,41,Maharashtra,Salaried,Under Graduate,1732560,668
CUST01168,Customer_01168,56,Madhya Pradesh,Business,Post Graduate,689517,673
CUST01169,Customer_01169,58,Bihar,Self-Employed,Post Graduate,825757,679
CUST01170,Customer_01170,54,Uttar Pradesh,Professional,Graduate,1571804,555
CUST01171,Customer_01171,37,Maharashtra,Salaried,Graduate,1031059,718
CUST01172,Customer_01172,57,Rajasthan,Business,Graduate,1179191,646
CUST01173,Customer_01173,45,Uttar Pradesh,Self-Employed,Under Graduate,787464,507
CUST01174,Customer_01174,58,Delhi,Salaried,Under Graduate,452497,578
CUST01175,Customer_01175,32,Gujarat,Business,Graduate,2013958,686
CUST01176,Customer_01176,43,Madhya Pradesh,Business,Graduate,1602843,782
CUST01177,Customer_01177,42,Madhya Pradesh,Self-Employed,Graduate,538550,744
CUST01178,Customer_01178,41,Madhya Pradesh,Self-Employed,Graduate,1372519,732
CUST01179,Customer_01179,47,West Bengal,Salaried,Under Graduate,396027,698
CUST01180,Customer_01180,51,Uttar Pradesh,Salaried,Graduate,1878766,719
CUST01181,Customer_01181,26,Uttar Pradesh,Self-Employed,Graduate,1897258,697
CUST01182,Customer_01182,47,Maharashtra,Business,Under Graduate,1614409,635
CUST01183,Customer_01183,60,Uttar Pradesh,Salaried,Graduate,1206788,638
CUST01184,Customer_01184,54,Maharashtra,Salaried,Graduate,1720733,691
CUST01185,Customer_01185,32,Gujarat,Self-Employed,Graduate,2421697,633
CUST01186,Customer_01186,27,Rajasthan,Business,Graduate,2096047,564
CUST01187,Customer_01187,30,West Bengal,Business,Graduate,638890,735
CUST01188,Customer_01188,37,Maharashtra,Salaried,Graduate,1693567,723
CUST01189,Customer_01189,46,Maharashtra,Self-Employed,Post Graduate,1348964,562
CUST01190,Customer_01190,41,West Bengal,Self-Employed,Post Graduate,391455,598
CUST01191,Customer_01191,48,Haryana,Self-Employed,Graduate,1621810,715
CUST01192,Customer_01192,22,Rajasthan,Self-Employed,Under Graduate,493257,604
CUST01193,Customer_01193,21,Madhya Pradesh,Business,Graduate,2393691,692
CUST01194,Customer_01194,56,Haryana,Business,Under Graduate,369278,753
CUST01195,Customer_01195,46,Rajasthan,Self-Employed,Graduate,1245060,655
CUST01196,Customer_01196,49,Maharashtra,Self-Employed,Graduate,663920,740
CUST01197,Customer_01197,41,Haryana,Salaried,Graduate,743894,652
CUST01198,Customer_01198,31,Madhya Pradesh,Salaried,Graduate,2077626,665
CUST01199,Customer_01199,60,Uttar Pradesh,Professional,Under Graduate,2403956,721
CUST01200,Customer_01200,31,Rajasthan,Self-Employed,Graduate,373850,740
CUST01201,Customer_01201,56,Bihar,Self-Employed,Graduate,2224269,596
CUST01202,Customer_01202,59,Karnataka,Business,Graduate,1099459,591
CUST01203,Customer_01203,60,Uttar Pradesh,Salaried,Graduate,2483606,576
CUST01204,Customer_01204,55,Karnataka,Business,Under Graduate,449222,816
CUST01205,Customer_01205,54,Rajasthan,Business,Under Graduate,2382999,657
CUST01206,Customer_01206,44,Bihar,Business,Graduate,233932,638
CUST01207,Customer_01207,42,Uttar Pradesh,Salaried,Graduate,1835694,712
CUST01208,Customer_01208,25,Gujarat,Self-Employed,Graduate,513843,566
CUST01209,Customer_01209,53,Karnataka,Salaried,Graduate,2322753,662
CUST01210,Customer_01210,56,Bihar,Self-Employed,Graduate,2170457,691
CUST01211,Customer_01211,40,Maharashtra,Business,Graduate,1825115,617
CUST01212,Customer_01212,39,Madhya Pradesh,Salaried,Post Graduate,2365214,603
CUST01213,Customer_01213,55,Haryana,Self-Employed,Graduate,1267949,662
CUST01214,Customer_01214,37,Uttar Pradesh,Salaried,Graduate,1213373,653
CUST01215,Customer_01215,54,Gujarat,Business,Graduate,2392444,651
CUST01216,Customer_01216,29,Madhya Pradesh,Self-Employed,Post Graduate,497145,578
CUST01217,Customer_01217,46,Maharashtra,Salaried,Graduate,329826,577
CUST01218,Customer_01218,22,Rajasthan,Salaried,Graduate,1193848,784
CUST01219,Customer_01219,29,Maharashtra,Business,Graduate,1175367,592
CUST01220,Customer_01220,29,Haryana,Self-Employed,Graduate,848581,675
CUST01221,Customer_01221,60,Gujarat,Salaried,Graduate,261628,678
CUST01222,Customer_01222,37,Madhya Pradesh,Salaried,Under Graduate,2401561,654
CUST01223,Customer_01223,21,Bihar,Salaried,Post Graduate,431991,678
CUST01224,Customer_01224,45,Maharashtra,Business,Post Graduate,183740,663
CUST01225,Customer_01225,60,Haryana,Business,Under Graduate,1873578,659
CUST01226,Customer_01226,45,Rajasthan,Salaried,Post Graduate,1401320,769
CUST01227,Customer_01227,59,Rajasthan,Salaried,Post Graduate,2249603,618
CUST01228,Customer_01228,55,Rajasthan,Salaried,Graduate,2272887,642
CUST01229,Customer_01229,23,Rajasthan,Professional,Graduate,732807,758
CUST01230,Customer_01230,57,Maharashtra,Self-Employed,Graduate,500472,646
CUST01231,Customer_01231,50,Uttar Pradesh,Business,Graduate,1938496,656
CUST01232,Customer_01232,58,Uttar Pradesh,Business,Graduate,1710270,645
CUST01233,Customer_01233,54,Delhi,Business,Post Graduate,834281,769
CUST01234,Customer_01234,32,Maharashtra,Professional,Graduate,1776756,757
CUST01235,Customer_01235,39,Uttar Pradesh,Salaried,Post Graduate,1229658,601
CUST01236,Customer_01236,57,Haryana,Professional,Post Graduate,1489308,796
CUST01237,Customer_01237,37,Uttar Pradesh,Business,Graduate,1239831,528
CUST01238,Customer_01238,30,Gujarat,Salaried,Graduate,2156174,564
CUST01239,Customer_01239,32,Bihar,Business,Graduate,1708026,571
CUST01240,Customer_01240,36,Uttar Pradesh,Business,Graduate,1914587,607
CUST01241,Customer_01241,44,Bihar,Business,Graduate,1001350,658
CUST01242,Customer_01242,39,Uttar Pradesh,Salaried,Post Graduate,524947,610
CUST01243,Customer_01243,28,Haryana,Self-Employed,Graduate,428437,599
CUST01244,Customer_01244,51,Rajasthan,Salaried,Under Graduate,1807254,725
CUST01245,Customer_01245,41,Uttar Pradesh,Business,Under Graduate,413351,663
CUST01246,Customer_01246,37,Maharashtra,Professional,Graduate,338083,745
CUST01247,Customer_01247,43,Rajasthan,Self-Employed,Post Graduate,1711357,755
CUST01248,Customer_01248,57,Maharashtra,Self-Employed,Graduate,1363839,697
CUST01249,Customer_01249,36,Maharashtra,Business,Post Graduate,2413847,737
CUST01250,Customer_01250,26,Madhya Pradesh,Salaried,Graduate,2251775,671
CUST01251,Customer_01251,28,Haryana,Self-Employed,Post Graduate,2428817,592
CUST01252,Customer_01252,45,Bihar,Business,Graduate,544873,579
CUST01253,Customer_01253,38,Delhi,Salaried,Under Graduate,1699094,539
CUST01254,Customer_01254,45,Karnataka,Salaried,Graduate,2207464,742
CUST01255,Customer_01255,32,Maharashtra,Business,Graduate,2051000,696
CUST01256,Customer_01256,35,Haryana,Salaried,Graduate,787448,463
CUST01257,Customer_01257,46,Delhi,Business,Post Graduate,720136,733
CUST01258,Customer_01258,46,Bihar,Salaried,Post Graduate,1027605,689
CUST01259,Customer_01259,52,West Bengal,Salaried,Under Graduate,555055,616
CUST01260,Customer_01260,30,Maharashtra,Self-Employed,Under Graduate,1629309,615
CUST01261,Customer_01261,36,Maharashtra,Self-Employed,Graduate,1199301,663
CUST01262,Customer_01262,27,Delhi,Self-Employed,Graduate,1428774,774
CUST01263,Customer_01263,37,Rajasthan,Self-Employed,Graduate,664044,687
CUST01264,Customer_01264,43,Bihar,Self-Employed,Under Graduate,1759808,631
CUST01265,Customer_01265,46,Uttar Pradesh,Self-Employed,Under Graduate,671837,850
CUST01266,Customer_01266,41,Delhi,Salaried,Graduate,952255,759
CUST01267,Customer_01267,42,Haryana,Salaried,Post Graduate,443002,757
CUST01268,Customer_01268,27,Madhya Pradesh,Salaried,Post Graduate,1848918,763
CUST01269,Customer_01269,34,West Bengal,Salaried,Post Graduate,943326,779
CUST01270,Customer_01270,35,Maharashtra,Salaried,Under Graduate,2040558,722
CUST01271,Customer_01271,27,Maharashtra,Salaried,Graduate,1077271,692
CUST01272,Customer_01272,29,Gujarat,Professional,Under Graduate,1042072,698
CUST01273,Customer_01273,28,Delhi,Salaried,Graduate,2482239,586
CUST01274,Customer_01274,43,Maharashtra,Salaried,Graduate,250909,522
CUST01275,Customer_01275,49,Uttar Pradesh,Business,Graduate,1523091,743
CUST01276,Customer_01276,38,Haryana,Salaried,Graduate,2028242,826
CUST01277,Customer_01277,51,West Bengal,Salaried,Post Graduate,988027,662
CUST01278,Customer_01278,50,Gujarat,Salaried,Post Graduate,2068898,794
CUST01279,Customer_01279,59,Maharashtra,Salaried,Graduate,1855069,805
CUST01280,Customer_01280,55,West Bengal,Salaried,Post Graduate,695806,651
CUST01281,Customer_01281,38,Karnataka,Salaried,Graduate,470828,781
CUST01282,Customer_01282,59,Rajasthan,Business,Under Graduate,627301,737
CUST01283,Customer_01283,37,Haryana,Salaried,Graduate,502068,666
CUST01284,Customer_01284,34,Haryana,Salaried,Graduate,2022678,730
CUST01285,Customer_01285,51,West Bengal,Self-Employed,Graduate,1213741,711
CUST01286,Customer_01286,44,Haryana,Salaried,Graduate,1561190,543
CUST01287,Customer_01287,55,Gujarat,Salaried,Graduate,1034421,850
CUST01288,Customer_01288,54,Madhya Pradesh,Business,Under Graduate,1344831,609
CUST01289,Customer_01289,23,Rajasthan,Professional,Graduate,1493193,705
CUST01290,Customer_01290,57,Gujarat,Business,Graduate,1736915,828
CUST01291,Customer_01291,60,Haryana,Salaried,Post Graduate,857968,670
CUST01292,Customer_01292,46,West Bengal,Professional,Graduate,1489877,634
CUST01293,Customer_01293,43,Rajasthan,Salaried,Under Graduate,1531934,700
CUST01294,Customer_01294,59,Madhya Pradesh,Salaried,Under Graduate,2176628,664
CUST01295,Customer_01295,35,Rajasthan,Self-Employed,Post Graduate,943865,782
CUST01296,Customer_01296,24,Gujarat,Business,Graduate,2371525,627
CUST01297,Customer_01297,49,Gujarat,Salaried,Graduate,593951,647
CUST01298,Customer_01298,42,Uttar Pradesh,Self-Employed,Graduate,2207717,683
CUST01299,Customer_01299,45,Madhya Pradesh,Business,Graduate,415309,593
CUST01300,Customer_01300,33,Uttar Pradesh,Salaried,Graduate,2325138,649
CUST01301,Customer_01301,38,Uttar Pradesh,Self-Employed,Under Graduate,276780,649
CUST01302,Customer_01302,53,Haryana,Salaried,Graduate,1123368,595
CUST01303,Customer_01303,36,Maharashtra,Salaried,Graduate,2184920,643
CUST01304,Customer_01304,22,Bihar,Salaried,Graduate,835914,745
CUST01305,Customer_01305,55,Uttar Pradesh,Self-Employed,Graduate,491302,540
CUST01306,Customer_01306,54,Uttar Pradesh,Salaried,Graduate,378699,766
CUST01307,Customer_01307,50,Delhi,Business,Under Graduate,2141131,651
CUST01308,Customer_01308,33,Rajasthan,Professional,Graduate,2304901,715
CUST01309,Customer_01309,33,Karnataka,Professional,Under Graduate,554339,765
CUST01310,Customer_01310,38,Bihar,Salaried,Post Graduate,2065817,620
CUST01311,Customer_01311,52,Maharashtra,Salaried,Under Graduate,385611,724
CUST01312,Customer_01312,52,Bihar,Salaried,Graduate,1152750,592
CUST01313,Customer_01313,55,Delhi,Business,Graduate,2153543,585
CUST01314,Customer_01314,59,Madhya Pradesh,Professional,Graduate,1672906,672
CUST01315,Customer_01315,49,Karnataka,Business,Under Graduate,2110410,678
CUST01316,Customer_01316,49,Madhya Pradesh,Self-Employed,Post Graduate,1777330,762
CUST01317,Customer_01317,36,Rajasthan,Salaried,Post Graduate,1876076,579
CUST01318,Customer_01318,30,Haryana,Business,Graduate,1919798,734
CUST01319,Customer_01319,50,West Bengal,Salaried,Graduate,2391513,659
CUST01320,Customer_01320,45,Bihar,Salaried,Graduate,1066999,679
CUST01321,Customer_01321,59,Maharashtra,Business,Graduate,541514,529
CUST01322,Customer_01322,40,Madhya Pradesh,Self-Employed,Graduate,1021328,673
CUST01323,Customer_01323,25,Rajasthan,Salaried,Graduate,444934,745
CUST01324,Customer_01324,21,West Bengal,Salaried,Post Graduate,1596103,666
CUST01325,Customer_01325,50,Rajasthan,Salaried,Under Graduate,633021,661
CUST01326,Customer_01326,23,Uttar Pradesh,Self-Employed,Post Graduate,1273025,827
CUST01327,Customer_01327,34,West Bengal,Salaried,Post Graduate,2173325,685
CUST01328,Customer_01328,50,Haryana,Business,Under Graduate,342408,555
CUST01329,Customer_01329,24,Uttar Pradesh,Salaried,Graduate,1673307,570
CUST01330,Customer_01330,38,Karnataka,Self-Employed,Graduate,2387616,799
CUST01331,Customer_01331,57,Bihar,Salaried,Post Graduate,870942,651
CUST01332,Customer_01332,45,Bihar,Salaried,Graduate,2365714,749
CUST01333,Customer_01333,21,Karnataka,Self-Employed,Graduate,1460074,660
CUST01334,Customer_01334,35,Madhya Pradesh,Business,Graduate,1030152,718
CUST01335,Customer_01335,29,Uttar Pradesh,Salaried,Graduate,262131,655
CUST01336,Customer_01336,35,Bihar,Self-Employed,Graduate,766718,678
CUST01337,Customer_01337,44,Delhi,Business,Graduate,834617,723
CUST01338,Customer_01338,24,Uttar Pradesh,Salaried,Graduate,733744,594
CUST01339,Customer_01339,32,Madhya Pradesh,Salaried,Graduate,1387860,710
CUST01340,Customer_01340,57,Gujarat,Salaried,Under Graduate,1726445,703
CUST01341,Customer_01341,57,Bihar,Self-Employed,Under Graduate,1347364,573
CUST01342,Customer_01342,26,Gujarat,Salaried,Under Graduate,737203,850
CUST01343,Customer_01343,59,Karnataka,Salaried,Under Graduate,1424850,662
CUST01344,Customer_01344,44,Rajasthan,Self-Employed,Graduate,2213325,610
CUST01345,Customer_01345,31,Bihar,Professional,Under Graduate,1733730,800
CUST01346,Customer_01346,33,Maharashtra,Salaried,Graduate,1915042,595
CUST01347,Customer_01347,54,Madhya Pradesh,Salaried,Post Graduate,2305192,643
CUST01348,Customer_01348,45,Karnataka,Self-Employed,Graduate,1111466,701
CUST01349,Customer_01349,27,Bihar,Salaried,Under Graduate,515534,645
CUST01350,Customer_01350,24,Bihar,Salaried,Graduate,1723932,729
CUST01351,Customer_01351,28,Bihar,Self-Employed,Graduate,502809,731
CUST01352,Customer_01352,40,Madhya Pradesh,Professional,Under Graduate,1088264,631
CUST01353,Customer_01353,49,Maharashtra,Business,Post Graduate,2338476,800
CUST01354,Customer_01354,30,Haryana,Salaried,Graduate,274855,667
CUST01355,Customer_01355,54,Maharashtra,Business,Post Graduate,820446,705
CUST01356,Customer_01356,46,Gujarat,Salaried,Graduate,837957,661
CUST01357,Customer_01357,23,Rajasthan,Salaried,Post Graduate,2075705,657
CUST01358,Customer_01358,26,Madhya Pradesh,Professional,Graduate,897943,685
CUST01359,Customer_01359,25,Uttar Pradesh,Professional,Under Graduate,1174556,828
CUST01360,Customer_01360,25,Delhi,Salaried,Graduate,1197702,721
CUST01361,Customer_01361,43,Maharashtra,Salaried,Under Graduate,782078,611
CUST01362,Customer_01362,29,Uttar Pradesh,Salaried,Graduate,1427708,696
CUST01363,Customer_01363,55,Madhya Pradesh,Self-Employed,Graduate,1147744,648
CUST01364,Customer_01364,40,Gujarat,Business,Graduate,1760348,763
CUST01365,Customer_01365,55,Uttar Pradesh,Salaried,Graduate,1347533,682
CUST01366,Customer_01366,38,Uttar Pradesh,Salaried,Graduate,2497726,583
CUST01367,Customer_01367,37,Haryana,Salaried,Under Graduate,1196552,721
CUST01368,Customer_01368,44,Haryana,Salaried,Graduate,969506,628
CUST01369,Customer_01369,23,Maharashtra,Business,Graduate,2066650,720
CUST01370,Customer_01370,52,Madhya Pradesh,Business,Graduate,1484654,762
CUST01371,Customer_01371,55,Rajasthan,Salaried,Graduate,1416344,669
CUST01372,Customer_01372,58,Gujarat,Salaried,Post Graduate,1914794,678
CUST01373,Customer_01373,33,Karnataka,Salaried,Under Graduate,1657422,703
CUST01374,Customer_01374,45,Uttar Pradesh,Self-Employed,Graduate,1417874,640
CUST01375,Customer_01375,29,Delhi,Salaried,Graduate,2183639,697
CUST01376,Customer_01376,24,Rajasthan,Self-Employed,Graduate,1461786,706
CUST01377,Customer_01377,34,Madhya Pradesh,Salaried,Under Graduate,1515372,623
CUST01378,Customer_01378,57,Gujarat,Salaried,Post Graduate,2403260,780
CUST01379,Customer_01379,54,Karnataka,Business,Under Graduate,2210097,561
CUST01380,Customer_01380,31,Uttar Pradesh,Salaried,Graduate,767606,751
CUST01381,Customer_01381,23,Uttar Pradesh,Business,Under Graduate,1086824,793
CUST01382,Customer_01382,48,Uttar Pradesh,Self-Employed,Under Graduate,1855453,749
CUST01383,Customer_01383,49,West Bengal,Business,Under Graduate,680586,611
CUST01384,Customer_01384,29,Delhi,Salaried,Graduate,1445925,755
CUST01385,Customer_01385,23,Madhya Pradesh,Business,Post Graduate,1750959,848
CUST01386,Customer_01386,45,Uttar Pradesh,Salaried,Graduate,347396,677
CUST01387,Customer_01387,54,Karnataka,Professional,Post Graduate,2148405,690
CUST01388,Customer_01388,32,Haryana,Business,Graduate,1844701,748
CUST01389,Customer_01389,29,Gujarat,Salaried,Post Graduate,802230,625
CUST01390,Customer_01390,35,Bihar,Salaried,Under Graduate,1640530,575
CUST01391,Customer_01391,60,Uttar Pradesh,Business,Post Graduate,2222462,722
CUST01392,Customer_01392,45,Madhya Pradesh,Professional,Post Graduate,781243,693
CUST01393,Customer_01393,25,Delhi,Business,Post Graduate,1667147,612
CUST01394,Customer_01394,31,Uttar Pradesh,Business,Post Graduate,2099322,719
CUST01395,Customer_01395,54,Gujarat,Business,Graduate,611526,664
CUST01396,Customer_01396,44,Maharashtra,Self-Employed,Graduate,1331401,718
CUST01397,Customer_01397,35,Delhi,Salaried,Post Graduate,620635,704
CUST01398,Customer_01398,58,Madhya Pradesh,Salaried,Graduate,2109853,700
CUST01399,Customer_01399,28,Uttar Pradesh,Self-Employed,Post Graduate,1640024,689
CUST01400,Customer_01400,25,Rajasthan,Salaried,Under Graduate,2084735,558
CUST01401,Customer_01401,46,Bihar,Self-Employed,Graduate,1673810,577
CUST01402,Customer_01402,38,Maharashtra,Salaried,Under Graduate,1372672,825
CUST01403,Customer_01403,26,Haryana,Self-Employed,Graduate,2071053,794
CUST01404,Customer_01404,57,Uttar Pradesh,Salaried,Graduate,1166374,669
CUST01405,Customer_01405,33,Maharashtra,Self-Employed,Graduate,920939,722
CUST01406,Customer_01406,48,Uttar Pradesh,Self-Employed,Under Graduate,910480,565
CUST01407,Customer_01407,25,Uttar Pradesh,Salaried,Under Graduate,1191284,578
CUST01408,Customer_01408,33,Maharashtra,Business,Graduate,335531,469
CUST01409,Customer_01409,37,Uttar Pradesh,Self-Employed,Graduate,2298907,609
CUST01410,Customer_01410,60,Madhya Pradesh,Business,Graduate,2275934,641
CUST01411,Customer_01411,52,Uttar Pradesh,Salaried,Post Graduate,1205340,743
CUST01412,Customer_01412,49,Gujarat,Salaried,Post Graduate,420623,673
CUST01413,Customer_01413,23,Uttar Pradesh,Salaried,Post Graduate,2468933,710
CUST01414,Customer_01414,60,Uttar Pradesh,Salaried,Under Graduate,1985318,662
CUST01415,Customer_01415,54,Maharashtra,Salaried,Post Graduate,1943542,680
CUST01416,Customer_01416,60,Karnataka,Salaried,Graduate,569746,663
CUST01417,Customer_01417,47,Gujarat,Business,Graduate,978647,709
CUST01418,Customer_01418,33,Delhi,Professional,Under Graduate,2075593,485
CUST01419,Customer_01419,53,Uttar Pradesh,Professional,Post Graduate,1037087,690
CUST01420,Customer_01420,26,Haryana,Professional,Graduate,2312228,678
CUST01421,Customer_01421,44,Uttar Pradesh,Self-Employed,Graduate,951885,815
CUST01422,Customer_01422,39,Maharashtra,Self-Employed,Post Graduate,1089130,707
CUST01423,Customer_01423,36,Madhya Pradesh,Salaried,Graduate,1572257,809
CUST01424,Customer_01424,60,Bihar,Salaried,Post Graduate,250655,631
CUST01425,Customer_01425,48,West Bengal,Business,Post Graduate,595336,633
CUST01426,Customer_01426,53,Uttar Pradesh,Business,Graduate,1294677,816
CUST01427,Customer_01427,33,West Bengal,Business,Post Graduate,634251,672
CUST01428,Customer_01428,45,Gujarat,Business,Graduate,2420314,629
CUST01429,Customer_01429,56,Madhya Pradesh,Salaried,Graduate,2270261,692
CUST01430,Customer_01430,47,Uttar Pradesh,Self-Employed,Graduate,1912142,704
CUST01431,Customer_01431,58,Maharashtra,Self-Employed,Post Graduate,1514295,783
CUST01432,Customer_01432,27,Karnataka,Professional,Post Graduate,2067664,630
CUST01433,Customer_01433,25,Bihar,Professional,Graduate,1272061,746
CUST01434,Customer_01434,51,Gujarat,Self-Employed,Under Graduate,1447181,821
CUST01435,Customer_01435,43,West Bengal,Salaried,Graduate,202901,774
CUST01436,Customer_01436,30,Maharashtra,Salaried,Graduate,1137177,826
CUST01437,Customer_01437,52,Madhya Pradesh,Salaried,Graduate,1206139,691
CUST01438,Customer_01438,50,Gujarat,Business,Post Graduate,1528730,735
CUST01439,Customer_01439,59,Uttar Pradesh,Salaried,Graduate,1240235,632
CUST01440,Customer_01440,51,Uttar Pradesh,Salaried,Graduate,1224395,850
CUST01441,Customer_01441,38,Rajasthan,Salaried,Graduate,2054438,757
CUST01442,Customer_01442,56,Bihar,Professional,Graduate,290265,707
CUST01443,Customer_01443,22,Delhi,Self-Employed,Under Graduate,1047422,686
CUST01444,Customer_01444,34,Uttar Pradesh,Self-Employed,Graduate,1490077,530
CUST01445,Customer_01445,33,West Bengal,Salaried,Graduate,911067,527
CUST01446,Customer_01446,49,Uttar Pradesh,Salaried,Graduate,1786008,608
CUST01447,Customer_01447,32,Madhya Pradesh,Salaried,Post Graduate,2040834,649
CUST01448,Customer_01448,59,Madhya Pradesh,Business,Post Graduate,2434470,739
CUST01449,Customer_01449,22,Uttar Pradesh,Business,Graduate,990436,751
CUST01450,Customer_01450,52,Uttar Pradesh,Self-Employed,Graduate,1965119,690
CUST01451,Customer_01451,33,Haryana,Salaried,Post Graduate,310868,714
CUST01452,Customer_01452,47,Karnataka,Business,Graduate,1239678,677
CUST01453,Customer_01453,37,Maharashtra,Self-Employed,Post Graduate,2342643,772
CUST01454,Customer_01454,60,Rajasthan,Salaried,Under Graduate,1840289,635
CUST01455,Customer_01455,51,Bihar,Salaried,Graduate,1632348,666
CUST01456,Customer_01456,54,Uttar Pradesh,Self-Employed,Graduate,1280972,704
CUST01457,Customer_01457,44,Gujarat,Self-Employed,Graduate,1704255,632
CUST01458,Customer_01458,55,Haryana,Professional,Under Graduate,748911,578
CUST01459,Customer_01459,26,Maharashtra,Business,Post Graduate,1709759,717
CUST01460,Customer_01460,39,West Bengal,Salaried,Graduate,196351,850
CUST01461,Customer_01461,50,Uttar Pradesh,Business,Graduate,2292120,698
CUST01462,Customer_01462,27,Gujarat,Salaried,Post Graduate,516403,746
CUST01463,Customer_01463,30,Rajasthan,Self-Employed,Graduate,2317748,665
CUST01464,Customer_01464,52,Rajasthan,Self-Employed,Graduate,817958,720
CUST01465,Customer_01465,54,Rajasthan,Self-Employed,Graduate,894617,584
CUST01466,Customer_01466,48,Maharashtra,Business,Post Graduate,1847032,609
CUST01467,Customer_01467,35,Delhi,Business,Graduate,1664373,736
CUST01468,Customer_01468,50,Delhi,Business,Graduate,1789089,672
CUST01469,Customer_01469,57,Maharashtra,Salaried,Under Graduate,2268436,565
CUST01470,Customer_01470,49,Haryana,Salaried,Graduate,2241458,659
CUST01471,Customer_01471,42,Maharashtra,Self-Employed,Graduate,1456357,759
CUST01472,Customer_01472,24,Delhi,Professional,Post Graduate,475229,643
CUST01473,Customer_01473,40,Uttar Pradesh,Salaried,Graduate,2023904,520
CUST01474,Customer_01474,52,Uttar Pradesh,Salaried,Post Graduate,1242361,822
CUST01475,Customer_01475,56,Maharashtra,Salaried,Graduate,2073393,699
CUST01476,Customer_01476,24,Madhya Pradesh,Self-Employed,Post Graduate,1190490,812
CUST01477,Customer_01477,47,Gujarat,Business,Post Graduate,1052596,716
CUST01478,Customer_01478,37,Bihar,Business,Under Graduate,1137157,641
CUST01479,Customer_01479,32,Uttar Pradesh,Professional,Post Graduate,1403117,717
CUST01480,Customer_01480,42,Bihar,Business,Graduate,605119,714
CUST01481,Customer_01481,37,Gujarat,Salaried,Graduate,511686,828
CUST01482,Customer_01482,30,Gujarat,Self-Employed,Graduate,1175042,786
CUST01483,Customer_01483,21,Uttar Pradesh,Self-Employed,Under Graduate,797424,741
CUST01484,Customer_01484,42,Uttar Pradesh,Professional,Under Graduate,1407318,719
CUST01485,Customer_01485,46,Delhi,Salaried,Graduate,1766814,696
CUST01486,Customer_01486,38,Uttar Pradesh,Salaried,Graduate,2437987,647
CUST01487,Customer_01487,34,Uttar Pradesh,Salaried,Graduate,1018333,771
CUST01488,Customer_01488,49,Uttar Pradesh,Self-Employed,Under Graduate,1810451,658
CUST01489,Customer_01489,32,Rajasthan,Salaried,Graduate,489711,672
CUST01490,Customer_01490,56,Rajasthan,Self-Employed,Graduate,2075045,695
CUST01491,Customer_01491,55,Gujarat,Business,Graduate,2184287,643
CUST01492,Customer_01492,32,Maharashtra,Salaried,Graduate,2328674,656
CUST01493,Customer_01493,27,Delhi,Self-Employed,Graduate,215371,690
CUST01494,Customer_01494,49,Uttar Pradesh,Professional,Graduate,1365395,684
CUST01495,Customer_01495,31,Haryana,Self-Employed,Graduate,1854701,799
CUST01496,Customer_01496,53,Madhya Pradesh,Salaried,Graduate,2432173,575
CUST01497,Customer_01497,26,Madhya Pradesh,Salaried,Graduate,680104,732
CUST01498,Customer_01498,35,Maharashtra,Self-Employed,Graduate,1934339,654
CUST01499,Customer_01499,52,Uttar Pradesh,Salaried,Under Graduate,2280118,664
CUST01500,Customer_01500,31,Rajasthan,Self-Employed,Post Graduate,2007982,512
CUST01501,Customer_01501,43,Madhya Pradesh,Professional,Post Graduate,944422,634
CUST01502,Customer_01502,46,Uttar Pradesh,Self-Employed,Graduate,2088115,729
CUST01503,Customer_01503,54,West Bengal,Salaried,Post Graduate,1728614,638
CUST01504,Customer_01504,54,West Bengal,Salaried,Graduate,1718530,654
CUST01505,Customer_01505,49,Madhya Pradesh,Professional,Graduate,2035589,667
CUST01506,Customer_01506,24,West Bengal,Business,Graduate,696758,705
CUST01507,Customer_01507,37,Uttar Pradesh,Self-Employed,Graduate,356344,815
CUST01508,Customer_01508,55,Uttar Pradesh,Salaried,Graduate,2052033,685
CUST01509,Customer_01509,33,Uttar Pradesh,Business,Graduate,692677,850
CUST01510,Customer_01510,59,Madhya Pradesh,Salaried,Graduate,1598101,850
CUST01511,Customer_01511,35,Uttar Pradesh,Salaried,Graduate,2084497,813
CUST01512,Customer_01512,49,West Bengal,Salaried,Post Graduate,1395883,766
CUST01513,Customer_01513,49,Uttar Pradesh,Salaried,Graduate,2491176,716
CUST01514,Customer_01514,31,Maharashtra,Salaried,Under Graduate,504492,804
CUST01515,Customer_01515,52,Haryana,Salaried,Graduate,378079,848
CUST01516,Customer_01516,22,Maharashtra,Salaried,Graduate,1299225,698
CUST01517,Customer_01517,34,Maharashtra,Self-Employed,Under Graduate,2177587,710
CUST01518,Customer_01518,40,Gujarat,Self-Employed,Graduate,1747316,748
CUST01519,Customer_01519,42,Maharashtra,Salaried,Post Graduate,2022747,682
CUST01520,Customer_01520,31,Maharashtra,Professional,Graduate,1950620,801
CUST01521,Customer_01521,47,Maharashtra,Salaried,Graduate,991048,598
CUST01522,Customer_01522,23,Rajasthan,Salaried,Graduate,527820,716
CUST01523,Customer_01523,37,West Bengal,Salaried,Under Graduate,538725,601
CUST01524,Customer_01524,48,Haryana,Self-Employed,Graduate,1600972,687
CUST01525,Customer_01525,49,Maharashtra,Salaried,Graduate,1506265,635
CUST01526,Customer_01526,41,Bihar,Salaried,Post Graduate,2055184,686
CUST01527,Customer_01527,36,Rajasthan,Self-Employed,Graduate,2026610,564
CUST01528,Customer_01528,57,West Bengal,Self-Employed,Under Graduate,2240494,735
CUST01529,Customer_01529,40,Uttar Pradesh,Business,Graduate,2137528,661
CUST01530,Customer_01530,26,Bihar,Business,Post Graduate,2123667,770
CUST01531,Customer_01531,39,Delhi,Professional,Graduate,365594,686
CUST01532,Customer_01532,25,West Bengal,Salaried,Graduate,1895087,753
CUST01533,Customer_01533,23,Uttar Pradesh,Salaried,Post Graduate,1697750,655
CUST01534,Customer_01534,21,Maharashtra,Professional,Graduate,2419139,750
CUST01535,Customer_01535,58,Maharashtra,Self-Employed,Graduate,1427823,848
CUST01536,Customer_01536,35,Uttar Pradesh,Business,Under Graduate,1409730,633
CUST01537,Customer_01537,54,Madhya Pradesh,Salaried,Graduate,1896986,751
CUST01538,Customer_01538,55,Gujarat,Salaried,Under Graduate,620398,597
CUST01539,Customer_01539,45,Madhya Pradesh,Salaried,Post Graduate,1476157,680
CUST01540,Customer_01540,44,Uttar Pradesh,Salaried,Post Graduate,1054179,551
CUST01541,Customer_01541,32,Uttar Pradesh,Salaried,Under Graduate,1379841,740
CUST01542,Customer_01542,38,Maharashtra,Salaried,Graduate,537974,646
CUST01543,Customer_01543,35,Maharashtra,Self-Employed,Under Graduate,2112766,746
CUST01544,Customer_01544,36,Haryana,Salaried,Graduate,588233,713
CUST01545,Customer_01545,47,Uttar Pradesh,Salaried,Under Graduate,1123761,672
CUST01546,Customer_01546,28,Uttar Pradesh,Salaried,Graduate,372979,748
CUST01547,Customer_01547,45,Bihar,Salaried,Under Graduate,2051218,770
CUST01548,Customer_01548,37,Bihar,Salaried,Under Graduate,2342056,659
CUST01549,Customer_01549,49,Rajasthan,Salaried,Post Graduate,997169,773
CUST01550,Customer_01550,28,Haryana,Salaried,Graduate,1549230,673
CUST01551,Customer_01551,35,Uttar Pradesh,Business,Post Graduate,1037550,484
CUST01552,Customer_01552,47,Gujarat,Salaried,Graduate,1031450,706
CUST01553,Customer_01553,27,Bihar,Business,Graduate,1368002,641
CUST01554,Customer_01554,23,Maharashtra,Business,Graduate,1177554,661
CUST01555,Customer_01555,49,West Bengal,Self-Employed,Graduate,1008475,539
CUST01556,Customer_01556,44,Maharashtra,Salaried,Graduate,980851,712
CUST01557,Customer_01557,23,Gujarat,Salaried,Graduate,1320728,638
CUST01558,Customer_01558,40,Maharashtra,Self-Employed,Graduate,1581360,651
CUST01559,Customer_01559,35,Rajasthan,Professional,Graduate,1538360,769
CUST01560,Customer_01560,45,Haryana,Professional,Graduate,2453661,532
CUST01561,Customer_01561,50,Karnataka,Salaried,Graduate,1909750,718
CUST01562,Customer_01562,34,Haryana,Self-Employed,Graduate,1326551,719
CUST01563,Customer_01563,27,Madhya Pradesh,Business,Post Graduate,532406,708
CUST01564,Customer_01564,37,Maharashtra,Business,Graduate,744012,773
CUST01565,Customer_01565,40,Gujarat,Self-Employed,Under Graduate,2236822,756
CUST01566,Customer_01566,56,Gujarat,Salaried,Graduate,1732805,700
CUST01567,Customer_01567,29,Uttar Pradesh,Salaried,Graduate,1238735,634
CUST01568,Customer_01568,58,Rajasthan,Self-Employed,Graduate,1318603,656
CUST01569,Customer_01569,42,Haryana,Business,Post Graduate,638958,688
CUST01570,Customer_01570,22,Rajasthan,Professional,Graduate,2181670,515
CUST01571,Customer_01571,44,Maharashtra,Business,Under Graduate,2272701,652
CUST01572,Customer_01572,28,Karnataka,Salaried,Graduate,2238827,780
CUST01573,Customer_01573,31,Uttar Pradesh,Business,Graduate,1612115,661
CUST01574,Customer_01574,33,Maharashtra,Salaried,Under Graduate,2297857,751
CUST01575,Customer_01575,37,Gujarat,Self-Employed,Graduate,949629,755
CUST01576,Customer_01576,28,Bihar,Self-Employed,Under Graduate,959043,781
CUST01577,Customer_01577,41,Delhi,Salaried,Under Graduate,1701442,666
CUST01578,Customer_01578,38,Uttar Pradesh,Salaried,Under Graduate,507042,671
CUST01579,Customer_01579,50,Maharashtra,Salaried,Under Graduate,658283,713
CUST01580,Customer_01580,38,Uttar Pradesh,Salaried,Graduate,389082,630
CUST01581,Customer_01581,51,West Bengal,Business,Graduate,483046,637
CUST01582,Customer_01582,58,Bihar,Salaried,Graduate,1349682,765
CUST01583,Customer_01583,52,Bihar,Salaried,Under Graduate,290530,638
CUST01584,Customer_01584,31,Uttar Pradesh,Salaried,Graduate,2363452,728
CUST01585,Customer_01585,45,Uttar Pradesh,Business,Graduate,2325581,720
CUST01586,Customer_01586,53,Bihar,Salaried,Post Graduate,879299,689
CUST01587,Customer_01587,58,Uttar Pradesh,Salaried,Graduate,2290453,710
CUST01588,Customer_01588,28,Rajasthan,Business,Post Graduate,1583784,741
CUST01589,Customer_01589,31,Rajasthan,Salaried,Under Graduate,2462121,798
CUST01590,Customer_01590,42,Delhi,Salaried,Post Graduate,1078791,619
CUST01591,Customer_01591,44,Gujarat,Business,Post Graduate,2414624,617
CUST01592,Customer_01592,37,Rajasthan,Salaried,Post Graduate,1567139,683
CUST01593,Customer_01593,32,Maharashtra,Business,Post Graduate,1061937,717
CUST01594,Customer_01594,52,Delhi,Self-Employed,Graduate,1202285,711
CUST01595,Customer_01595,35,Gujarat,Self-Employed,Graduate,2086684,819
CUST01596,Customer_01596,36,Uttar Pradesh,Salaried,Graduate,2168622,618
CUST01597,Customer_01597,42,Karnataka,Business,Post Graduate,1982418,566
CUST01598,Customer_01598,48,Uttar Pradesh,Self-Employed,Post Graduate,2397362,729
CUST01599,Customer_01599,40,Uttar Pradesh,Salaried,Graduate,1806199,707
CUST01600,Customer_01600,53,Maharashtra,Salaried,Graduate,2119549,680
CUST01601,Customer_01601,30,Karnataka,Self-Employed,Graduate,1371306,751
CUST01602,Customer_01602,60,Rajasthan,Business,Graduate,2370008,567
CUST01603,Customer_01603,52,Haryana,Professional,Graduate,849770,560
CUST01604,Customer_01604,53,Maharashtra,Self-Employed,Post Graduate,1532000,540
CUST01605,Customer_01605,22,Rajasthan,Self-Employed,Post Graduate,2305033,637
CUST01606,Customer_01606,53,Bihar,Salaried,Graduate,1062435,782
CUST01607,Customer_01607,53,Haryana,Self-Employed,Post Graduate,2479681,579
CUST01608,Customer_01608,33,Uttar Pradesh,Professional,Graduate,573547,693
CUST01609,Customer_01609,50,Maharashtra,Self-Employed,Under Graduate,2377173,713
CUST01610,Customer_01610,53,Uttar Pradesh,Salaried,Graduate,1092855,806
CUST01611,Customer_01611,33,Karnataka,Salaried,Under Graduate,2441308,625
CUST01612,Customer_01612,46,Rajasthan,Salaried,Graduate,268164,622
CUST01613,Customer_01613,42,Bihar,Self-Employed,Graduate,391191,768
CUST01614,Customer_01614,59,Rajasthan,Professional,Post Graduate,1559807,610
CUST01615,Customer_01615,22,West Bengal,Salaried,Graduate,1922802,781
CUST01616,Customer_01616,58,Karnataka,Salaried,Post Graduate,240252,717
CUST01617,Customer_01617,59,Gujarat,Self-Employed,Graduate,1067653,558
CUST01618,Customer_01618,46,Maharashtra,Professional,Graduate,187792,739
CUST01619,Customer_01619,35,Uttar Pradesh,Salaried,Post Graduate,602108,724
CUST01620,Customer_01620,54,Karnataka,Salaried,Graduate,2434162,672
CUST01621,Customer_01621,60,Bihar,Salaried,Graduate,260884,643
CUST01622,Customer_01622,31,Maharashtra,Self-Employed,Under Graduate,1144482,811
CUST01623,Customer_01623,23,Rajasthan,Business,Under Graduate,1140196,506
CUST01624,Customer_01624,26,Karnataka,Salaried,Post Graduate,456255,577
CUST01625,Customer_01625,29,Bihar,Self-Employed,Under Graduate,705497,650
CUST01626,Customer_01626,26,Madhya Pradesh,Self-Employed,Under Graduate,2177816,726
CUST01627,Customer_01627,29,Haryana,Self-Employed,Post Graduate,2363468,690
CUST01628,Customer_01628,59,Bihar,Salaried,Under Graduate,195023,637
CUST01629,Customer_01629,51,Maharashtra,Professional,Graduate,1689205,730
CUST01630,Customer_01630,52,West Bengal,Self-Employed,Post Graduate,2166516,560
CUST01631,Customer_01631,32,West Bengal,Business,Graduate,1042351,717
CUST01632,Customer_01632,28,Haryana,Self-Employed,Post Graduate,581930,667
CUST01633,Customer_01633,28,Gujarat,Professional,Under Graduate,478464,740
CUST01634,Customer_01634,48,Maharashtra,Self-Employed,Graduate,736523,727
CUST01635,Customer_01635,40,Karnataka,Salaried,Post Graduate,736956,747
CUST01636,Customer_01636,27,Maharashtra,Salaried,Under Graduate,1278549,644
CUST01637,Customer_01637,31,Haryana,Salaried,Under Graduate,1408994,635
CUST01638,Customer_01638,40,Karnataka,Salaried,Graduate,2294001,705
CUST01639,Customer_01639,36,Madhya Pradesh,Professional,Under Graduate,2325439,581
CUST01640,Customer_01640,24,Haryana,Business,Graduate,837897,850
CUST01641,Customer_01641,26,Haryana,Salaried,Post Graduate,1916803,811
CUST01642,Customer_01642,42,Maharashtra,Salaried,Graduate,2306203,573
CUST01643,Customer_01643,46,Gujarat,Salaried,Graduate,1414514,707
CUST01644,Customer_01644,23,Uttar Pradesh,Business,Graduate,583518,779
CUST01645,Customer_01645,34,Rajasthan,Salaried,Graduate,1074199,661
CUST01646,Customer_01646,31,Uttar Pradesh,Self-Employed,Post Graduate,1964202,634
CUST01647,Customer_01647,38,Bihar,Professional,Graduate,1459386,779
CUST01648,Customer_01648,32,Haryana,Salaried,Under Graduate,247438,791
CUST01649,Customer_01649,43,West Bengal,Business,Under Graduate,740079,569
CUST01650,Customer_01650,32,Maharashtra,Salaried,Post Graduate,2136753,699
CUST01651,Customer_01651,33,Madhya Pradesh,Business,Graduate,1464765,681
CUST01652,Customer_01652,45,Rajasthan,Salaried,Post Graduate,1571941,558
CUST01653,Customer_01653,39,West Bengal,Salaried,Graduate,1530006,570
CUST01654,Customer_01654,56,Rajasthan,Professional,Graduate,544841,621
CUST01655,Customer_01655,28,Gujarat,Self-Employed,Under Graduate,900150,691
CUST01656,Customer_01656,49,Karnataka,Salaried,Graduate,1617198,787
CUST01657,Customer_01657,52,Bihar,Salaried,Under Graduate,1760088,481
CUST01658,Customer_01658,38,Karnataka,Salaried,Graduate,1530350,699
CUST01659,Customer_01659,26,Karnataka,Business,Graduate,2046379,619
CUST01660,Customer_01660,38,West Bengal,Salaried,Graduate,1787458,730
CUST01661,Customer_01661,39,Maharashtra,Business,Post Graduate,2136248,766
CUST01662,Customer_01662,42,Bihar,Salaried,Graduate,607009,769
CUST01663,Customer_01663,57,Karnataka,Salaried,Graduate,508465,683
CUST01664,Customer_01664,52,Bihar,Business,Post Graduate,2197032,665
CUST01665,Customer_01665,23,Madhya Pradesh,Self-Employed,Under Graduate,470009,790
CUST01666,Customer_01666,48,Uttar Pradesh,Business,Post Graduate,316258,665
CUST01667,Customer_01667,30,Uttar Pradesh,Self-Employed,Graduate,1286280,694
CUST01668,Customer_01668,55,Bihar,Salaried,Graduate,2447593,655
CUST01669,Customer_01669,49,Madhya Pradesh,Self-Employed,Post Graduate,1880133,715
CUST01670,Customer_01670,35,Bihar,Salaried,Post Graduate,1655786,587
CUST01671,Customer_01671,53,Madhya Pradesh,Salaried,Under Graduate,1872602,668
CUST01672,Customer_01672,27,Rajasthan,Salaried,Graduate,216417,697
CUST01673,Customer_01673,32,Gujarat,Self-Employed,Graduate,693815,768
CUST01674,Customer_01674,50,Gujarat,Salaried,Graduate,2372305,677
CUST01675,Customer_01675,41,Bihar,Salaried,Post Graduate,349477,506
CUST01676,Customer_01676,51,Bihar,Salaried,Graduate,2313123,646
CUST01677,Customer_01677,44,Uttar Pradesh,Salaried,Under Graduate,386600,799
CUST01678,Customer_01678,40,Rajasthan,Salaried,Graduate,1551460,702
CUST01679,Customer_01679,57,Madhya Pradesh,Salaried,Graduate,580509,636
CUST01680,Customer_01680,24,Rajasthan,Salaried,Graduate,1664168,614
CUST01681,Customer_01681,48,Bihar,Salaried,Graduate,1817178,718
CUST01682,Customer_01682,40,Delhi,Salaried,Post Graduate,1646026,638
CUST01683,Customer_01683,44,Uttar Pradesh,Business,Post Graduate,800572,692
CUST01684,Customer_01684,52,Karnataka,Self-Employed,Graduate,1513042,633
CUST01685,Customer_01685,56,Uttar Pradesh,Self-Employed,Graduate,935625,623
CUST01686,Customer_01686,54,West Bengal,Professional,Post Graduate,645699,661
CUST01687,Customer_01687,56,Rajasthan,Salaried,Under Graduate,2303368,681
CUST01688,Customer_01688,22,Bihar,Salaried,Graduate,1216332,686
CUST01689,Customer_01689,35,Maharashtra,Business,Post Graduate,2130820,669
CUST01690,Customer_01690,54,Uttar Pradesh,Self-Employed,Graduate,1946625,772
CUST01691,Customer_01691,56,Maharashtra,Professional,Post Graduate,288805,659
CUST01692,Customer_01692,26,Uttar Pradesh,Professional,Post Graduate,1933852,798
CUST01693,Customer_01693,59,Gujarat,Salaried,Graduate,1074628,678
CUST01694,Customer_01694,32,Maharashtra,Professional,Post Graduate,485443,640
CUST01695,Customer_01695,23,Delhi,Professional,Graduate,1817587,712
CUST01696,Customer_01696,38,Maharashtra,Salaried,Graduate,830895,746
CUST01697,Customer_01697,60,Karnataka,Professional,Graduate,1610983,629
CUST01698,Customer_01698,41,Rajasthan,Salaried,Graduate,1773877,582
CUST01699,Customer_01699,35,Uttar Pradesh,Self-Employed,Post Graduate,2466660,765
CUST01700,Customer_01700,53,Bihar,Salaried,Graduate,1795093,790
CUST01701,Customer_01701,55,Maharashtra,Salaried,Post Graduate,2158942,730
CUST01702,Customer_01702,46,Maharashtra,Self-Employed,Graduate,2087050,634
CUST01703,Customer_01703,28,Rajasthan,Salaried,Graduate,1196338,679
CUST01704,Customer_01704,56,Gujarat,Self-Employed,Graduate,1034758,600
CUST01705,Customer_01705,50,Karnataka,Self-Employed,Graduate,895216,767
CUST01706,Customer_01706,43,Rajasthan,Salaried,Under Graduate,431388,706
CUST01707,Customer_01707,34,West Bengal,Salaried,Post Graduate,1468008,724
CUST01708,Customer_01708,34,West Bengal,Self-Employed,Graduate,463761,700
CUST01709,Customer_01709,22,Karnataka,Business,Under Graduate,371016,690
CUST01710,Customer_01710,57,Rajasthan,Self-Employed,Graduate,1168832,706
CUST01711,Customer_01711,25,Uttar Pradesh,Self-Employed,Graduate,1654515,690
CUST01712,Customer_01712,58,Maharashtra,Self-Employed,Graduate,395478,778
CUST01713,Customer_01713,34,Gujarat,Salaried,Under Graduate,1796279,585
CUST01714,Customer_01714,59,Bihar,Self-Employed,Post Graduate,522604,625
CUST01715,Customer_01715,45,Uttar Pradesh,Professional,Post Graduate,1735623,663
CUST01716,Customer_01716,40,Rajasthan,Business,Post Graduate,526907,676
CUST01717,Customer_01717,22,Uttar Pradesh,Salaried,Post Graduate,1858957,765
CUST01718,Customer_01718,59,Delhi,Self-Employed,Post Graduate,1844706,588
CUST01719,Customer_01719,26,Uttar Pradesh,Self-Employed,Graduate,1912554,731
CUST01720,Customer_01720,37,Gujarat,Self-Employed,Graduate,199622,680
CUST01721,Customer_01721,45,Haryana,Self-Employed,Graduate,248225,754
CUST01722,Customer_01722,48,Uttar Pradesh,Self-Employed,Under Graduate,1112403,720
CUST01723,Customer_01723,22,Rajasthan,Salaried,Post Graduate,1985572,680
CUST01724,Customer_01724,55,Delhi,Salaried,Post Graduate,689102,615
CUST01725,Customer_01725,57,Maharashtra,Business,Graduate,842314,716
CUST01726,Customer_01726,25,Uttar Pradesh,Salaried,Graduate,2120575,660
CUST01727,Customer_01727,21,Bihar,Professional,Under Graduate,926852,682
CUST01728,Customer_01728,60,Madhya Pradesh,Salaried,Graduate,866449,749
CUST01729,Customer_01729,32,Madhya Pradesh,Salaried,Post Graduate,1422663,801
CUST01730,Customer_01730,56,Uttar Pradesh,Self-Employed,Graduate,1840045,568
CUST01731,Customer_01731,43,Rajasthan,Business,Post Graduate,1569313,749
CUST01732,Customer_01732,51,Maharashtra,Business,Post Graduate,2098270,787
CUST01733,Customer_01733,31,Haryana,Salaried,Post Graduate,956029,678
CUST01734,Customer_01734,30,Maharashtra,Salaried,Graduate,1191022,604
CUST01735,Customer_01735,23,Haryana,Self-Employed,Post Graduate,1142009,717
CUST01736,Customer_01736,34,Bihar,Salaried,Graduate,2064157,676
CUST01737,Customer_01737,36,Delhi,Salaried,Under Graduate,820053,850
CUST01738,Customer_01738,30,Rajasthan,Self-Employed,Graduate,1294233,715
CUST01739,Customer_01739,49,Gujarat,Self-Employed,Graduate,1805211,654
CUST01740,Customer_01740,30,Bihar,Salaried,Post Graduate,418401,580
CUST01741,Customer_01741,32,Delhi,Salaried,Graduate,1156526,617
CUST01742,Customer_01742,50,Bihar,Salaried,Under Graduate,345909,756
CUST01743,Customer_01743,21,Rajasthan,Salaried,Graduate,889907,560
CUST01744,Customer_01744,25,Rajasthan,Self-Employed,Graduate,1762940,563
CUST01745,Customer_01745,40,Haryana,Business,Under Graduate,1248983,765
CUST01746,Customer_01746,28,Gujarat,Salaried,Under Graduate,532663,662
CUST01747,Customer_01747,32,Bihar,Salaried,Graduate,536833,670
CUST01748,Customer_01748,21,Gujarat,Salaried,Graduate,497716,733
CUST01749,Customer_01749,40,Gujarat,Business,Graduate,490063,672
CUST01750,Customer_01750,48,West Bengal,Salaried,Graduate,1968225,570
CUST01751,Customer_01751,57,Haryana,Professional,Graduate,927634,640
CUST01752,Customer_01752,57,Gujarat,Salaried,Graduate,2295855,725
CUST01753,Customer_01753,32,Bihar,Salaried,Under Graduate,1936327,695
CUST01754,Customer_01754,57,Delhi,Salaried,Graduate,316627,802
CUST01755,Customer_01755,48,Madhya Pradesh,Self-Employed,Post Graduate,612391,721
CUST01756,Customer_01756,35,West Bengal,Self-Employed,Post Graduate,2484249,625
CUST01757,Customer_01757,26,Maharashtra,Self-Employed,Post Graduate,2192621,795
CUST01758,Customer_01758,40,Uttar Pradesh,Salaried,Graduate,1800406,801
CUST01759,Customer_01759,34,Uttar Pradesh,Salaried,Post Graduate,861988,637
CUST01760,Customer_01760,22,Gujarat,Salaried,Under Graduate,872137,732
CUST01761,Customer_01761,29,West Bengal,Salaried,Post Graduate,927372,740
CUST01762,Customer_01762,57,Uttar Pradesh,Salaried,Graduate,797310,715
CUST01763,Customer_01763,40,Delhi,Self-Employed,Graduate,1442840,587
CUST01764,Customer_01764,46,Gujarat,Salaried,Under Graduate,1587070,850
CUST01765,Customer_01765,49,Delhi,Salaried,Post Graduate,2319998,658
CUST01766,Customer_01766,21,Bihar,Salaried,Under Graduate,239176,717
CUST01767,Customer_01767,55,Haryana,Salaried,Graduate,2265604,759
CUST01768,Customer_01768,26,Uttar Pradesh,Self-Employed,Graduate,256092,659
CUST01769,Customer_01769,57,Delhi,Salaried,Graduate,1183638,783
CUST01770,Customer_01770,25,Maharashtra,Salaried,Graduate,1730537,690
CUST01771,Customer_01771,53,Rajasthan,Professional,Graduate,1796948,642
CUST01772,Customer_01772,34,Haryana,Salaried,Under Graduate,2246748,583
CUST01773,Customer_01773,32,Maharashtra,Salaried,Post Graduate,536000,662
CUST01774,Customer_01774,40,Maharashtra,Business,Graduate,1195335,717
CUST01775,Customer_01775,44,Gujarat,Salaried,Post Graduate,1760311,666
CUST01776,Customer_01776,54,Madhya Pradesh,Business,Post Graduate,2244421,739
CUST01777,Customer_01777,45,Rajasthan,Salaried,Post Graduate,1544210,814
CUST01778,Customer_01778,49,Maharashtra,Self-Employed,Post Graduate,1086603,667
CUST01779,Customer_01779,59,Uttar Pradesh,Self-Employed,Post Graduate,2127598,776
CUST01780,Customer_01780,51,Bihar,Professional,Graduate,367455,703
CUST01781,Customer_01781,43,Uttar Pradesh,Self-Employed,Post Graduate,1696374,713
CUST01782,Customer_01782,58,Karnataka,Self-Employed,Post Graduate,2453130,691
CUST01783,Customer_01783,40,Uttar Pradesh,Self-Employed,Graduate,1722450,720
CUST01784,Customer_01784,43,Rajasthan,Salaried,Graduate,380650,629
CUST01785,Customer_01785,36,Uttar Pradesh,Self-Employed,Graduate,1540046,635
CUST01786,Customer_01786,28,Uttar Pradesh,Salaried,Graduate,2403051,645
CUST01787,Customer_01787,41,Gujarat,Self-Employed,Under Graduate,523009,559
CUST01788,Customer_01788,21,Gujarat,Self-Employed,Graduate,999893,599
CUST01789,Customer_01789,28,Uttar Pradesh,Business,Graduate,2245506,683
CUST01790,Customer_01790,49,Uttar Pradesh,Self-Employed,Graduate,1805313,647
CUST01791,Customer_01791,52,Uttar Pradesh,Business,Graduate,2149103,687
CUST01792,Customer_01792,58,Delhi,Salaried,Post Graduate,1172015,737
CUST01793,Customer_01793,25,Madhya Pradesh,Salaried,Post Graduate,1582041,709
CUST01794,Customer_01794,42,Uttar Pradesh,Self-Employed,Graduate,504035,682
CUST01795,Customer_01795,54,Rajasthan,Self-Employed,Under Graduate,1538384,551
CUST01796,Customer_01796,21,Delhi,Self-Employed,Graduate,1893458,694
CUST01797,Customer_01797,46,Karnataka,Business,Post Graduate,2057729,639
CUST01798,Customer_01798,30,West Bengal,Salaried,Under Graduate,849536,742
CUST01799,Customer_01799,50,Bihar,Self-Employed,Graduate,1577689,630
CUST01800,Customer_01800,38,Uttar Pradesh,Salaried,Under Graduate,199126,604
CUST01801,Customer_01801,37,Maharashtra,Salaried,Under Graduate,1651632,797
CUST01802,Customer_01802,46,Delhi,Salaried,Under Graduate,2069163,555
CUST01803,Customer_01803,28,West Bengal,Business,Graduate,1640279,817
CUST01804,Customer_01804,60,Rajasthan,Self-Employed,Graduate,1083862,698
CUST01805,Customer_01805,32,Maharashtra,Salaried,Under Graduate,1298841,665
CUST01806,Customer_01806,47,Bihar,Self-Employed,Under Graduate,960531,658
CUST01807,Customer_01807,28,Maharashtra,Salaried,Under Graduate,1986539,756
CUST01808,Customer_01808,45,Maharashtra,Business,Under Graduate,506230,706
CUST01809,Customer_01809,24,Madhya Pradesh,Self-Employed,Post Graduate,1259761,703
CUST01810,Customer_01810,53,Uttar Pradesh,Salaried,Graduate,1145397,685
CUST01811,Customer_01811,21,Maharashtra,Professional,Graduate,2168461,655
CUST01812,Customer_01812,39,Gujarat,Salaried,Graduate,1801419,784
CUST01813,Customer_01813,51,Uttar Pradesh,Self-Employed,Graduate,1207422,654
CUST01814,Customer_01814,36,Uttar Pradesh,Salaried,Graduate,1905818,594
CUST01815,Customer_01815,34,Maharashtra,Salaried,Graduate,1398823,713
CUST01816,Customer_01816,25,Karnataka,Self-Employed,Graduate,208293,583
CUST01817,Customer_01817,46,Delhi,Salaried,Under Graduate,1777520,801
CUST01818,Customer_01818,48,Uttar Pradesh,Business,Graduate,1687502,721
CUST01819,Customer_01819,22,Rajasthan,Salaried,Graduate,949148,531
CUST01820,Customer_01820,26,Maharashtra,Salaried,Post Graduate,2056315,719
CUST01821,Customer_01821,29,Gujarat,Self-Employed,Under Graduate,452248,662
CUST01822,Customer_01822,53,Delhi,Salaried,Graduate,1778830,786
CUST01823,Customer_01823,45,Karnataka,Self-Employed,Graduate,2327862,679
CUST01824,Customer_01824,33,Rajasthan,Business,Graduate,1246398,681
CUST01825,Customer_01825,29,West Bengal,Self-Employed,Graduate,2218602,660
CUST01826,Customer_01826,33,West Bengal,Salaried,Graduate,184819,668
CUST01827,Customer_01827,51,Karnataka,Self-Employed,Post Graduate,191984,534
CUST01828,Customer_01828,31,Madhya Pradesh,Professional,Under Graduate,1972568,647
CUST01829,Customer_01829,24,Bihar,Salaried,Post Graduate,2417504,615
CUST01830,Customer_01830,54,Bihar,Self-Employed,Graduate,320254,659
CUST01831,Customer_01831,58,Uttar Pradesh,Salaried,Graduate,444720,772
CUST01832,Customer_01832,24,Maharashtra,Business,Graduate,1595302,811
CUST01833,Customer_01833,58,Delhi,Business,Graduate,790433,706
CUST01834,Customer_01834,39,Madhya Pradesh,Business,Post Graduate,1160903,645
CUST01835,Customer_01835,26,Karnataka,Professional,Under Graduate,1412420,584
CUST01836,Customer_01836,54,Uttar Pradesh,Salaried,Graduate,1908249,653
CUST01837,Customer_01837,38,Uttar Pradesh,Salaried,Under Graduate,1825112,596
CUST01838,Customer_01838,33,Haryana,Salaried,Under Graduate,306308,673
CUST01839,Customer_01839,43,Bihar,Salaried,Graduate,325929,686
CUST01840,Customer_01840,39,Uttar Pradesh,Self-Employed,Graduate,993997,704
CUST01841,Customer_01841,31,West Bengal,Business,Graduate,710039,698
CUST01842,Customer_01842,21,Haryana,Salaried,Post Graduate,471429,546
CUST01843,Customer_01843,44,Bihar,Self-Employed,Graduate,1037582,618
CUST01844,Customer_01844,27,Haryana,Business,Graduate,2052410,619
CUST01845,Customer_01845,45,Gujarat,Salaried,Under Graduate,1051996,656
CUST01846,Customer_01846,41,Haryana,Salaried,Graduate,576423,698
CUST01847,Customer_01847,35,Haryana,Self-Employed,Graduate,1755520,632
CUST01848,Customer_01848,21,Uttar Pradesh,Salaried,Post Graduate,730706,850
CUST01849,Customer_01849,32,Gujarat,Professional,Under Graduate,652910,782
CUST01850,Customer_01850,27,Uttar Pradesh,Salaried,Graduate,2392067,612
CUST01851,Customer_01851,35,Uttar Pradesh,Business,Graduate,1178136,790
CUST01852,Customer_01852,41,Karnataka,Self-Employed,Post Graduate,2372797,815
CUST01853,Customer_01853,39,Rajasthan,Salaried,Post Graduate,395865,596
CUST01854,Customer_01854,49,Delhi,Salaried,Under Graduate,2309872,601
CUST01855,Customer_01855,45,Haryana,Salaried,Graduate,1090571,699
CUST01856,Customer_01856,53,West Bengal,Salaried,Post Graduate,1464508,770
CUST01857,Customer_01857,52,Karnataka,Salaried,Graduate,576676,715
CUST01858,Customer_01858,55,Rajasthan,Self-Employed,Under Graduate,371113,561
CUST01859,Customer_01859,58,Bihar,Self-Employed,Graduate,1658844,630
CUST01860,Customer_01860,46,Uttar Pradesh,Self-Employed,Graduate,1652104,646
CUST01861,Customer_01861,31,Bihar,Salaried,Graduate,2239631,753
CUST01862,Customer_01862,55,Bihar,Self-Employed,Graduate,1627296,583
CUST01863,Customer_01863,28,Madhya Pradesh,Salaried,Graduate,2362241,595
CUST01864,Customer_01864,34,Gujarat,Professional,Graduate,1358552,694
CUST01865,Customer_01865,30,West Bengal,Professional,Graduate,1507768,690
CUST01866,Customer_01866,22,Delhi,Business,Graduate,1840121,758
CUST01867,Customer_01867,29,Gujarat,Business,Under Graduate,2273076,643
CUST01868,Customer_01868,23,Bihar,Salaried,Graduate,1686575,771
CUST01869,Customer_01869,41,Uttar Pradesh,Salaried,Post Graduate,689087,758
CUST01870,Customer_01870,46,Maharashtra,Business,Post Graduate,653663,682
CUST01871,Customer_01871,28,Delhi,Salaried,Graduate,1464691,650
CUST01872,Customer_01872,22,Maharashtra,Self-Employed,Graduate,1231208,817
CUST01873,Customer_01873,26,Delhi,Business,Under Graduate,379673,725
CUST01874,Customer_01874,48,Madhya Pradesh,Self-Employed,Graduate,1405694,668
CUST01875,Customer_01875,49,Uttar Pradesh,Salaried,Graduate,1770207,617
CUST01876,Customer_01876,46,Maharashtra,Salaried,Graduate,719694,788
CUST01877,Customer_01877,45,Rajasthan,Salaried,Graduate,2049783,642
CUST01878,Customer_01878,32,Bihar,Business,Graduate,1815104,650
CUST01879,Customer_01879,25,Delhi,Self-Employed,Under Graduate,2441713,633
CUST01880,Customer_01880,54,Delhi,Professional,Under Graduate,2219316,662
CUST01881,Customer_01881,57,Madhya Pradesh,Business,Under Graduate,2488414,720
CUST01882,Customer_01882,35,Haryana,Salaried,Graduate,1951817,652
CUST01883,Customer_01883,56,Madhya Pradesh,Salaried,Under Graduate,692444,683
CUST01884,Customer_01884,35,West Bengal,Self-Employed,Post Graduate,1000861,637
CUST01885,Customer_01885,43,Maharashtra,Professional,Under Graduate,2028178,727
CUST01886,Customer_01886,26,Delhi,Salaried,Graduate,862656,682
CUST01887,Customer_01887,41,Bihar,Business,Graduate,1880640,598
CUST01888,Customer_01888,43,Maharashtra,Salaried,Under Graduate,884083,681
CUST01889,Customer_01889,36,Maharashtra,Salaried,Graduate,2428054,707
CUST01890,Customer_01890,35,Madhya Pradesh,Professional,Under Graduate,196625,659
CUST01891,Customer_01891,45,Maharashtra,Salaried,Graduate,828530,534
CUST01892,Customer_01892,56,Maharashtra,Self-Employed,Under Graduate,263987,784
CUST01893,Customer_01893,31,West Bengal,Salaried,Graduate,1613239,615
CUST01894,Customer_01894,35,Haryana,Business,Graduate,1637367,736
CUST01895,Customer_01895,24,Delhi,Business,Post Graduate,2497594,662
CUST01896,Customer_01896,41,Haryana,Business,Post Graduate,1196108,683
CUST01897,Customer_01897,33,West Bengal,Salaried,Post Graduate,412204,675
CUST01898,Customer_01898,42,Madhya Pradesh,Salaried,Graduate,1338834,765
CUST01899,Customer_01899,39,Maharashtra,Self-Employed,Graduate,775201,707
CUST01900,Customer_01900,54,Karnataka,Salaried,Graduate,939371,701
CUST01901,Customer_01901,34,Delhi,Self-Employed,Graduate,1788032,599
CUST01902,Customer_01902,24,Bihar,Self-Employed,Post Graduate,1570512,802
CUST01903,Customer_01903,47,Rajasthan,Salaried,Graduate,1171005,576
CUST01904,Customer_01904,49,Bihar,Business,Graduate,186902,788
CUST01905,Customer_01905,48,Karnataka,Business,Under Graduate,1833488,553
CUST01906,Customer_01906,55,Bihar,Professional,Graduate,514689,826
CUST01907,Customer_01907,28,West Bengal,Salaried,Post Graduate,1641256,721
CUST01908,Customer_01908,36,Karnataka,Salaried,Graduate,2149614,651
CUST01909,Customer_01909,56,Gujarat,Salaried,Graduate,1455835,586
CUST01910,Customer_01910,50,Madhya Pradesh,Salaried,Post Graduate,2036728,689
CUST01911,Customer_01911,38,Bihar,Salaried,Graduate,438478,724
CUST01912,Customer_01912,22,Uttar Pradesh,Professional,Graduate,222094,694
CUST01913,Customer_01913,33,Uttar Pradesh,Salaried,Under Graduate,1420152,659
CUST01914,Customer_01914,24,Delhi,Salaried,Under Graduate,2371361,635
CUST01915,Customer_01915,46,Rajasthan,Salaried,Under Graduate,603838,779
CUST01916,Customer_01916,45,Uttar Pradesh,Salaried,Post Graduate,437079,666
CUST01917,Customer_01917,50,Maharashtra,Salaried,Graduate,1427901,718
CUST01918,Customer_01918,31,West Bengal,Self-Employed,Graduate,1973982,731
CUST01919,Customer_01919,27,Bihar,Salaried,Post Graduate,2431022,597
CUST01920,Customer_01920,51,Karnataka,Salaried,Graduate,1580081,682
CUST01921,Customer_01921,30,Maharashtra,Salaried,Graduate,1648959,788
CUST01922,Customer_01922,59,Madhya Pradesh,Self-Employed,Graduate,1800237,712
CUST01923,Customer_01923,33,Uttar Pradesh,Salaried,Graduate,1894897,723
CUST01924,Customer_01924,51,Rajasthan,Salaried,Graduate,1223938,658
CUST01925,Customer_01925,27,Gujarat,Professional,Graduate,1854547,772
CUST01926,Customer_01926,56,Maharashtra,Salaried,Post Graduate,1093429,836
CUST01927,Customer_01927,40,Madhya Pradesh,Self-Employed,Graduate,1898285,632
CUST01928,Customer_01928,24,Gujarat,Business,Post Graduate,421125,749
CUST01929,Customer_01929,27,Gujarat,Salaried,Post Graduate,1078765,587
CUST01930,Customer_01930,21,Delhi,Business,Graduate,921205,736
CUST01931,Customer_01931,33,Maharashtra,Professional,Graduate,853231,723
CUST01932,Customer_01932,42,Madhya Pradesh,Salaried,Graduate,860503,604
CUST01933,Customer_01933,41,West Bengal,Business,Graduate,986639,759
CUST01934,Customer_01934,42,Karnataka,Salaried,Post Graduate,1743215,615
CUST01935,Customer_01935,48,West Bengal,Salaried,Graduate,1620295,835
CUST01936,Customer_01936,29,Bihar,Business,Graduate,864837,701
CUST01937,Customer_01937,46,Haryana,Professional,Graduate,705201,678
CUST01938,Customer_01938,29,Madhya Pradesh,Self-Employed,Post Graduate,2380685,640
CUST01939,Customer_01939,35,Uttar Pradesh,Salaried,Graduate,1221127,736
CUST01940,Customer_01940,30,Haryana,Self-Employed,Post Graduate,600525,716
CUST01941,Customer_01941,44,Gujarat,Self-Employed,Post Graduate,2167861,701
CUST01942,Customer_01942,28,Maharashtra,Salaried,Graduate,1306709,634
CUST01943,Customer_01943,44,Uttar Pradesh,Professional,Graduate,311613,670
CUST01944,Customer_01944,36,Haryana,Salaried,Graduate,283166,635
CUST01945,Customer_01945,46,Uttar Pradesh,Salaried,Graduate,1522703,561
CUST01946,Customer_01946,47,Uttar Pradesh,Salaried,Graduate,2301911,680
CUST01947,Customer_01947,57,Bihar,Salaried,Graduate,2497865,606
CUST01948,Customer_01948,24,Uttar Pradesh,Self-Employed,Graduate,765641,841
CUST01949,Customer_01949,44,Karnataka,Salaried,Post Graduate,1550045,831
CUST01950,Customer_01950,39,Rajasthan,Business,Under Graduate,366833,716
CUST01951,Customer_01951,56,Madhya Pradesh,Salaried,Post Graduate,987550,553
CUST01952,Customer_01952,59,Karnataka,Salaried,Graduate,2384904,724
CUST01953,Customer_01953,30,Madhya Pradesh,Business,Under Graduate,1567199,674
CUST01954,Customer_01954,45,Bihar,Salaried,Graduate,593696,774
CUST01955,Customer_01955,38,Haryana,Self-Employed,Graduate,1748248,766
CUST01956,Customer_01956,39,Rajasthan,Business,Graduate,1923855,633
CUST01957,Customer_01957,56,Maharashtra,Self-Employed,Graduate,561646,663
CUST01958,Customer_01958,30,Delhi,Self-Employed,Graduate,997320,657
CUST01959,Customer_01959,53,Haryana,Business,Post Graduate,998040,659
CUST01960,Customer_01960,25,Haryana,Professional,Graduate,2120601,571
CUST01961,Customer_01961,55,West Bengal,Salaried,Graduate,1345121,719
CUST01962,Customer_01962,54,Haryana,Self-Employed,Graduate,2034171,696
CUST01963,Customer_01963,53,Delhi,Salaried,Under Graduate,1757900,666
CUST01964,Customer_01964,41,Karnataka,Salaried,Under Graduate,1932854,711
CUST01965,Customer_01965,37,Uttar Pradesh,Salaried,Post Graduate,376593,714
CUST01966,Customer_01966,42,Bihar,Professional,Graduate,1961947,777
CUST01967,Customer_01967,57,Delhi,Self-Employed,Post Graduate,2354235,757
CUST01968,Customer_01968,35,Madhya Pradesh,Salaried,Graduate,2053019,767
CUST01969,Customer_01969,55,Uttar Pradesh,Salaried,Under Graduate,1055385,623
CUST01970,Customer_01970,48,Maharashtra,Professional,Under Graduate,1651824,606
CUST01971,Customer_01971,27,Bihar,Salaried,Graduate,1528542,761
CUST01972,Customer_01972,52,Madhya Pradesh,Salaried,Post Graduate,1944510,818
CUST01973,Customer_01973,31,Haryana,Business,Graduate,1346602,754
CUST01974,Customer_01974,30,West Bengal,Self-Employed,Graduate,1809773,715
CUST01975,Customer_01975,29,Delhi,Salaried,Post Graduate,2319938,691
CUST01976,Customer_01976,34,Haryana,Salaried,Graduate,2144926,850
CUST01977,Customer_01977,33,Rajasthan,Professional,Under Graduate,2467766,752
CUST01978,Customer_01978,45,Bihar,Professional,Graduate,366518,675
CUST01979,Customer_01979,22,Bihar,Salaried,Under Graduate,757659,839
CUST01980,Customer_01980,55,Madhya Pradesh,Salaried,Post Graduate,2432794,819
CUST01981,Customer_01981,27,Uttar Pradesh,Salaried,Under Graduate,1289731,583
CUST01982,Customer_01982,41,Madhya Pradesh,Self-Employed,Graduate,2315379,598
CUST01983,Customer_01983,38,Gujarat,Business,Graduate,1713656,675
CUST01984,Customer_01984,23,Rajasthan,Salaried,Under Graduate,1552818,786
CUST01985,Customer_01985,59,West Bengal,Business,Post Graduate,1609209,647
CUST01986,Customer_01986,31,Madhya Pradesh,Self-Employed,Graduate,1280383,614
CUST01987,Customer_01987,59,Maharashtra,Business,Graduate,2149598,751
CUST01988,Customer_01988,44,Rajasthan,Professional,Under Graduate,677201,545
CUST01989,Customer_01989,39,Gujarat,Salaried,Post Graduate,1292618,664
CUST01990,Customer_01990,24,Bihar,Salaried,Post Graduate,1157426,609
CUST01991,Customer_01991,46,Uttar Pradesh,Self-Employed,Under Graduate,632113,689
CUST01992,Customer_01992,58,Madhya Pradesh,Business,Graduate,1754562,619
CUST01993,Customer_01993,52,West Bengal,Salaried,Under Graduate,2137633,679
CUST01994,Customer_01994,59,Rajasthan,Business,Post Graduate,920850,722
CUST01995,Customer_01995,56,Karnataka,Salaried,Graduate,356645,700
CUST01996,Customer_01996,60,Haryana,Salaried,Graduate,1797528,650
CUST01997,Customer_01997,57,Uttar Pradesh,Salaried,Graduate,2429393,664
CUST01998,Customer_01998,53,Gujarat,Professional,Post Graduate,1298686,850
CUST01999,Customer_01999,56,Rajasthan,Self-Employed,Post Graduate,278694,756
CUST02000,Customer_02000,23,Maharashtra,Salaried,Under Graduate,585915,673
CUST02001,Customer_02001,29,Gujarat,Professional,Under Graduate,2455223,703
CUST02002,Customer_02002,28,Delhi,Business,Graduate,2294493,724
CUST02003,Customer_02003,53,Uttar Pradesh,Business,Post Graduate,1463810,633
CUST02004,Customer_02004,26,Karnataka,Salaried,Post Graduate,229914,690
CUST02005,Customer_02005,59,Delhi,Salaried,Graduate,513276,609
CUST02006,Customer_02006,24,West Bengal,Self-Employed,Graduate,972381,615
CUST02007,Customer_02007,33,Maharashtra,Business,Graduate,2009371,756
CUST02008,Customer_02008,22,West Bengal,Self-Employed,Graduate,432022,765
CUST02009,Customer_02009,25,Bihar,Self-Employed,Graduate,1680895,777
CUST02010,Customer_02010,47,Uttar Pradesh,Business,Post Graduate,903785,685
CUST02011,Customer_02011,52,Delhi,Salaried,Post Graduate,351617,653
CUST02012,Customer_02012,41,Gujarat,Self-Employed,Post Graduate,918622,691
CUST02013,Customer_02013,28,Madhya Pradesh,Salaried,Post Graduate,866831,556
CUST02014,Customer_02014,58,Rajasthan,Salaried,Graduate,1891689,794
CUST02015,Customer_02015,28,Uttar Pradesh,Salaried,Graduate,1892677,487
CUST02016,Customer_02016,23,Gujarat,Business,Graduate,1296117,763
CUST02017,Customer_02017,23,Bihar,Business,Graduate,1481207,616
CUST02018,Customer_02018,42,Madhya Pradesh,Salaried,Under Graduate,2459559,689
CUST02019,Customer_02019,26,Bihar,Salaried,Post Graduate,2218980,626
CUST02020,Customer_02020,22,West Bengal,Salaried,Graduate,1369765,627
CUST02021,Customer_02021,43,Madhya Pradesh,Professional,Graduate,1580942,507
CUST02022,Customer_02022,22,Delhi,Self-Employed,Post Graduate,181823,595
CUST02023,Customer_02023,58,West Bengal,Professional,Post Graduate,2409362,758
CUST02024,Customer_02024,37,Madhya Pradesh,Business,Post Graduate,869848,598
CUST02025,Customer_02025,55,Uttar Pradesh,Salaried,Graduate,1802739,595
CUST02026,Customer_02026,54,Uttar Pradesh,Salaried,Graduate,1644807,682
CUST02027,Customer_02027,43,Gujarat,Self-Employed,Graduate,1362060,515
CUST02028,Customer_02028,50,Maharashtra,Salaried,Under Graduate,259331,664
CUST02029,Customer_02029,28,Madhya Pradesh,Salaried,Graduate,1327646,709
CUST02030,Customer_02030,42,Maharashtra,Salaried,Graduate,2028127,718
CUST02031,Customer_02031,56,Maharashtra,Self-Employed,Post Graduate,2123664,612
CUST02032,Customer_02032,25,Rajasthan,Self-Employed,Graduate,1232593,781
CUST02033,Customer_02033,33,West Bengal,Salaried,Post Graduate,636501,767
CUST02034,Customer_02034,49,Madhya Pradesh,Self-Employed,Graduate,1186610,560
CUST02035,Customer_02035,51,West Bengal,Salaried,Graduate,1209322,744
CUST02036,Customer_02036,36,West Bengal,Business,Under Graduate,886470,701
CUST02037,Customer_02037,50,Maharashtra,Business,Graduate,2498272,728
CUST02038,Customer_02038,36,Maharashtra,Salaried,Graduate,1126301,644
CUST02039,Customer_02039,32,Delhi,Self-Employed,Graduate,320258,593
CUST02040,Customer_02040,37,Karnataka,Self-Employed,Under Graduate,1911488,679
CUST02041,Customer_02041,36,Rajasthan,Salaried,Post Graduate,842270,718
CUST02042,Customer_02042,32,West Bengal,Salaried,Under Graduate,1232447,720
CUST02043,Customer_02043,28,Uttar Pradesh,Professional,Under Graduate,1182647,716
CUST02044,Customer_02044,40,Maharashtra,Salaried,Post Graduate,880614,609
CUST02045,Customer_02045,23,Gujarat,Self-Employed,Graduate,679501,793
CUST02046,Customer_02046,36,Rajasthan,Business,Under Graduate,1552846,779
CUST02047,Customer_02047,50,Uttar Pradesh,Salaried,Graduate,2270436,708
CUST02048,Customer_02048,43,Bihar,Salaried,Under Graduate,1974988,619
CUST02049,Customer_02049,48,Uttar Pradesh,Business,Post Graduate,2452435,710
CUST02050,Customer_02050,60,Gujarat,Salaried,Post Graduate,1333241,658
CUST02051,Customer_02051,25,Karnataka,Self-Employed,Graduate,950865,664
CUST02052,Customer_02052,40,Karnataka,Business,Post Graduate,200300,740
CUST02053,Customer_02053,60,Gujarat,Business,Graduate,1394486,659
CUST02054,Customer_02054,21,Rajasthan,Professional,Graduate,1237404,796
CUST02055,Customer_02055,50,Rajasthan,Business,Under Graduate,1987046,737
CUST02056,Customer_02056,41,Uttar Pradesh,Self-Employed,Graduate,2152922,766
CUST02057,Customer_02057,40,Bihar,Business,Graduate,331131,623
CUST02058,Customer_02058,26,Maharashtra,Professional,Post Graduate,2010217,644
CUST02059,Customer_02059,42,Haryana,Professional,Post Graduate,1605122,597
CUST02060,Customer_02060,38,Karnataka,Business,Under Graduate,1260006,789
CUST02061,Customer_02061,28,Madhya Pradesh,Salaried,Post Graduate,996362,850
CUST02062,Customer_02062,59,Delhi,Business,Graduate,1086137,729
CUST02063,Customer_02063,52,Uttar Pradesh,Salaried,Graduate,2214251,709
CUST02064,Customer_02064,53,Madhya Pradesh,Salaried,Graduate,2495916,654
CUST02065,Customer_02065,36,Gujarat,Salaried,Graduate,676679,811
CUST02066,Customer_02066,32,Rajasthan,Professional,Post Graduate,330452,687
CUST02067,Customer_02067,58,Maharashtra,Salaried,Graduate,466336,641
CUST02068,Customer_02068,54,Karnataka,Business,Graduate,1740581,579
CUST02069,Customer_02069,34,Delhi,Self-Employed,Post Graduate,1742934,612
CUST02070,Customer_02070,56,Karnataka,Salaried,Graduate,2030741,695
CUST02071,Customer_02071,53,Haryana,Self-Employed,Graduate,2158396,553
CUST02072,Customer_02072,43,West Bengal,Self-Employed,Post Graduate,491092,598
CUST02073,Customer_02073,22,Maharashtra,Business,Graduate,1441216,815
CUST02074,Customer_02074,41,Uttar Pradesh,Salaried,Post Graduate,2246050,752
CUST02075,Customer_02075,22,Bihar,Salaried,Post Graduate,1581491,666
CUST02076,Customer_02076,47,Uttar Pradesh,Self-Employed,Under Graduate,1340067,761
CUST02077,Customer_02077,29,Rajasthan,Salaried,Graduate,949617,633
CUST02078,Customer_02078,21,Gujarat,Salaried,Graduate,2370805,748
CUST02079,Customer_02079,31,Madhya Pradesh,Salaried,Post Graduate,316786,663
CUST02080,Customer_02080,23,Maharashtra,Self-Employed,Graduate,710331,838
CUST02081,Customer_02081,43,Karnataka,Salaried,Graduate,367329,605
CUST02082,Customer_02082,46,Uttar Pradesh,Self-Employed,Graduate,679272,805
CUST02083,Customer_02083,24,Bihar,Professional,Post Graduate,2219138,680
CUST02084,Customer_02084,38,Delhi,Business,Under Graduate,2139961,549
CUST02085,Customer_02085,26,Delhi,Salaried,Under Graduate,2254694,713
CUST02086,Customer_02086,55,Bihar,Self-Employed,Under Graduate,1846909,742
CUST02087,Customer_02087,42,Uttar Pradesh,Salaried,Graduate,478672,802
CUST02088,Customer_02088,35,Madhya Pradesh,Salaried,Post Graduate,471928,747
CUST02089,Customer_02089,42,Uttar Pradesh,Salaried,Graduate,2351056,620
CUST02090,Customer_02090,57,Uttar Pradesh,Salaried,Under Graduate,1281768,768
CUST02091,Customer_02091,32,Gujarat,Self-Employed,Under Graduate,1496890,694
CUST02092,Customer_02092,58,Maharashtra,Professional,Under Graduate,745184,571
CUST02093,Customer_02093,38,Bihar,Professional,Under Graduate,1596007,684
CUST02094,Customer_02094,55,Rajasthan,Salaried,Graduate,2243152,602
CUST02095,Customer_02095,50,West Bengal,Self-Employed,Post Graduate,2109790,680
CUST02096,Customer_02096,44,West Bengal,Salaried,Under Graduate,748295,745
CUST02097,Customer_02097,50,Bihar,Self-Employed,Post Graduate,699651,606
CUST02098,Customer_02098,34,Maharashtra,Salaried,Under Graduate,1289425,712
CUST02099,Customer_02099,26,Maharashtra,Professional,Under Graduate,2128646,771
CUST02100,Customer_02100,23,Maharashtra,Business,Post Graduate,322681,643
CUST02101,Customer_02101,36,Madhya Pradesh,Salaried,Graduate,2003880,669
CUST02102,Customer_02102,27,Madhya Pradesh,Business,Graduate,2085826,770
CUST02103,Customer_02103,34,Rajasthan,Self-Employed,Graduate,856686,774
CUST02104,Customer_02104,29,Bihar,Self-Employed,Graduate,1481379,603
CUST02105,Customer_02105,35,Maharashtra,Self-Employed,Graduate,2167611,612
CUST02106,Customer_02106,41,Rajasthan,Self-Employed,Post Graduate,892959,749
CUST02107,Customer_02107,55,Bihar,Business,Graduate,1331640,673
CUST02108,Customer_02108,22,Madhya Pradesh,Business,Under Graduate,921640,678
CUST02109,Customer_02109,47,Gujarat,Self-Employed,Graduate,863488,558
CUST02110,Customer_02110,22,Gujarat,Business,Under Graduate,2322984,655
CUST02111,Customer_02111,55,Rajasthan,Professional,Graduate,1051989,678
CUST02112,Customer_02112,38,Madhya Pradesh,Salaried,Post Graduate,269220,744
CUST02113,Customer_02113,34,Maharashtra,Salaried,Post Graduate,2333468,662
CUST02114,Customer_02114,40,Uttar Pradesh,Business,Post Graduate,992222,744
CUST02115,Customer_02115,38,Gujarat,Professional,Graduate,508827,677
CUST02116,Customer_02116,30,Maharashtra,Salaried,Graduate,1758414,784
CUST02117,Customer_02117,45,Gujarat,Salaried,Graduate,465913,689
CUST02118,Customer_02118,22,Delhi,Salaried,Graduate,2256524,651
CUST02119,Customer_02119,45,Karnataka,Business,Graduate,318210,635
CUST02120,Customer_02120,53,West Bengal,Professional,Graduate,1144908,612
CUST02121,Customer_02121,56,Uttar Pradesh,Self-Employed,Post Graduate,633702,714
CUST02122,Customer_02122,51,West Bengal,Salaried,Under Graduate,1441512,837
CUST02123,Customer_02123,34,Gujarat,Professional,Under Graduate,1565321,749
CUST02124,Customer_02124,21,Gujarat,Salaried,Graduate,1564821,721
CUST02125,Customer_02125,36,Uttar Pradesh,Business,Graduate,670831,598
CUST02126,Customer_02126,23,Karnataka,Salaried,Post Graduate,265401,601
CUST02127,Customer_02127,55,Uttar Pradesh,Self-Employed,Graduate,1470540,761
CUST02128,Customer_02128,26,Haryana,Self-Employed,Graduate,932052,725
CUST02129,Customer_02129,45,Uttar Pradesh,Self-Employed,Post Graduate,1263401,642
CUST02130,Customer_02130,33,Gujarat,Professional,Post Graduate,1736605,561
CUST02131,Customer_02131,54,Rajasthan,Professional,Under Graduate,674352,675
CUST02132,Customer_02132,28,Maharashtra,Business,Under Graduate,348458,623
CUST02133,Customer_02133,41,Uttar Pradesh,Salaried,Under Graduate,1111646,650
CUST02134,Customer_02134,54,Rajasthan,Salaried,Under Graduate,576994,594
CUST02135,Customer_02135,24,Uttar Pradesh,Self-Employed,Under Graduate,1461555,750
CUST02136,Customer_02136,45,Rajasthan,Professional,Graduate,2379436,644
CUST02137,Customer_02137,35,Gujarat,Self-Employed,Under Graduate,2062076,728
CUST02138,Customer_02138,24,Haryana,Professional,Graduate,749066,719
CUST02139,Customer_02139,32,Gujarat,Professional,Post Graduate,1735942,646
CUST02140,Customer_02140,52,Uttar Pradesh,Self-Employed,Graduate,1719999,676
CUST02141,Customer_02141,52,Maharashtra,Business,Graduate,1850370,822
CUST02142,Customer_02142,48,Maharashtra,Professional,Graduate,574466,613
CUST02143,Customer_02143,33,Karnataka,Business,Graduate,354420,627
CUST02144,Customer_02144,51,Karnataka,Self-Employed,Graduate,2184758,532
CUST02145,Customer_02145,34,Bihar,Business,Graduate,923818,679
CUST02146,Customer_02146,40,Uttar Pradesh,Salaried,Under Graduate,2067355,533
CUST02147,Customer_02147,38,Karnataka,Self-Employed,Under Graduate,456038,653
CUST02148,Customer_02148,49,Karnataka,Salaried,Post Graduate,1547783,554
CUST02149,Customer_02149,26,Karnataka,Salaried,Under Graduate,2375442,744
CUST02150,Customer_02150,52,Haryana,Business,Post Graduate,2241100,677
CUST02151,Customer_02151,49,Rajasthan,Self-Employed,Under Graduate,244181,440
CUST02152,Customer_02152,22,Uttar Pradesh,Salaried,Post Graduate,2181896,617
CUST02153,Customer_02153,43,Rajasthan,Salaried,Post Graduate,2377362,654
CUST02154,Customer_02154,39,Rajasthan,Professional,Under Graduate,453814,730
CUST02155,Customer_02155,51,Rajasthan,Business,Graduate,287036,755
CUST02156,Customer_02156,25,Madhya Pradesh,Salaried,Graduate,1089829,720
CUST02157,Customer_02157,39,Maharashtra,Professional,Post Graduate,2155129,713
CUST02158,Customer_02158,54,Bihar,Salaried,Graduate,1456877,721
CUST02159,Customer_02159,30,Rajasthan,Self-Employed,Graduate,1478513,739
CUST02160,Customer_02160,45,Uttar Pradesh,Business,Graduate,977460,691
CUST02161,Customer_02161,22,Rajasthan,Professional,Under Graduate,2202679,674
CUST02162,Customer_02162,31,Haryana,Business,Under Graduate,460194,704
CUST02163,Customer_02163,51,Haryana,Salaried,Graduate,1031029,777
CUST02164,Customer_02164,35,Bihar,Self-Employed,Graduate,947800,514
CUST02165,Customer_02165,29,Rajasthan,Salaried,Graduate,551053,518
CUST02166,Customer_02166,43,Uttar Pradesh,Self-Employed,Post Graduate,1230694,732
CUST02167,Customer_02167,39,Gujarat,Self-Employed,Graduate,913509,623
CUST02168,Customer_02168,29,Bihar,Salaried,Graduate,2022366,695
CUST02169,Customer_02169,55,Rajasthan,Self-Employed,Graduate,1705465,688
CUST02170,Customer_02170,41,Karnataka,Salaried,Graduate,2240050,850
CUST02171,Customer_02171,29,Rajasthan,Self-Employed,Graduate,603138,741
CUST02172,Customer_02172,48,Uttar Pradesh,Business,Post Graduate,2008236,765
CUST02173,Customer_02173,27,Maharashtra,Salaried,Graduate,1816079,667
CUST02174,Customer_02174,36,Rajasthan,Professional,Post Graduate,1996876,630
CUST02175,Customer_02175,36,Bihar,Salaried,Graduate,617663,627
CUST02176,Customer_02176,53,Karnataka,Self-Employed,Graduate,862877,782
CUST02177,Customer_02177,24,Madhya Pradesh,Self-Employed,Graduate,724937,729
CUST02178,Customer_02178,24,Gujarat,Salaried,Post Graduate,2376844,696
CUST02179,Customer_02179,59,Rajasthan,Salaried,Post Graduate,1314214,818
CUST02180,Customer_02180,60,Rajasthan,Professional,Under Graduate,1432098,680
CUST02181,Customer_02181,37,Rajasthan,Self-Employed,Graduate,1475346,632
CUST02182,Customer_02182,57,Bihar,Salaried,Graduate,1097929,664
CUST02183,Customer_02183,59,Madhya Pradesh,Salaried,Graduate,945880,771
CUST02184,Customer_02184,49,Maharashtra,Business,Graduate,522423,587
CUST02185,Customer_02185,56,Karnataka,Salaried,Graduate,645670,686
CUST02186,Customer_02186,58,Bihar,Business,Graduate,580224,811
CUST02187,Customer_02187,59,Uttar Pradesh,Salaried,Graduate,2381769,720
CUST02188,Customer_02188,57,Uttar Pradesh,Self-Employed,Post Graduate,713089,675
CUST02189,Customer_02189,55,Uttar Pradesh,Salaried,Post Graduate,1110149,834
CUST02190,Customer_02190,27,Bihar,Business,Graduate,2302452,716
CUST02191,Customer_02191,47,Maharashtra,Business,Graduate,320087,569
CUST02192,Customer_02192,48,Uttar Pradesh,Self-Employed,Post Graduate,1375921,677
CUST02193,Customer_02193,42,Rajasthan,Salaried,Graduate,1339846,781
CUST02194,Customer_02194,34,Gujarat,Self-Employed,Post Graduate,208465,703
CUST02195,Customer_02195,27,Uttar Pradesh,Salaried,Under Graduate,1704896,806
CUST02196,Customer_02196,57,Rajasthan,Salaried,Under Graduate,1177517,609
CUST02197,Customer_02197,42,Delhi,Business,Graduate,1003526,684
CUST02198,Customer_02198,25,West Bengal,Business,Post Graduate,728307,717
CUST02199,Customer_02199,22,Gujarat,Salaried,Post Graduate,1965734,597
CUST02200,Customer_02200,47,Maharashtra,Professional,Graduate,1360382,690
CUST02201,Customer_02201,41,Delhi,Professional,Post Graduate,343997,722
CUST02202,Customer_02202,58,Madhya Pradesh,Self-Employed,Graduate,1942621,595
CUST02203,Customer_02203,35,Maharashtra,Self-Employed,Under Graduate,691158,579
CUST02204,Customer_02204,41,Karnataka,Professional,Graduate,540439,779
CUST02205,Customer_02205,30,Bihar,Self-Employed,Graduate,1498484,699
CUST02206,Customer_02206,43,West Bengal,Self-Employed,Post Graduate,571744,514
CUST02207,Customer_02207,59,Delhi,Business,Graduate,1823522,639
CUST02208,Customer_02208,25,Gujarat,Salaried,Graduate,210342,696
CUST02209,Customer_02209,21,Delhi,Business,Graduate,2449182,519
CUST02210,Customer_02210,33,Rajasthan,Self-Employed,Graduate,1026405,621
CUST02211,Customer_02211,41,Rajasthan,Self-Employed,Post Graduate,499137,666
CUST02212,Customer_02212,46,Karnataka,Salaried,Graduate,727423,666
CUST02213,Customer_02213,41,Gujarat,Salaried,Graduate,2356266,611
CUST02214,Customer_02214,38,Karnataka,Salaried,Graduate,1406033,679
CUST02215,Customer_02215,57,Karnataka,Salaried,Graduate,794230,660
CUST02216,Customer_02216,52,West Bengal,Business,Post Graduate,480037,675
CUST02217,Customer_02217,56,Gujarat,Salaried,Graduate,1920942,713
CUST02218,Customer_02218,37,Rajasthan,Salaried,Under Graduate,2266794,550
CUST02219,Customer_02219,55,Uttar Pradesh,Self-Employed,Graduate,1758650,744
CUST02220,Customer_02220,31,Gujarat,Self-Employed,Graduate,1257454,730
CUST02221,Customer_02221,41,Maharashtra,Salaried,Post Graduate,1939660,726
CUST02222,Customer_02222,46,Maharashtra,Salaried,Graduate,810949,677
CUST02223,Customer_02223,24,Maharashtra,Professional,Graduate,391203,675
CUST02224,Customer_02224,54,Karnataka,Salaried,Graduate,781772,681
CUST02225,Customer_02225,38,Karnataka,Business,Graduate,1224873,696
CUST02226,Customer_02226,60,Gujarat,Salaried,Graduate,650155,749
CUST02227,Customer_02227,55,Rajasthan,Self-Employed,Post Graduate,681687,747
CUST02228,Customer_02228,49,Gujarat,Salaried,Graduate,1704132,669
CUST02229,Customer_02229,49,Madhya Pradesh,Business,Graduate,1172961,734
CUST02230,Customer_02230,58,Bihar,Salaried,Under Graduate,1919539,727
CUST02231,Customer_02231,41,Bihar,Salaried,Under Graduate,1740843,742
CUST02232,Customer_02232,33,Bihar,Salaried,Graduate,378693,661
CUST02233,Customer_02233,37,Madhya Pradesh,Business,Graduate,2316989,786
CUST02234,Customer_02234,29,Gujarat,Business,Graduate,665105,751
CUST02235,Customer_02235,21,Rajasthan,Salaried,Graduate,1509481,608
CUST02236,Customer_02236,22,West Bengal,Salaried,Graduate,2109414,630
CUST02237,Customer_02237,49,Uttar Pradesh,Business,Graduate,651044,804
CUST02238,Customer_02238,53,Bihar,Business,Graduate,1754319,551
CUST02239,Customer_02239,30,Bihar,Self-Employed,Graduate,1766546,688
CUST02240,Customer_02240,60,Uttar Pradesh,Professional,Graduate,2016898,847
CUST02241,Customer_02241,41,Bihar,Salaried,Graduate,2455430,771
CUST02242,Customer_02242,48,Maharashtra,Salaried,Graduate,2449833,767
CUST02243,Customer_02243,31,Rajasthan,Salaried,Graduate,1001628,601
CUST02244,Customer_02244,54,Bihar,Self-Employed,Post Graduate,1431393,750
CUST02245,Customer_02245,28,Delhi,Salaried,Under Graduate,2066477,805
CUST02246,Customer_02246,42,Rajasthan,Salaried,Under Graduate,569484,667
CUST02247,Customer_02247,28,Uttar Pradesh,Salaried,Graduate,220816,690
CUST02248,Customer_02248,35,Delhi,Self-Employed,Under Graduate,1940435,766
CUST02249,Customer_02249,37,Uttar Pradesh,Salaried,Graduate,427875,674
CUST02250,Customer_02250,43,Haryana,Salaried,Graduate,2358606,576
CUST02251,Customer_02251,44,West Bengal,Professional,Post Graduate,714734,486
CUST02252,Customer_02252,39,Bihar,Salaried,Post Graduate,2293608,714
CUST02253,Customer_02253,25,Karnataka,Salaried,Graduate,1848354,652
CUST02254,Customer_02254,52,Haryana,Self-Employed,Graduate,576673,484
CUST02255,Customer_02255,21,Karnataka,Business,Graduate,655048,630
CUST02256,Customer_02256,43,Gujarat,Self-Employed,Post Graduate,1003285,661
CUST02257,Customer_02257,57,Maharashtra,Salaried,Under Graduate,2189117,654
CUST02258,Customer_02258,28,Karnataka,Business,Graduate,810180,775
CUST02259,Customer_02259,33,Maharashtra,Self-Employed,Under Graduate,573168,739
CUST02260,Customer_02260,28,Maharashtra,Salaried,Graduate,947496,679
CUST02261,Customer_02261,43,Maharashtra,Self-Employed,Under Graduate,1978664,594
CUST02262,Customer_02262,21,Maharashtra,Business,Under Graduate,1112727,743
CUST02263,Customer_02263,44,Rajasthan,Self-Employed,Graduate,331952,800
CUST02264,Customer_02264,55,Delhi,Professional,Graduate,1586919,820
CUST02265,Customer_02265,44,Karnataka,Self-Employed,Graduate,1524335,670
CUST02266,Customer_02266,37,Uttar Pradesh,Business,Under Graduate,2407473,734
CUST02267,Customer_02267,25,West Bengal,Self-Employed,Graduate,2207504,642
CUST02268,Customer_02268,40,Karnataka,Salaried,Post Graduate,926967,628
CUST02269,Customer_02269,41,Uttar Pradesh,Self-Employed,Graduate,803987,744
CUST02270,Customer_02270,60,Bihar,Salaried,Under Graduate,2234574,596
CUST02271,Customer_02271,51,Haryana,Salaried,Graduate,1059963,654
CUST02272,Customer_02272,56,Madhya Pradesh,Business,Graduate,1697714,776
CUST02273,Customer_02273,31,Delhi,Self-Employed,Graduate,2081445,652
CUST02274,Customer_02274,35,Delhi,Salaried,Graduate,926141,613
CUST02275,Customer_02275,39,Rajasthan,Salaried,Graduate,329339,840
CUST02276,Customer_02276,27,Uttar Pradesh,Salaried,Post Graduate,384939,732
CUST02277,Customer_02277,48,Madhya Pradesh,Business,Graduate,1804718,567
CUST02278,Customer_02278,25,Uttar Pradesh,Salaried,Graduate,2288262,715
CUST02279,Customer_02279,25,Madhya Pradesh,Self-Employed,Graduate,2272863,681
CUST02280,Customer_02280,50,Haryana,Self-Employed,Graduate,2188334,751
CUST02281,Customer_02281,52,Madhya Pradesh,Self-Employed,Graduate,780898,728
CUST02282,Customer_02282,28,West Bengal,Salaried,Post Graduate,438560,687
CUST02283,Customer_02283,30,Rajasthan,Salaried,Graduate,1061670,710
CUST02284,Customer_02284,58,Delhi,Business,Graduate,2157344,714
CUST02285,Customer_02285,52,Gujarat,Business,Post Graduate,2102049,720
CUST02286,Customer_02286,48,West Bengal,Business,Graduate,1853750,662
CUST02287,Customer_02287,37,Delhi,Business,Post Graduate,2228358,582
CUST02288,Customer_02288,51,Uttar Pradesh,Salaried,Graduate,1885436,673
CUST02289,Customer_02289,28,West Bengal,Salaried,Graduate,220887,656
CUST02290,Customer_02290,60,Gujarat,Business,Post Graduate,1586373,685
CUST02291,Customer_02291,45,Uttar Pradesh,Business,Graduate,2203650,773
CUST02292,Customer_02292,29,Gujarat,Self-Employed,Graduate,2461211,799
CUST02293,Customer_02293,22,Karnataka,Self-Employed,Post Graduate,1726390,744
CUST02294,Customer_02294,35,Madhya Pradesh,Salaried,Graduate,1502230,751
CUST02295,Customer_02295,23,Bihar,Salaried,Graduate,1177169,683
CUST02296,Customer_02296,56,Haryana,Self-Employed,Under Graduate,2049840,661
CUST02297,Customer_02297,24,Haryana,Professional,Post Graduate,886863,745
CUST02298,Customer_02298,34,Madhya Pradesh,Salaried,Graduate,1123617,763
CUST02299,Customer_02299,45,Uttar Pradesh,Salaried,Post Graduate,1596388,762
CUST02300,Customer_02300,30,Maharashtra,Salaried,Graduate,1783005,679
CUST02301,Customer_02301,41,Delhi,Salaried,Graduate,2097194,696
CUST02302,Customer_02302,56,Haryana,Self-Employed,Under Graduate,193594,835
CUST02303,Customer_02303,32,Maharashtra,Professional,Graduate,1367874,508
CUST02304,Customer_02304,47,Bihar,Business,Graduate,2249265,764
CUST02305,Customer_02305,60,Uttar Pradesh,Business,Graduate,212212,664
CUST02306,Customer_02306,22,Delhi,Self-Employed,Under Graduate,966499,664
CUST02307,Customer_02307,33,Uttar Pradesh,Self-Employed,Graduate,655324,669
CUST02308,Customer_02308,52,Uttar Pradesh,Professional,Graduate,1216328,551
CUST02309,Customer_02309,51,Uttar Pradesh,Salaried,Graduate,749951,674
CUST02310,Customer_02310,36,Gujarat,Professional,Graduate,2064842,786
CUST02311,Customer_02311,52,Bihar,Business,Graduate,1919842,668
CUST02312,Customer_02312,52,Maharashtra,Salaried,Under Graduate,2061010,678
CUST02313,Customer_02313,54,Karnataka,Self-Employed,Graduate,1887126,623
CUST02314,Customer_02314,31,Maharashtra,Salaried,Graduate,515033,692
CUST02315,Customer_02315,30,Bihar,Salaried,Graduate,1583890,498
CUST02316,Customer_02316,35,West Bengal,Salaried,Post Graduate,1489678,631
CUST02317,Customer_02317,37,Bihar,Business,Graduate,812091,719
CUST02318,Customer_02318,60,Madhya Pradesh,Business,Under Graduate,325002,590
CUST02319,Customer_02319,38,Uttar Pradesh,Salaried,Under Graduate,660603,597
CUST02320,Customer_02320,29,Haryana,Salaried,Graduate,1971755,655
CUST02321,Customer_02321,45,Bihar,Self-Employed,Under Graduate,319747,727
CUST02322,Customer_02322,60,Haryana,Salaried,Graduate,2301536,766
CUST02323,Customer_02323,34,Maharashtra,Self-Employed,Graduate,1846964,690
CUST02324,Customer_02324,45,Bihar,Self-Employed,Post Graduate,1245241,666
CUST02325,Customer_02325,42,Haryana,Self-Employed,Post Graduate,1401237,720
CUST02326,Customer_02326,50,West Bengal,Salaried,Post Graduate,1132738,673
CUST02327,Customer_02327,40,Uttar Pradesh,Self-Employed,Graduate,1912830,745
CUST02328,Customer_02328,41,Haryana,Salaried,Under Graduate,350396,801
CUST02329,Customer_02329,52,Maharashtra,Salaried,Post Graduate,1031612,678
CUST02330,Customer_02330,41,Madhya Pradesh,Salaried,Graduate,1214573,605
CUST02331,Customer_02331,55,Maharashtra,Salaried,Under Graduate,205927,686
CUST02332,Customer_02332,52,Madhya Pradesh,Business,Under Graduate,1749793,841
CUST02333,Customer_02333,50,Bihar,Business,Graduate,1599521,714
CUST02334,Customer_02334,59,Bihar,Self-Employed,Post Graduate,1535118,616
CUST02335,Customer_02335,32,Uttar Pradesh,Self-Employed,Under Graduate,531377,693
CUST02336,Customer_02336,38,Uttar Pradesh,Salaried,Under Graduate,2105956,685
CUST02337,Customer_02337,41,Karnataka,Salaried,Graduate,947416,628
CUST02338,Customer_02338,33,West Bengal,Business,Post Graduate,1814758,785
CUST02339,Customer_02339,41,Haryana,Salaried,Under Graduate,783922,736
CUST02340,Customer_02340,28,Maharashtra,Self-Employed,Graduate,2484018,777
CUST02341,Customer_02341,60,Bihar,Salaried,Post Graduate,808591,458
CUST02342,Customer_02342,27,Delhi,Professional,Graduate,905970,711
CUST02343,Customer_02343,43,West Bengal,Professional,Graduate,462875,696
CUST02344,Customer_02344,52,Rajasthan,Salaried,Graduate,1922823,616
CUST02345,Customer_02345,31,Haryana,Business,Post Graduate,1045051,723
CUST02346,Customer_02346,42,West Bengal,Salaried,Graduate,896618,618
CUST02347,Customer_02347,42,Karnataka,Self-Employed,Graduate,252586,570
CUST02348,Customer_02348,45,Maharashtra,Salaried,Graduate,932264,744
CUST02349,Customer_02349,42,Uttar Pradesh,Salaried,Graduate,518829,678
CUST02350,Customer_02350,48,Rajasthan,Salaried,Graduate,1796609,567
CUST02351,Customer_02351,49,Madhya Pradesh,Professional,Post Graduate,1577817,798
CUST02352,Customer_02352,33,Maharashtra,Business,Post Graduate,2334120,695
CUST02353,Customer_02353,38,Maharashtra,Salaried,Graduate,1793506,630
CUST02354,Customer_02354,22,Delhi,Self-Employed,Graduate,824813,568
CUST02355,Customer_02355,49,Rajasthan,Salaried,Post Graduate,228145,607
CUST02356,Customer_02356,41,Maharashtra,Salaried,Graduate,2130475,567
CUST02357,Customer_02357,35,Gujarat,Business,Under Graduate,613869,818
CUST02358,Customer_02358,47,Gujarat,Salaried,Graduate,2183579,840
CUST02359,Customer_02359,51,Delhi,Self-Employed,Graduate,2327343,782
CUST02360,Customer_02360,35,Uttar Pradesh,Salaried,Graduate,1587635,566
CUST02361,Customer_02361,43,Delhi,Salaried,Graduate,548014,731
CUST02362,Customer_02362,44,Madhya Pradesh,Self-Employed,Graduate,1263624,850
CUST02363,Customer_02363,33,Uttar Pradesh,Professional,Graduate,522040,630
CUST02364,Customer_02364,42,Delhi,Business,Graduate,1222187,683
CUST02365,Customer_02365,57,Bihar,Salaried,Graduate,2112582,825
CUST02366,Customer_02366,53,Bihar,Business,Graduate,1547034,716
CUST02367,Customer_02367,23,Rajasthan,Professional,Under Graduate,1821908,740
CUST02368,Customer_02368,39,Bihar,Salaried,Post Graduate,378726,639
CUST02369,Customer_02369,43,Bihar,Salaried,Post Graduate,1551847,580
CUST02370,Customer_02370,49,Haryana,Salaried,Post Graduate,487159,726
CUST02371,Customer_02371,50,Uttar Pradesh,Salaried,Graduate,325432,653
CUST02372,Customer_02372,59,West Bengal,Self-Employed,Post Graduate,1748689,641
CUST02373,Customer_02373,45,Madhya Pradesh,Salaried,Graduate,1220841,630
CUST02374,Customer_02374,57,Maharashtra,Salaried,Graduate,2378274,752
CUST02375,Customer_02375,28,Uttar Pradesh,Salaried,Graduate,2339654,726
CUST02376,Customer_02376,36,Madhya Pradesh,Self-Employed,Under Graduate,2058110,834
CUST02377,Customer_02377,28,Gujarat,Self-Employed,Post Graduate,1340685,777
CUST02378,Customer_02378,21,Uttar Pradesh,Self-Employed,Graduate,2192225,702
CUST02379,Customer_02379,25,Maharashtra,Salaried,Graduate,2012322,698
CUST02380,Customer_02380,23,Haryana,Self-Employed,Graduate,2299872,769
CUST02381,Customer_02381,21,Uttar Pradesh,Salaried,Graduate,913079,701
CUST02382,Customer_02382,24,Karnataka,Professional,Under Graduate,1756243,783
CUST02383,Customer_02383,60,Gujarat,Salaried,Graduate,417021,704
CUST02384,Customer_02384,55,Rajasthan,Salaried,Graduate,2209678,740
CUST02385,Customer_02385,52,Bihar,Salaried,Graduate,951992,803
CUST02386,Customer_02386,54,Uttar Pradesh,Salaried,Graduate,2256644,573
CUST02387,Customer_02387,45,Haryana,Salaried,Graduate,1828168,796
CUST02388,Customer_02388,30,Uttar Pradesh,Self-Employed,Under Graduate,859135,801
CUST02389,Customer_02389,41,Maharashtra,Business,Under Graduate,2161565,673
CUST02390,Customer_02390,59,Madhya Pradesh,Salaried,Under Graduate,2472776,699
CUST02391,Customer_02391,47,Maharashtra,Self-Employed,Post Graduate,290946,667
CUST02392,Customer_02392,47,Rajasthan,Business,Post Graduate,564444,649
CUST02393,Customer_02393,22,Haryana,Salaried,Under Graduate,817290,786
CUST02394,Customer_02394,33,Rajasthan,Salaried,Under Graduate,801079,585
CUST02395,Customer_02395,29,West Bengal,Salaried,Under Graduate,376398,702
CUST02396,Customer_02396,56,Haryana,Business,Under Graduate,2236227,594
CUST02397,Customer_02397,42,Bihar,Business,Post Graduate,1988055,652
CUST02398,Customer_02398,46,Bihar,Salaried,Graduate,350165,607
CUST02399,Customer_02399,32,Bihar,Salaried,Graduate,1496651,698
CUST02400,Customer_02400,37,Gujarat,Business,Post Graduate,1779904,731
CUST02401,Customer_02401,34,Maharashtra,Self-Employed,Graduate,294329,780
CUST02402,Customer_02402,34,West Bengal,Business,Under Graduate,1376920,690
CUST02403,Customer_02403,54,Madhya Pradesh,Salaried,Under Graduate,1620917,838
CUST02404,Customer_02404,40,Bihar,Professional,Post Graduate,2343091,658
CUST02405,Customer_02405,31,Gujarat,Business,Graduate,731352,749
CUST02406,Customer_02406,36,Bihar,Salaried,Graduate,1048228,795
CUST02407,Customer_02407,51,Haryana,Self-Employed,Graduate,668693,666
CUST02408,Customer_02408,26,Madhya Pradesh,Salaried,Graduate,1497269,735
CUST02409,Customer_02409,39,Uttar Pradesh,Salaried,Post Graduate,1972002,504
CUST02410,Customer_02410,57,Uttar Pradesh,Self-Employed,Graduate,1561384,776
CUST02411,Customer_02411,24,Karnataka,Salaried,Graduate,1765665,630
CUST02412,Customer_02412,24,Madhya Pradesh,Self-Employed,Graduate,1801306,808
CUST02413,Customer_02413,40,West Bengal,Salaried,Post Graduate,2092914,688
CUST02414,Customer_02414,30,Uttar Pradesh,Business,Graduate,1570849,764
CUST02415,Customer_02415,44,Maharashtra,Salaried,Under Graduate,2340427,646
CUST02416,Customer_02416,55,Maharashtra,Business,Graduate,1435622,850
CUST02417,Customer_02417,46,Madhya Pradesh,Salaried,Graduate,1414211,705
CUST02418,Customer_02418,57,Bihar,Salaried,Post Graduate,1378810,850
CUST02419,Customer_02419,58,Uttar Pradesh,Self-Employed,Under Graduate,376274,691
CUST02420,Customer_02420,41,Gujarat,Salaried,Graduate,1252512,666
CUST02421,Customer_02421,60,Madhya Pradesh,Salaried,Post Graduate,1603162,742
CUST02422,Customer_02422,59,Maharashtra,Salaried,Under Graduate,668042,783
CUST02423,Customer_02423,41,Rajasthan,Professional,Post Graduate,2073897,760
CUST02424,Customer_02424,30,Delhi,Salaried,Graduate,829594,733
CUST02425,Customer_02425,58,Maharashtra,Business,Post Graduate,2061798,695
CUST02426,Customer_02426,24,Maharashtra,Self-Employed,Under Graduate,2081360,755
CUST02427,Customer_02427,40,Bihar,Salaried,Post Graduate,764503,722
CUST02428,Customer_02428,37,Delhi,Self-Employed,Under Graduate,2076651,680
CUST02429,Customer_02429,27,Haryana,Business,Graduate,1142091,679
CUST02430,Customer_02430,24,Bihar,Self-Employed,Graduate,781607,799
CUST02431,Customer_02431,49,Maharashtra,Business,Post Graduate,1301671,592
CUST02432,Customer_02432,34,Karnataka,Salaried,Graduate,2395212,757
CUST02433,Customer_02433,23,West Bengal,Self-Employed,Under Graduate,1795754,749
CUST02434,Customer_02434,44,Gujarat,Salaried,Under Graduate,1890944,850
CUST02435,Customer_02435,57,West Bengal,Salaried,Under Graduate,501688,452
CUST02436,Customer_02436,36,Gujarat,Self-Employed,Under Graduate,418096,575
CUST02437,Customer_02437,24,Delhi,Self-Employed,Graduate,815218,624
CUST02438,Customer_02438,44,Bihar,Salaried,Under Graduate,814367,643
CUST02439,Customer_02439,54,Rajasthan,Salaried,Graduate,1483083,761
CUST02440,Customer_02440,50,Uttar Pradesh,Self-Employed,Graduate,1671874,591
CUST02441,Customer_02441,38,Haryana,Self-Employed,Post Graduate,872321,669
CUST02442,Customer_02442,39,West Bengal,Salaried,Graduate,991800,639
CUST02443,Customer_02443,51,Gujarat,Salaried,Under Graduate,2191215,668
CUST02444,Customer_02444,39,Bihar,Business,Graduate,503405,795
CUST02445,Customer_02445,39,Uttar Pradesh,Business,Under Graduate,805742,733
CUST02446,Customer_02446,42,Maharashtra,Salaried,Graduate,569190,644
CUST02447,Customer_02447,44,Maharashtra,Salaried,Under Graduate,2428966,586
CUST02448,Customer_02448,32,Madhya Pradesh,Salaried,Post Graduate,1624369,730
CUST02449,Customer_02449,50,West Bengal,Business,Post Graduate,1101809,641
CUST02450,Customer_02450,58,Uttar Pradesh,Business,Graduate,1281778,670
CUST02451,Customer_02451,51,Uttar Pradesh,Salaried,Post Graduate,796564,672
CUST02452,Customer_02452,56,Madhya Pradesh,Business,Graduate,1117036,773
CUST02453,Customer_02453,39,Maharashtra,Salaried,Post Graduate,2055836,664
CUST02454,Customer_02454,56,Karnataka,Salaried,Post Graduate,198330,659
CUST02455,Customer_02455,50,Bihar,Professional,Graduate,324314,622
CUST02456,Customer_02456,53,Maharashtra,Business,Graduate,765277,633
CUST02457,Customer_02457,38,Maharashtra,Business,Graduate,2359271,759
CUST02458,Customer_02458,48,Uttar Pradesh,Self-Employed,Under Graduate,1560324,691
CUST02459,Customer_02459,31,Madhya Pradesh,Salaried,Graduate,974713,675
CUST02460,Customer_02460,53,Uttar Pradesh,Business,Under Graduate,2261358,591
CUST02461,Customer_02461,37,Bihar,Self-Employed,Post Graduate,251734,612
CUST02462,Customer_02462,26,Rajasthan,Salaried,Under Graduate,267951,730
CUST02463,Customer_02463,24,Uttar Pradesh,Self-Employed,Graduate,2003964,674
CUST02464,Customer_02464,40,Uttar Pradesh,Business,Graduate,2318203,674
CUST02465,Customer_02465,47,Rajasthan,Professional,Post Graduate,2256233,717
CUST02466,Customer_02466,35,Gujarat,Self-Employed,Post Graduate,761571,738
CUST02467,Customer_02467,26,West Bengal,Business,Graduate,2336461,742
CUST02468,Customer_02468,34,Uttar Pradesh,Salaried,Graduate,1029767,669
CUST02469,Customer_02469,31,Uttar Pradesh,Self-Employed,Graduate,307211,681
CUST02470,Customer_02470,59,Uttar Pradesh,Self-Employed,Graduate,1671729,730
CUST02471,Customer_02471,29,Rajasthan,Salaried,Post Graduate,1209193,522
CUST02472,Customer_02472,46,Gujarat,Business,Post Graduate,1762944,702
CUST02473,Customer_02473,36,Haryana,Professional,Graduate,462312,743
CUST02474,Customer_02474,25,Gujarat,Salaried,Graduate,2046900,638
CUST02475,Customer_02475,30,Maharashtra,Business,Graduate,1886901,594
CUST02476,Customer_02476,23,Rajasthan,Self-Employed,Post Graduate,2173971,797
CUST02477,Customer_02477,33,Karnataka,Self-Employed,Post Graduate,1531675,631
CUST02478,Customer_02478,50,Bihar,Business,Graduate,407140,687
CUST02479,Customer_02479,26,Rajasthan,Salaried,Graduate,946647,713
CUST02480,Customer_02480,37,West Bengal,Business,Graduate,898204,622
CUST02481,Customer_02481,39,Delhi,Salaried,Under Graduate,1387331,572
CUST02482,Customer_02482,55,Delhi,Business,Post Graduate,2228974,711
CUST02483,Customer_02483,46,Maharashtra,Self-Employed,Graduate,1117540,586
CUST02484,Customer_02484,25,Bihar,Salaried,Graduate,1608711,741
CUST02485,Customer_02485,49,Uttar Pradesh,Salaried,Under Graduate,868708,679
CUST02486,Customer_02486,57,Madhya Pradesh,Salaried,Post Graduate,2172697,850
CUST02487,Customer_02487,40,Uttar Pradesh,Salaried,Graduate,2449535,701
CUST02488,Customer_02488,41,Haryana,Salaried,Graduate,1784630,636
CUST02489,Customer_02489,30,Haryana,Business,Post Graduate,573073,749
CUST02490,Customer_02490,25,Madhya Pradesh,Business,Graduate,1863728,771
CUST02491,Customer_02491,56,Uttar Pradesh,Professional,Graduate,839705,589
CUST02492,Customer_02492,26,Uttar Pradesh,Business,Under Graduate,1687559,722
CUST02493,Customer_02493,46,Haryana,Business,Under Graduate,1669323,716
CUST02494,Customer_02494,24,Madhya Pradesh,Salaried,Under Graduate,2445721,763
CUST02495,Customer_02495,59,Delhi,Business,Graduate,2122598,613
CUST02496,Customer_02496,59,Maharashtra,Business,Graduate,593136,744
CUST02497,Customer_02497,55,Rajasthan,Salaried,Graduate,1223765,721
CUST02498,Customer_02498,21,Delhi,Self-Employed,Under Graduate,1151775,672
CUST02499,Customer_02499,44,Rajasthan,Self-Employed,Post Graduate,820278,850
CUST02500,Customer_02500,56,Madhya Pradesh,Professional,Under Graduate,401880,601
CUST02501,Customer_02501,26,Haryana,Self-Employed,Under Graduate,2228306,672
CUST02502,Customer_02502,51,Maharashtra,Professional,Post Graduate,2203737,623
CUST02503,Customer_02503,40,Uttar Pradesh,Salaried,Graduate,2018482,715
CUST02504,Customer_02504,44,Madhya Pradesh,Salaried,Graduate,529912,818
CUST02505,Customer_02505,45,Uttar Pradesh,Professional,Graduate,194104,797
CUST02506,Customer_02506,56,Delhi,Salaried,Graduate,1508506,493
CUST02507,Customer_02507,41,Delhi,Salaried,Graduate,2323868,808
CUST02508,Customer_02508,50,Karnataka,Self-Employed,Post Graduate,310738,653
CUST02509,Customer_02509,44,Gujarat,Business,Graduate,1541989,638
CUST02510,Customer_02510,50,Uttar Pradesh,Salaried,Post Graduate,2168273,701
CUST02511,Customer_02511,42,Maharashtra,Salaried,Under Graduate,1578670,669
CUST02512,Customer_02512,48,Haryana,Self-Employed,Graduate,196791,665
CUST02513,Customer_02513,27,Uttar Pradesh,Self-Employed,Graduate,1693008,635
CUST02514,Customer_02514,55,Gujarat,Salaried,Graduate,448368,714
CUST02515,Customer_02515,48,Haryana,Business,Graduate,2275353,781
CUST02516,Customer_02516,34,Bihar,Business,Post Graduate,1780549,701
CUST02517,Customer_02517,30,Bihar,Business,Post Graduate,198476,683
CUST02518,Customer_02518,36,Madhya Pradesh,Salaried,Post Graduate,1350790,736
CUST02519,Customer_02519,36,Karnataka,Self-Employed,Graduate,1736616,785
CUST02520,Customer_02520,51,Maharashtra,Professional,Graduate,1305174,700
CUST02521,Customer_02521,45,West Bengal,Self-Employed,Post Graduate,705772,678
CUST02522,Customer_02522,33,Madhya Pradesh,Salaried,Graduate,2296912,737
CUST02523,Customer_02523,26,West Bengal,Professional,Graduate,186326,638
CUST02524,Customer_02524,29,Uttar Pradesh,Self-Employed,Under Graduate,2179314,536
CUST02525,Customer_02525,56,Uttar Pradesh,Business,Graduate,2478693,736
CUST02526,Customer_02526,40,Haryana,Salaried,Under Graduate,356750,659
CUST02527,Customer_02527,38,Karnataka,Self-Employed,Graduate,1340901,650
CUST02528,Customer_02528,41,Rajasthan,Professional,Graduate,1940560,547
CUST02529,Customer_02529,24,Delhi,Self-Employed,Graduate,2229799,634
CUST02530,Customer_02530,53,Karnataka,Salaried,Under Graduate,834066,664
CUST02531,Customer_02531,47,Uttar Pradesh,Salaried,Under Graduate,2292115,798
CUST02532,Customer_02532,27,Madhya Pradesh,Salaried,Graduate,2237940,822
CUST02533,Customer_02533,26,Karnataka,Salaried,Under Graduate,2466252,676
CUST02534,Customer_02534,35,Bihar,Business,Graduate,1669692,731
CUST02535,Customer_02535,38,Maharashtra,Salaried,Graduate,2075502,604
CUST02536,Customer_02536,52,Haryana,Salaried,Graduate,884148,699
CUST02537,Customer_02537,31,Bihar,Salaried,Graduate,1007760,659
CUST02538,Customer_02538,40,Uttar Pradesh,Self-Employed,Graduate,1290366,572
CUST02539,Customer_02539,44,West Bengal,Self-Employed,Graduate,907485,775
CUST02540,Customer_02540,35,Madhya Pradesh,Business,Under Graduate,1341538,705
CUST02541,Customer_02541,27,Haryana,Business,Post Graduate,431976,742
CUST02542,Customer_02542,41,Haryana,Salaried,Under Graduate,586021,661
CUST02543,Customer_02543,46,Uttar Pradesh,Self-Employed,Post Graduate,1164384,517
CUST02544,Customer_02544,34,Uttar Pradesh,Salaried,Post Graduate,1576757,583
CUST02545,Customer_02545,57,Maharashtra,Salaried,Graduate,2173411,759
CUST02546,Customer_02546,41,Bihar,Self-Employed,Post Graduate,1531352,672
CUST02547,Customer_02547,38,Gujarat,Business,Under Graduate,1082599,736
CUST02548,Customer_02548,25,Gujarat,Salaried,Post Graduate,1455446,658
CUST02549,Customer_02549,23,Rajasthan,Salaried,Graduate,1577988,697
CUST02550,Customer_02550,43,Maharashtra,Business,Graduate,1897161,690
CUST02551,Customer_02551,46,Bihar,Self-Employed,Under Graduate,887578,621
CUST02552,Customer_02552,57,Madhya Pradesh,Salaried,Graduate,692530,710
CUST02553,Customer_02553,44,Rajasthan,Self-Employed,Under Graduate,2205835,806
CUST02554,Customer_02554,39,Uttar Pradesh,Professional,Graduate,992928,653
CUST02555,Customer_02555,45,Gujarat,Salaried,Graduate,705246,565
CUST02556,Customer_02556,41,Uttar Pradesh,Salaried,Post Graduate,273399,744
CUST02557,Customer_02557,32,Bihar,Salaried,Graduate,263408,587
CUST02558,Customer_02558,53,Delhi,Business,Graduate,2211537,616
CUST02559,Customer_02559,24,Uttar Pradesh,Salaried,Graduate,873855,669
CUST02560,Customer_02560,27,Madhya Pradesh,Professional,Post Graduate,1648384,737
CUST02561,Customer_02561,42,Bihar,Business,Graduate,2102680,726
CUST02562,Customer_02562,53,Uttar Pradesh,Salaried,Graduate,760596,666
CUST02563,Customer_02563,37,Maharashtra,Salaried,Under Graduate,1841874,591
CUST02564,Customer_02564,44,West Bengal,Self-Employed,Graduate,436987,850
CUST02565,Customer_02565,54,Rajasthan,Salaried,Graduate,1133533,704
CUST02566,Customer_02566,48,West Bengal,Professional,Post Graduate,1850177,752
CUST02567,Customer_02567,59,Rajasthan,Salaried,Graduate,1781722,726
CUST02568,Customer_02568,42,Madhya Pradesh,Salaried,Graduate,506741,803
CUST02569,Customer_02569,37,Bihar,Self-Employed,Under Graduate,1699214,610
CUST02570,Customer_02570,54,Maharashtra,Salaried,Post Graduate,447321,717
CUST02571,Customer_02571,26,Maharashtra,Self-Employed,Graduate,1653553,666
CUST02572,Customer_02572,26,Bihar,Salaried,Post Graduate,2458246,609
CUST02573,Customer_02573,54,Rajasthan,Self-Employed,Graduate,1391531,788
CUST02574,Customer_02574,21,Maharashtra,Self-Employed,Graduate,2451443,619
CUST02575,Customer_02575,30,Maharashtra,Self-Employed,Under Graduate,1006234,726
CUST02576,Customer_02576,41,Maharashtra,Self-Employed,Graduate,1353033,816
CUST02577,Customer_02577,25,Rajasthan,Salaried,Under Graduate,733986,815
CUST02578,Customer_02578,22,Gujarat,Self-Employed,Graduate,1696772,621
CUST02579,Customer_02579,42,Karnataka,Salaried,Graduate,240393,763
CUST02580,Customer_02580,22,Maharashtra,Self-Employed,Graduate,709368,734
CUST02581,Customer_02581,30,Maharashtra,Professional,Graduate,1297240,602
CUST02582,Customer_02582,54,Bihar,Salaried,Post Graduate,300023,551
CUST02583,Customer_02583,36,Karnataka,Self-Employed,Post Graduate,333278,690
CUST02584,Customer_02584,59,Uttar Pradesh,Salaried,Post Graduate,603666,781
CUST02585,Customer_02585,42,Gujarat,Self-Employed,Post Graduate,1410144,850
CUST02586,Customer_02586,32,Rajasthan,Business,Post Graduate,2354793,645
CUST02587,Customer_02587,44,Uttar Pradesh,Salaried,Under Graduate,536041,704
CUST02588,Customer_02588,60,Bihar,Business,Graduate,1109464,612
CUST02589,Customer_02589,58,Maharashtra,Salaried,Under Graduate,1416480,809
CUST02590,Customer_02590,30,Karnataka,Self-Employed,Graduate,1428287,714
CUST02591,Customer_02591,55,Rajasthan,Business,Post Graduate,709818,723
CUST02592,Customer_02592,52,Madhya Pradesh,Salaried,Under Graduate,665772,700
CUST02593,Customer_02593,27,Madhya Pradesh,Business,Graduate,903984,627
CUST02594,Customer_02594,41,Gujarat,Salaried,Graduate,1775992,758
CUST02595,Customer_02595,40,Rajasthan,Business,Under Graduate,1037139,767
CUST02596,Customer_02596,46,Uttar Pradesh,Self-Employed,Graduate,1851368,786
CUST02597,Customer_02597,24,Bihar,Self-Employed,Under Graduate,1055626,769
CUST02598,Customer_02598,42,Maharashtra,Professional,Graduate,1001752,619
CUST02599,Customer_02599,35,Gujarat,Salaried,Post Graduate,2202387,675
CUST02600,Customer_02600,60,Uttar Pradesh,Salaried,Under Graduate,1432735,722
CUST02601,Customer_02601,41,Madhya Pradesh,Business,Graduate,1146479,643
CUST02602,Customer_02602,35,Maharashtra,Salaried,Graduate,814712,604
CUST02603,Customer_02603,42,West Bengal,Self-Employed,Graduate,556103,669
CUST02604,Customer_02604,48,Bihar,Professional,Graduate,1436054,701
CUST02605,Customer_02605,34,Bihar,Self-Employed,Graduate,2385443,850
CUST02606,Customer_02606,47,Karnataka,Salaried,Under Graduate,898442,787
CUST02607,Customer_02607,60,Bihar,Salaried,Under Graduate,2210842,636
CUST02608,Customer_02608,48,West Bengal,Salaried,Post Graduate,1564554,635
CUST02609,Customer_02609,46,Uttar Pradesh,Salaried,Under Graduate,2280665,610
CUST02610,Customer_02610,22,Maharashtra,Salaried,Post Graduate,2269076,747
CUST02611,Customer_02611,45,Gujarat,Business,Post Graduate,1152878,661
CUST02612,Customer_02612,23,Karnataka,Salaried,Post Graduate,646405,680
CUST02613,Customer_02613,28,Maharashtra,Professional,Graduate,1866724,654
CUST02614,Customer_02614,53,West Bengal,Business,Graduate,1548280,850
CUST02615,Customer_02615,55,Madhya Pradesh,Professional,Graduate,2294163,788
CUST02616,Customer_02616,26,Haryana,Salaried,Under Graduate,2296803,615
CUST02617,Customer_02617,59,Bihar,Self-Employed,Graduate,2051534,604
CUST02618,Customer_02618,43,Maharashtra,Salaried,Graduate,1297642,781
CUST02619,Customer_02619,45,Karnataka,Salaried,Graduate,692313,619
CUST02620,Customer_02620,39,West Bengal,Self-Employed,Under Graduate,729592,789
CUST02621,Customer_02621,25,Rajasthan,Business,Post Graduate,2133024,745
CUST02622,Customer_02622,31,Uttar Pradesh,Salaried,Graduate,1538462,621
CUST02623,Customer_02623,32,Uttar Pradesh,Salaried,Post Graduate,1814988,739
CUST02624,Customer_02624,30,Madhya Pradesh,Salaried,Under Graduate,344445,721
CUST02625,Customer_02625,28,Uttar Pradesh,Business,Graduate,218451,571
CUST02626,Customer_02626,44,Bihar,Professional,Graduate,1635461,690
CUST02627,Customer_02627,48,Maharashtra,Salaried,Post Graduate,2481164,663
CUST02628,Customer_02628,56,Delhi,Salaried,Graduate,725042,718
CUST02629,Customer_02629,57,Uttar Pradesh,Professional,Under Graduate,1199686,678
CUST02630,Customer_02630,41,Rajasthan,Salaried,Post Graduate,304779,718
CUST02631,Customer_02631,28,Madhya Pradesh,Business,Post Graduate,282047,644
CUST02632,Customer_02632,29,Madhya Pradesh,Salaried,Post Graduate,2358624,681
CUST02633,Customer_02633,35,Bihar,Salaried,Under Graduate,944120,591
CUST02634,Customer_02634,60,Maharashtra,Self-Employed,Graduate,2053454,660
CUST02635,Customer_02635,38,Gujarat,Business,Graduate,2112684,658
CUST02636,Customer_02636,40,Haryana,Salaried,Graduate,1813353,582
CUST02637,Customer_02637,26,Gujarat,Salaried,Post Graduate,1464049,695
CUST02638,Customer_02638,32,West Bengal,Salaried,Post Graduate,1343939,811
CUST02639,Customer_02639,22,Delhi,Self-Employed,Post Graduate,2084597,637
CUST02640,Customer_02640,27,Delhi,Business,Post Graduate,639461,777
CUST02641,Customer_02641,36,Uttar Pradesh,Business,Graduate,937063,711
CUST02642,Customer_02642,23,Bihar,Salaried,Graduate,2065269,543
CUST02643,Customer_02643,23,Rajasthan,Business,Graduate,1110294,850
CUST02644,Customer_02644,47,Maharashtra,Salaried,Post Graduate,1439766,621
CUST02645,Customer_02645,60,Rajasthan,Salaried,Under Graduate,832657,692
CUST02646,Customer_02646,58,Maharashtra,Business,Post Graduate,298888,719
CUST02647,Customer_02647,53,Gujarat,Salaried,Graduate,607264,687
CUST02648,Customer_02648,48,Rajasthan,Salaried,Graduate,2455802,751
CUST02649,Customer_02649,21,Rajasthan,Salaried,Under Graduate,540058,782
CUST02650,Customer_02650,28,West Bengal,Business,Graduate,342795,622
CUST02651,Customer_02651,57,Bihar,Self-Employed,Graduate,1266198,673
CUST02652,Customer_02652,52,Bihar,Salaried,Graduate,1270410,640
CUST02653,Customer_02653,57,Maharashtra,Business,Post Graduate,843415,639
CUST02654,Customer_02654,24,Karnataka,Business,Graduate,1096673,698
CUST02655,Customer_02655,50,Rajasthan,Business,Graduate,2170767,765
CUST02656,Customer_02656,26,Madhya Pradesh,Self-Employed,Post Graduate,809050,569
CUST02657,Customer_02657,39,Maharashtra,Salaried,Graduate,1309972,679
CUST02658,Customer_02658,52,Madhya Pradesh,Salaried,Graduate,434946,627
CUST02659,Customer_02659,29,Maharashtra,Business,Post Graduate,2404152,737
CUST02660,Customer_02660,32,Delhi,Business,Under Graduate,659888,730
CUST02661,Customer_02661,31,Haryana,Professional,Graduate,2360603,764
CUST02662,Customer_02662,36,Delhi,Salaried,Graduate,844941,596
CUST02663,Customer_02663,21,Delhi,Salaried,Graduate,2253106,716
CUST02664,Customer_02664,41,Rajasthan,Salaried,Graduate,525681,684
CUST02665,Customer_02665,50,Delhi,Salaried,Under Graduate,1797965,565
CUST02666,Customer_02666,33,Bihar,Self-Employed,Graduate,1725250,576
CUST02667,Customer_02667,54,Gujarat,Professional,Graduate,1226729,656
CUST02668,Customer_02668,24,Maharashtra,Self-Employed,Graduate,2259189,690
CUST02669,Customer_02669,48,Uttar Pradesh,Self-Employed,Graduate,715304,781
CUST02670,Customer_02670,58,Bihar,Self-Employed,Graduate,2360444,667
CUST02671,Customer_02671,51,Rajasthan,Salaried,Under Graduate,706525,717
CUST02672,Customer_02672,47,Maharashtra,Business,Post Graduate,1592498,697
CUST02673,Customer_02673,25,Delhi,Self-Employed,Graduate,1031695,620
CUST02674,Customer_02674,45,Uttar Pradesh,Salaried,Under Graduate,1691772,654
CUST02675,Customer_02675,23,Maharashtra,Self-Employed,Graduate,2035860,692
CUST02676,Customer_02676,53,Delhi,Self-Employed,Graduate,1627550,597
CUST02677,Customer_02677,24,Rajasthan,Salaried,Under Graduate,1199384,733
CUST02678,Customer_02678,45,Gujarat,Salaried,Graduate,1314471,798
CUST02679,Customer_02679,40,Madhya Pradesh,Salaried,Under Graduate,975608,810
CUST02680,Customer_02680,54,West Bengal,Salaried,Post Graduate,1782522,742
CUST02681,Customer_02681,46,Madhya Pradesh,Salaried,Under Graduate,994380,715
CUST02682,Customer_02682,25,Uttar Pradesh,Self-Employed,Post Graduate,1677733,551
CUST02683,Customer_02683,55,Bihar,Self-Employed,Graduate,1164076,614
CUST02684,Customer_02684,48,Uttar Pradesh,Self-Employed,Under Graduate,1256325,587
CUST02685,Customer_02685,49,Karnataka,Professional,Graduate,2405542,654
CUST02686,Customer_02686,29,Uttar Pradesh,Self-Employed,Post Graduate,1689558,747
CUST02687,Customer_02687,58,Bihar,Self-Employed,Graduate,1901362,710
CUST02688,Customer_02688,26,Maharashtra,Business,Post Graduate,1138213,718
CUST02689,Customer_02689,39,Haryana,Self-Employed,Post Graduate,2402552,725
CUST02690,Customer_02690,31,Maharashtra,Salaried,Under Graduate,2436904,634
CUST02691,Customer_02691,22,West Bengal,Salaried,Under Graduate,1890104,673
CUST02692,Customer_02692,29,Uttar Pradesh,Business,Under Graduate,1197137,706
CUST02693,Customer_02693,41,Uttar Pradesh,Business,Graduate,1491800,774
CUST02694,Customer_02694,44,Maharashtra,Professional,Under Graduate,2354485,680
CUST02695,Customer_02695,54,Haryana,Self-Employed,Post Graduate,885335,672
CUST02696,Customer_02696,42,Karnataka,Business,Under Graduate,1526738,586
CUST02697,Customer_02697,23,Uttar Pradesh,Salaried,Under Graduate,778063,629
CUST02698,Customer_02698,32,Uttar Pradesh,Self-Employed,Graduate,232420,707
CUST02699,Customer_02699,48,Delhi,Professional,Graduate,2272601,677
CUST02700,Customer_02700,50,Uttar Pradesh,Salaried,Under Graduate,1772367,580
CUST02701,Customer_02701,46,Uttar Pradesh,Salaried,Graduate,336002,579
CUST02702,Customer_02702,41,Uttar Pradesh,Salaried,Graduate,2404564,610
CUST02703,Customer_02703,48,Uttar Pradesh,Business,Under Graduate,2054545,669
CUST02704,Customer_02704,46,Maharashtra,Salaried,Graduate,1863545,763
CUST02705,Customer_02705,53,Uttar Pradesh,Self-Employed,Under Graduate,1649354,710
CUST02706,Customer_02706,41,Bihar,Salaried,Under Graduate,2191033,618
CUST02707,Customer_02707,55,Haryana,Salaried,Graduate,1698522,637
CUST02708,Customer_02708,54,Bihar,Professional,Post Graduate,2090632,726
CUST02709,Customer_02709,38,Delhi,Salaried,Graduate,1742795,715
CUST02710,Customer_02710,31,Uttar Pradesh,Salaried,Post Graduate,2165274,638
CUST02711,Customer_02711,43,Gujarat,Salaried,Graduate,1966919,517
CUST02712,Customer_02712,42,Maharashtra,Self-Employed,Under Graduate,2245776,713
CUST02713,Customer_02713,37,Delhi,Salaried,Graduate,2360269,664
CUST02714,Customer_02714,25,Uttar Pradesh,Self-Employed,Post Graduate,2338393,820
CUST02715,Customer_02715,31,Karnataka,Professional,Post Graduate,934004,664
CUST02716,Customer_02716,50,Maharashtra,Salaried,Graduate,880611,688
CUST02717,Customer_02717,35,Bihar,Salaried,Under Graduate,718183,674
CUST02718,Customer_02718,47,West Bengal,Self-Employed,Under Graduate,2145378,723
CUST02719,Customer_02719,55,Madhya Pradesh,Self-Employed,Post Graduate,1586064,720
CUST02720,Customer_02720,53,Bihar,Salaried,Post Graduate,2264074,606
CUST02721,Customer_02721,40,West Bengal,Self-Employed,Graduate,2421016,590
CUST02722,Customer_02722,36,Bihar,Professional,Post Graduate,1768294,773
CUST02723,Customer_02723,54,Uttar Pradesh,Salaried,Graduate,2316282,655
CUST02724,Customer_02724,22,West Bengal,Self-Employed,Graduate,1169348,731
CUST02725,Customer_02725,55,Maharashtra,Salaried,Post Graduate,1297696,664
CUST02726,Customer_02726,60,Karnataka,Self-Employed,Post Graduate,2338549,550
CUST02727,Customer_02727,48,Uttar Pradesh,Salaried,Graduate,1611932,795
CUST02728,Customer_02728,59,Delhi,Self-Employed,Graduate,1259664,749
CUST02729,Customer_02729,26,Rajasthan,Self-Employed,Post Graduate,904415,731
CUST02730,Customer_02730,29,West Bengal,Salaried,Graduate,1472295,619
CUST02731,Customer_02731,40,Madhya Pradesh,Business,Graduate,2155677,743
CUST02732,Customer_02732,21,Uttar Pradesh,Self-Employed,Graduate,679069,711
CUST02733,Customer_02733,28,Madhya Pradesh,Salaried,Graduate,706301,636
CUST02734,Customer_02734,43,Uttar Pradesh,Professional,Under Graduate,1312216,670
CUST02735,Customer_02735,23,Haryana,Salaried,Under Graduate,1897401,685
CUST02736,Customer_02736,24,Karnataka,Business,Graduate,1949505,646
CUST02737,Customer_02737,45,Rajasthan,Salaried,Graduate,862847,714
CUST02738,Customer_02738,58,Haryana,Self-Employed,Under Graduate,1095477,755
CUST02739,Customer_02739,35,Uttar Pradesh,Salaried,Under Graduate,902299,655
CUST02740,Customer_02740,41,Rajasthan,Salaried,Graduate,1231795,682
CUST02741,Customer_02741,55,Bihar,Salaried,Under Graduate,581293,682
CUST02742,Customer_02742,34,Madhya Pradesh,Business,Graduate,2324146,752
CUST02743,Customer_02743,56,Uttar Pradesh,Business,Graduate,939334,704
CUST02744,Customer_02744,32,Delhi,Self-Employed,Graduate,1896900,767
CUST02745,Customer_02745,37,Uttar Pradesh,Business,Under Graduate,922498,641
CUST02746,Customer_02746,59,Gujarat,Professional,Post Graduate,445746,689
CUST02747,Customer_02747,29,Uttar Pradesh,Self-Employed,Graduate,2103032,733
CUST02748,Customer_02748,55,Haryana,Self-Employed,Post Graduate,2115646,743
CUST02749,Customer_02749,33,Uttar Pradesh,Salaried,Graduate,2489299,662
CUST02750,Customer_02750,35,Rajasthan,Business,Graduate,1295391,687
CUST02751,Customer_02751,38,Maharashtra,Business,Graduate,283253,628
CUST02752,Customer_02752,53,Delhi,Salaried,Post Graduate,507729,545
CUST02753,Customer_02753,26,Bihar,Self-Employed,Graduate,2315571,667
CUST02754,Customer_02754,47,Delhi,Professional,Graduate,1714568,667
CUST02755,Customer_02755,43,Maharashtra,Salaried,Graduate,1357789,659
CUST02756,Customer_02756,47,Delhi,Salaried,Post Graduate,1009166,609
CUST02757,Customer_02757,54,Uttar Pradesh,Salaried,Graduate,822564,732
CUST02758,Customer_02758,58,Maharashtra,Salaried,Graduate,1986286,742
CUST02759,Customer_02759,34,Rajasthan,Salaried,Graduate,1489431,685
CUST02760,Customer_02760,56,Uttar Pradesh,Salaried,Graduate,1104043,629
CUST02761,Customer_02761,28,Maharashtra,Salaried,Post Graduate,446367,647
CUST02762,Customer_02762,55,West Bengal,Business,Under Graduate,491483,688
CUST02763,Customer_02763,39,West Bengal,Salaried,Graduate,1889238,754
CUST02764,Customer_02764,50,Delhi,Salaried,Post Graduate,1160550,590
CUST02765,Customer_02765,34,Maharashtra,Salaried,Graduate,2126177,648
CUST02766,Customer_02766,40,Maharashtra,Salaried,Graduate,2109159,701
CUST02767,Customer_02767,45,Gujarat,Professional,Graduate,1008324,747
CUST02768,Customer_02768,60,Uttar Pradesh,Business,Post Graduate,2045806,591
CUST02769,Customer_02769,44,West Bengal,Self-Employed,Under Graduate,1604861,635
CUST02770,Customer_02770,34,Maharashtra,Self-Employed,Post Graduate,1855020,516
CUST02771,Customer_02771,46,West Bengal,Self-Employed,Graduate,2477900,788
CUST02772,Customer_02772,58,Rajasthan,Salaried,Post Graduate,455677,607
CUST02773,Customer_02773,43,Delhi,Salaried,Under Graduate,1337248,727
CUST02774,Customer_02774,42,Uttar Pradesh,Salaried,Graduate,1602074,797
CUST02775,Customer_02775,39,Karnataka,Professional,Under Graduate,1063941,795
CUST02776,Customer_02776,23,Maharashtra,Salaried,Graduate,1287170,555
CUST02777,Customer_02777,39,Gujarat,Self-Employed,Under Graduate,1961657,766
CUST02778,Customer_02778,29,Haryana,Salaried,Graduate,1227724,751
CUST02779,Customer_02779,48,Uttar Pradesh,Salaried,Post Graduate,1360998,762
CUST02780,Customer_02780,40,Rajasthan,Self-Employed,Post Graduate,264195,525
CUST02781,Customer_02781,27,Rajasthan,Salaried,Graduate,1578890,645
CUST02782,Customer_02782,34,Maharashtra,Professional,Under Graduate,439207,563
CUST02783,Customer_02783,29,Rajasthan,Salaried,Graduate,819759,654
CUST02784,Customer_02784,39,Maharashtra,Salaried,Graduate,649873,751
CUST02785,Customer_02785,34,Bihar,Self-Employed,Under Graduate,411765,837
CUST02786,Customer_02786,58,Gujarat,Business,Graduate,1097671,754
CUST02787,Customer_02787,56,Gujarat,Salaried,Graduate,299467,720
CUST02788,Customer_02788,60,Maharashtra,Self-Employed,Post Graduate,1883749,652
CUST02789,Customer_02789,37,Karnataka,Business,Post Graduate,1923479,648
CUST02790,Customer_02790,50,Karnataka,Salaried,Under Graduate,314328,722
CUST02791,Customer_02791,29,Rajasthan,Professional,Post Graduate,896838,681
CUST02792,Customer_02792,53,Rajasthan,Salaried,Under Graduate,2056947,733
CUST02793,Customer_02793,45,Bihar,Salaried,Under Graduate,1486550,680
CUST02794,Customer_02794,34,Gujarat,Self-Employed,Post Graduate,805408,799
CUST02795,Customer_02795,31,Gujarat,Salaried,Graduate,1077765,765
CUST02796,Customer_02796,55,Maharashtra,Self-Employed,Post Graduate,1017058,626
CUST02797,Customer_02797,34,Gujarat,Self-Employed,Graduate,945042,747
CUST02798,Customer_02798,50,Maharashtra,Salaried,Graduate,806593,709
CUST02799,Customer_02799,24,Uttar Pradesh,Professional,Post Graduate,1989711,636
CUST02800,Customer_02800,24,Gujarat,Self-Employed,Under Graduate,646492,845
CUST02801,Customer_02801,48,Gujarat,Self-Employed,Graduate,632310,713
CUST02802,Customer_02802,28,Bihar,Salaried,Graduate,1290117,716
CUST02803,Customer_02803,22,Rajasthan,Salaried,Graduate,2381482,749
CUST02804,Customer_02804,42,West Bengal,Business,Graduate,1380782,733
CUST02805,Customer_02805,36,Madhya Pradesh,Business,Graduate,650133,764
CUST02806,Customer_02806,49,Gujarat,Salaried,Post Graduate,2161318,598
CUST02807,Customer_02807,50,Uttar Pradesh,Self-Employed,Graduate,1029198,795
CUST02808,Customer_02808,32,Uttar Pradesh,Self-Employed,Graduate,2276775,720
CUST02809,Customer_02809,55,Maharashtra,Salaried,Under Graduate,1442800,708
CUST02810,Customer_02810,31,Madhya Pradesh,Business,Post Graduate,693985,634
CUST02811,Customer_02811,41,Delhi,Salaried,Graduate,1478750,622
CUST02812,Customer_02812,41,Bihar,Salaried,Graduate,1084980,621
CUST02813,Customer_02813,25,Bihar,Salaried,Graduate,1127142,654
CUST02814,Customer_02814,40,Maharashtra,Salaried,Under Graduate,1298840,694
CUST02815,Customer_02815,57,Maharashtra,Salaried,Graduate,1031188,589
CUST02816,Customer_02816,23,West Bengal,Business,Under Graduate,466173,822
CUST02817,Customer_02817,53,Gujarat,Business,Under Graduate,362923,728
CUST02818,Customer_02818,29,Uttar Pradesh,Salaried,Post Graduate,940943,611
CUST02819,Customer_02819,29,Delhi,Business,Graduate,1479381,763
CUST02820,Customer_02820,24,Delhi,Self-Employed,Under Graduate,1771248,652
CUST02821,Customer_02821,55,Gujarat,Salaried,Graduate,1651881,632
CUST02822,Customer_02822,37,Uttar Pradesh,Salaried,Graduate,924719,787
CUST02823,Customer_02823,54,Bihar,Salaried,Graduate,424665,641
CUST02824,Customer_02824,44,Uttar Pradesh,Salaried,Post Graduate,348531,694
CUST02825,Customer_02825,52,Haryana,Business,Graduate,900771,758
CUST02826,Customer_02826,21,Gujarat,Self-Employed,Under Graduate,182015,779
CUST02827,Customer_02827,28,Rajasthan,Professional,Graduate,398362,709
CUST02828,Customer_02828,43,Bihar,Business,Under Graduate,1572802,560
CUST02829,Customer_02829,60,Maharashtra,Salaried,Graduate,1282477,610
CUST02830,Customer_02830,32,Uttar Pradesh,Business,Graduate,2414825,799
CUST02831,Customer_02831,32,West Bengal,Salaried,Graduate,1181599,755
CUST02832,Customer_02832,35,Maharashtra,Salaried,Under Graduate,1935914,739
CUST02833,Customer_02833,39,Uttar Pradesh,Self-Employed,Graduate,1315561,636
CUST02834,Customer_02834,46,West Bengal,Salaried,Post Graduate,1770095,615
CUST02835,Customer_02835,49,Madhya Pradesh,Salaried,Graduate,2170356,584
CUST02836,Customer_02836,42,Haryana,Self-Employed,Under Graduate,295196,650
CUST02837,Customer_02837,60,Uttar Pradesh,Business,Graduate,563911,718
CUST02838,Customer_02838,41,Madhya Pradesh,Salaried,Graduate,1405443,799
CUST02839,Customer_02839,58,Bihar,Salaried,Post Graduate,1695305,682
CUST02840,Customer_02840,40,Delhi,Self-Employed,Graduate,964374,688
CUST02841,Customer_02841,49,Uttar Pradesh,Self-Employed,Graduate,1986572,760
CUST02842,Customer_02842,24,Bihar,Salaried,Graduate,2291446,654
CUST02843,Customer_02843,27,Haryana,Professional,Post Graduate,1088895,679
CUST02844,Customer_02844,48,Rajasthan,Self-Employed,Graduate,1893140,696
CUST02845,Customer_02845,48,Madhya Pradesh,Self-Employed,Graduate,1573714,651
CUST02846,Customer_02846,24,Uttar Pradesh,Professional,Post Graduate,333424,727
CUST02847,Customer_02847,42,Uttar Pradesh,Professional,Graduate,439894,699
CUST02848,Customer_02848,32,Gujarat,Salaried,Post Graduate,1343732,705
CUST02849,Customer_02849,23,Gujarat,Salaried,Post Graduate,1410715,616
CUST02850,Customer_02850,42,West Bengal,Business,Under Graduate,2494627,751
CUST02851,Customer_02851,22,Delhi,Professional,Graduate,1645496,816
CUST02852,Customer_02852,44,Rajasthan,Self-Employed,Post Graduate,188133,746
CUST02853,Customer_02853,54,Karnataka,Salaried,Graduate,2273709,634
CUST02854,Customer_02854,47,Uttar Pradesh,Self-Employed,Graduate,2471173,573
CUST02855,Customer_02855,21,Rajasthan,Salaried,Graduate,1675992,681
CUST02856,Customer_02856,28,Maharashtra,Professional,Graduate,2096581,734
CUST02857,Customer_02857,43,Uttar Pradesh,Salaried,Graduate,1010248,639
CUST02858,Customer_02858,58,Delhi,Professional,Post Graduate,1185100,666
CUST02859,Customer_02859,26,Rajasthan,Salaried,Graduate,2089647,774
CUST02860,Customer_02860,42,Madhya Pradesh,Professional,Graduate,864818,571
CUST02861,Customer_02861,45,Bihar,Salaried,Graduate,2092042,714
CUST02862,Customer_02862,38,Rajasthan,Business,Graduate,1642612,610
CUST02863,Customer_02863,37,Uttar Pradesh,Professional,Graduate,879324,754
CUST02864,Customer_02864,32,Gujarat,Self-Employed,Graduate,858759,747
CUST02865,Customer_02865,26,Rajasthan,Self-Employed,Graduate,1498378,687
CUST02866,Customer_02866,46,Haryana,Salaried,Post Graduate,932780,712
CUST02867,Customer_02867,47,Maharashtra,Self-Employed,Graduate,1358198,622
CUST02868,Customer_02868,28,Maharashtra,Business,Post Graduate,1152666,753
CUST02869,Customer_02869,39,Gujarat,Salaried,Under Graduate,1149465,720
CUST02870,Customer_02870,21,Haryana,Business,Graduate,1800331,686
CUST02871,Customer_02871,49,Rajasthan,Self-Employed,Graduate,278041,632
CUST02872,Customer_02872,55,Delhi,Salaried,Graduate,2386261,697
CUST02873,Customer_02873,60,West Bengal,Salaried,Graduate,382643,662
CUST02874,Customer_02874,34,West Bengal,Salaried,Post Graduate,2455149,749
CUST02875,Customer_02875,55,Delhi,Salaried,Graduate,775952,813
CUST02876,Customer_02876,40,Delhi,Professional,Graduate,2303993,740
CUST02877,Customer_02877,33,Maharashtra,Business,Graduate,218746,663
CUST02878,Customer_02878,58,Haryana,Salaried,Graduate,1177857,799
CUST02879,Customer_02879,28,Bihar,Salaried,Graduate,528124,660
CUST02880,Customer_02880,40,West Bengal,Self-Employed,Graduate,641736,711
CUST02881,Customer_02881,53,Uttar Pradesh,Salaried,Graduate,1772044,659
CUST02882,Customer_02882,46,Rajasthan,Salaried,Post Graduate,1234020,692
CUST02883,Customer_02883,59,Madhya Pradesh,Salaried,Graduate,695860,560
CUST02884,Customer_02884,41,Bihar,Business,Under Graduate,2346496,600
CUST02885,Customer_02885,29,Maharashtra,Salaried,Graduate,1159202,685
CUST02886,Customer_02886,44,Madhya Pradesh,Salaried,Graduate,730114,712
CUST02887,Customer_02887,57,Delhi,Professional,Graduate,251654,680
CUST02888,Customer_02888,37,Gujarat,Salaried,Post Graduate,1070449,755
CUST02889,Customer_02889,44,Maharashtra,Business,Graduate,981139,531
CUST02890,Customer_02890,41,Delhi,Salaried,Graduate,2398071,726
CUST02891,Customer_02891,59,Maharashtra,Salaried,Graduate,2433199,789
CUST02892,Customer_02892,59,Uttar Pradesh,Salaried,Under Graduate,1134371,748
CUST02893,Customer_02893,33,Gujarat,Salaried,Under Graduate,2368831,740
CUST02894,Customer_02894,31,Haryana,Salaried,Graduate,445961,765
CUST02895,Customer_02895,39,Rajasthan,Salaried,Graduate,468993,599
CUST02896,Customer_02896,31,Madhya Pradesh,Salaried,Graduate,2266093,599
CUST02897,Customer_02897,33,Maharashtra,Salaried,Graduate,2070361,666
CUST02898,Customer_02898,21,Rajasthan,Self-Employed,Post Graduate,1644076,682
CUST02899,Customer_02899,60,Uttar Pradesh,Business,Post Graduate,2378779,704
CUST02900,Customer_02900,39,West Bengal,Business,Graduate,2252030,600
CUST02901,Customer_02901,32,Haryana,Self-Employed,Under Graduate,1542475,670
CUST02902,Customer_02902,28,Gujarat,Professional,Graduate,1502411,762
CUST02903,Customer_02903,28,Madhya Pradesh,Salaried,Graduate,443709,663
CUST02904,Customer_02904,32,Haryana,Salaried,Graduate,1270454,570
CUST02905,Customer_02905,53,Rajasthan,Salaried,Graduate,1309962,572
CUST02906,Customer_02906,46,Maharashtra,Business,Graduate,635181,765
CUST02907,Customer_02907,59,Uttar Pradesh,Business,Post Graduate,1934403,801
CUST02908,Customer_02908,48,Gujarat,Self-Employed,Graduate,2251751,632
CUST02909,Customer_02909,25,Karnataka,Salaried,Graduate,1363767,754
CUST02910,Customer_02910,28,Uttar Pradesh,Self-Employed,Under Graduate,525718,737
CUST02911,Customer_02911,45,Maharashtra,Salaried,Under Graduate,2254189,583
CUST02912,Customer_02912,47,Rajasthan,Self-Employed,Post Graduate,1998034,728
CUST02913,Customer_02913,43,Haryana,Self-Employed,Post Graduate,1818641,742
CUST02914,Customer_02914,50,Maharashtra,Salaried,Post Graduate,1888268,668
CUST02915,Customer_02915,43,Maharashtra,Salaried,Post Graduate,2007766,660
CUST02916,Customer_02916,40,Madhya Pradesh,Business,Graduate,1663045,707
CUST02917,Customer_02917,38,Madhya Pradesh,Self-Employed,Graduate,324470,631
CUST02918,Customer_02918,38,Uttar Pradesh,Salaried,Graduate,729651,778
CUST02919,Customer_02919,22,Uttar Pradesh,Salaried,Graduate,2131328,689
CUST02920,Customer_02920,24,Gujarat,Professional,Graduate,854020,658
CUST02921,Customer_02921,50,Rajasthan,Salaried,Post Graduate,291001,679
CUST02922,Customer_02922,53,West Bengal,Salaried,Graduate,1604129,765
CUST02923,Customer_02923,56,Gujarat,Self-Employed,Graduate,242402,679
CUST02924,Customer_02924,38,Uttar Pradesh,Self-Employed,Graduate,1591625,656
CUST02925,Customer_02925,57,Rajasthan,Salaried,Graduate,1384609,571
CUST02926,Customer_02926,39,Bihar,Salaried,Under Graduate,537787,703
CUST02927,Customer_02927,48,Uttar Pradesh,Salaried,Post Graduate,214179,669
CUST02928,Customer_02928,60,Karnataka,Self-Employed,Under Graduate,2468918,600
CUST02929,Customer_02929,40,Haryana,Salaried,Graduate,1773445,723
CUST02930,Customer_02930,53,Maharashtra,Self-Employed,Graduate,2471276,608
CUST02931,Customer_02931,32,Maharashtra,Professional,Post Graduate,2097317,642
CUST02932,Customer_02932,35,Uttar Pradesh,Professional,Graduate,254953,725
CUST02933,Customer_02933,59,Maharashtra,Self-Employed,Graduate,1379670,725
CUST02934,Customer_02934,22,Madhya Pradesh,Self-Employed,Graduate,1160359,696
CUST02935,Customer_02935,49,Bihar,Business,Under Graduate,1114728,670
CUST02936,Customer_02936,30,West Bengal,Business,Under Graduate,2397552,654
CUST02937,Customer_02937,22,Uttar Pradesh,Business,Graduate,1324563,624
CUST02938,Customer_02938,31,Madhya Pradesh,Salaried,Graduate,1753098,669
CUST02939,Customer_02939,33,Karnataka,Salaried,Post Graduate,2195345,769
CUST02940,Customer_02940,30,Rajasthan,Professional,Graduate,707426,607
CUST02941,Customer_02941,34,Uttar Pradesh,Professional,Graduate,2359880,496
CUST02942,Customer_02942,38,Maharashtra,Self-Employed,Graduate,447303,634
CUST02943,Customer_02943,29,Bihar,Professional,Graduate,1416700,804
CUST02944,Customer_02944,59,West Bengal,Business,Graduate,1484678,660
CUST02945,Customer_02945,48,Karnataka,Self-Employed,Graduate,2457786,691
CUST02946,Customer_02946,23,West Bengal,Salaried,Under Graduate,929558,696
CUST02947,Customer_02947,40,Haryana,Self-Employed,Graduate,1332564,639
CUST02948,Customer_02948,26,Bihar,Self-Employed,Graduate,2401619,791
CUST02949,Customer_02949,47,Karnataka,Professional,Post Graduate,1991492,672
CUST02950,Customer_02950,22,West Bengal,Self-Employed,Graduate,1286260,771
CUST02951,Customer_02951,49,Bihar,Business,Under Graduate,2023195,694
CUST02952,Customer_02952,58,Maharashtra,Business,Graduate,1798995,697
CUST02953,Customer_02953,23,Madhya Pradesh,Salaried,Under Graduate,1697993,613
CUST02954,Customer_02954,36,Maharashtra,Salaried,Graduate,1082075,767
CUST02955,Customer_02955,50,Uttar Pradesh,Self-Employed,Under Graduate,2478064,676
CUST02956,Customer_02956,60,West Bengal,Salaried,Post Graduate,759073,700
CUST02957,Customer_02957,22,Karnataka,Self-Employed,Under Graduate,345850,817
CUST02958,Customer_02958,37,Uttar Pradesh,Salaried,Post Graduate,1179040,711
CUST02959,Customer_02959,32,Bihar,Salaried,Post Graduate,1080273,703
CUST02960,Customer_02960,55,Haryana,Salaried,Post Graduate,1689090,764
CUST02961,Customer_02961,21,Gujarat,Salaried,Post Graduate,1704705,740
CUST02962,Customer_02962,35,Bihar,Salaried,Under Graduate,1474712,655
CUST02963,Customer_02963,46,Delhi,Professional,Graduate,626095,647
CUST02964,Customer_02964,57,Karnataka,Salaried,Graduate,1884699,723
CUST02965,Customer_02965,41,Karnataka,Professional,Graduate,2194602,649
CUST02966,Customer_02966,51,Bihar,Professional,Graduate,715209,693
CUST02967,Customer_02967,45,Uttar Pradesh,Professional,Under Graduate,1671668,596
CUST02968,Customer_02968,43,Karnataka,Self-Employed,Graduate,1509944,816
CUST02969,Customer_02969,44,Uttar Pradesh,Business,Graduate,1577986,643
CUST02970,Customer_02970,58,Delhi,Salaried,Post Graduate,1181847,735
CUST02971,Customer_02971,48,Uttar Pradesh,Salaried,Under Graduate,2041997,737
CUST02972,Customer_02972,41,Bihar,Business,Post Graduate,627495,821
CUST02973,Customer_02973,38,Bihar,Salaried,Graduate,1595073,714
CUST02974,Customer_02974,56,Uttar Pradesh,Professional,Under Graduate,680776,660
CUST02975,Customer_02975,55,Karnataka,Self-Employed,Graduate,941088,687
CUST02976,Customer_02976,29,Uttar Pradesh,Salaried,Post Graduate,956755,625
CUST02977,Customer_02977,58,Karnataka,Salaried,Graduate,1446906,789
CUST02978,Customer_02978,50,Karnataka,Business,Graduate,1381066,666
CUST02979,Customer_02979,54,Maharashtra,Self-Employed,Under Graduate,250482,822
CUST02980,Customer_02980,52,Gujarat,Business,Post Graduate,583730,641
CUST02981,Customer_02981,23,Maharashtra,Salaried,Graduate,2402196,850
CUST02982,Customer_02982,23,Delhi,Salaried,Post Graduate,691229,639
CUST02983,Customer_02983,48,Madhya Pradesh,Salaried,Graduate,813450,635
CUST02984,Customer_02984,35,Maharashtra,Salaried,Graduate,655891,642
CUST02985,Customer_02985,43,Bihar,Salaried,Post Graduate,710467,640
CUST02986,Customer_02986,60,Gujarat,Salaried,Post Graduate,1704616,718
CUST02987,Customer_02987,31,Karnataka,Salaried,Under Graduate,1624246,628
CUST02988,Customer_02988,52,Uttar Pradesh,Business,Graduate,1313983,604
CUST02989,Customer_02989,56,Madhya Pradesh,Self-Employed,Post Graduate,216828,622
CUST02990,Customer_02990,53,Maharashtra,Salaried,Graduate,768263,842
CUST02991,Customer_02991,44,Haryana,Self-Employed,Graduate,1008170,605
CUST02992,Customer_02992,59,Uttar Pradesh,Self-Employed,Graduate,1996466,704
CUST02993,Customer_02993,54,Gujarat,Self-Employed,Under Graduate,1056088,621
CUST02994,Customer_02994,48,Uttar Pradesh,Self-Employed,Graduate,2311521,725
CUST02995,Customer_02995,57,Madhya Pradesh,Salaried,Graduate,1257891,702
CUST02996,Customer_02996,27,Haryana,Salaried,Post Graduate,970275,815
CUST02997,Customer_02997,24,Delhi,Salaried,Graduate,781873,657
CUST02998,Customer_02998,57,Delhi,Salaried,Under Graduate,2337196,722
CUST02999,Customer_02999,21,Rajasthan,Self-Employed,Graduate,1502565,768
CUST03000,Customer_03000,21,Karnataka,Business,Post Graduate,626954,662
CUST03001,Customer_03001,40,Madhya Pradesh,Salaried,Graduate,1684942,706
CUST03002,Customer_03002,39,Karnataka,Business,Graduate,2227846,577
CUST03003,Customer_03003,49,Madhya Pradesh,Business,Under Graduate,2164597,723
CUST03004,Customer_03004,30,Rajasthan,Salaried,Post Graduate,2436636,704
CUST03005,Customer_03005,38,Maharashtra,Professional,Graduate,1997629,633
CUST03006,Customer_03006,48,Madhya Pradesh,Salaried,Graduate,787898,597
CUST03007,Customer_03007,55,Uttar Pradesh,Professional,Graduate,329659,669
CUST03008,Customer_03008,51,Karnataka,Salaried,Graduate,1669652,601
CUST03009,Customer_03009,47,Gujarat,Salaried,Graduate,751923,697
CUST03010,Customer_03010,31,West Bengal,Self-Employed,Graduate,1915756,736
CUST03011,Customer_03011,58,Uttar Pradesh,Professional,Graduate,1638347,558
CUST03012,Customer_03012,25,Maharashtra,Salaried,Graduate,1250777,627
CUST03013,Customer_03013,28,Karnataka,Business,Graduate,2034825,811
CUST03014,Customer_03014,54,Bihar,Business,Graduate,1919903,736
CUST03015,Customer_03015,32,Rajasthan,Salaried,Post Graduate,867626,584
CUST03016,Customer_03016,58,Karnataka,Self-Employed,Post Graduate,2120744,653
CUST03017,Customer_03017,21,Rajasthan,Self-Employed,Graduate,1245059,554
CUST03018,Customer_03018,51,Maharashtra,Salaried,Graduate,1248402,776
CUST03019,Customer_03019,24,Karnataka,Business,Graduate,363273,689
CUST03020,Customer_03020,25,Uttar Pradesh,Professional,Post Graduate,979628,700
CUST03021,Customer_03021,50,Karnataka,Business,Post Graduate,1517216,779
CUST03022,Customer_03022,44,Uttar Pradesh,Professional,Graduate,1941707,673
CUST03023,Customer_03023,23,Gujarat,Salaried,Under Graduate,2304932,711
CUST03024,Customer_03024,31,Uttar Pradesh,Salaried,Graduate,2392095,772
CUST03025,Customer_03025,24,Gujarat,Business,Post Graduate,1213665,629
CUST03026,Customer_03026,46,Uttar Pradesh,Business,Graduate,1836784,596
CUST03027,Customer_03027,47,Haryana,Salaried,Graduate,1095859,825
CUST03028,Customer_03028,47,Rajasthan,Salaried,Graduate,1788639,635
CUST03029,Customer_03029,26,Uttar Pradesh,Business,Post Graduate,1714531,513
CUST03030,Customer_03030,35,Gujarat,Salaried,Graduate,2068662,636
CUST03031,Customer_03031,50,Rajasthan,Salaried,Post Graduate,1373344,639
CUST03032,Customer_03032,57,Maharashtra,Self-Employed,Post Graduate,1160905,841
CUST03033,Customer_03033,57,Uttar Pradesh,Professional,Graduate,225170,731
CUST03034,Customer_03034,57,Bihar,Business,Post Graduate,1705443,674
CUST03035,Customer_03035,55,Uttar Pradesh,Business,Graduate,493473,638
CUST03036,Customer_03036,43,Uttar Pradesh,Salaried,Graduate,1557836,741
CUST03037,Customer_03037,26,Maharashtra,Self-Employed,Post Graduate,631553,769
CUST03038,Customer_03038,24,Gujarat,Salaried,Post Graduate,927468,727
CUST03039,Customer_03039,38,Rajasthan,Professional,Graduate,1364238,759
CUST03040,Customer_03040,29,Uttar Pradesh,Self-Employed,Graduate,327537,806
CUST03041,Customer_03041,49,West Bengal,Self-Employed,Graduate,2199082,697
CUST03042,Customer_03042,33,Karnataka,Business,Graduate,2235192,652
CUST03043,Customer_03043,37,Maharashtra,Salaried,Under Graduate,1233877,658
CUST03044,Customer_03044,52,Uttar Pradesh,Professional,Graduate,1415752,784
CUST03045,Customer_03045,42,West Bengal,Salaried,Under Graduate,871240,745
CUST03046,Customer_03046,24,Rajasthan,Salaried,Under Graduate,961156,701
CUST03047,Customer_03047,25,Maharashtra,Salaried,Graduate,793770,649
CUST03048,Customer_03048,57,Rajasthan,Business,Graduate,1090623,629
CUST03049,Customer_03049,33,Delhi,Business,Post Graduate,2203984,690
CUST03050,Customer_03050,54,Uttar Pradesh,Salaried,Graduate,2479141,615
CUST03051,Customer_03051,42,Delhi,Salaried,Graduate,1209875,673
CUST03052,Customer_03052,43,Delhi,Professional,Graduate,1656664,779
CUST03053,Customer_03053,23,Madhya Pradesh,Salaried,Graduate,1318581,680
CUST03054,Customer_03054,54,Karnataka,Self-Employed,Graduate,794561,672
CUST03055,Customer_03055,52,Uttar Pradesh,Self-Employed,Graduate,1021320,701
CUST03056,Customer_03056,41,Madhya Pradesh,Business,Post Graduate,1884710,762
CUST03057,Customer_03057,41,Rajasthan,Self-Employed,Under Graduate,2342744,825
CUST03058,Customer_03058,31,Bihar,Salaried,Graduate,858415,603
CUST03059,Customer_03059,59,Maharashtra,Professional,Graduate,1975237,780
CUST03060,Customer_03060,24,Bihar,Salaried,Graduate,2199276,750
CUST03061,Customer_03061,21,Uttar Pradesh,Salaried,Graduate,2277697,597
CUST03062,Customer_03062,48,Maharashtra,Salaried,Post Graduate,1804996,617
CUST03063,Customer_03063,44,Maharashtra,Professional,Post Graduate,241486,762
CUST03064,Customer_03064,55,Delhi,Business,Graduate,383003,732
CUST03065,Customer_03065,33,Uttar Pradesh,Salaried,Post Graduate,2107535,560
CUST03066,Customer_03066,54,Gujarat,Business,Post Graduate,1208083,628
CUST03067,Customer_03067,31,Maharashtra,Salaried,Graduate,1756252,730
CUST03068,Customer_03068,56,Uttar Pradesh,Professional,Post Graduate,1936291,760
CUST03069,Customer_03069,37,Maharashtra,Salaried,Graduate,1042789,720
CUST03070,Customer_03070,55,Maharashtra,Business,Post Graduate,2343259,532
CUST03071,Customer_03071,38,Madhya Pradesh,Self-Employed,Graduate,1902060,636
CUST03072,Customer_03072,60,Bihar,Salaried,Graduate,937591,617
CUST03073,Customer_03073,42,West Bengal,Business,Post Graduate,262267,742
CUST03074,Customer_03074,44,West Bengal,Salaried,Post Graduate,2163308,655
CUST03075,Customer_03075,39,Rajasthan,Self-Employed,Post Graduate,2034057,730
CUST03076,Customer_03076,57,Haryana,Business,Graduate,2150672,703
CUST03077,Customer_03077,59,Uttar Pradesh,Self-Employed,Post Graduate,693978,602
CUST03078,Customer_03078,41,Madhya Pradesh,Salaried,Graduate,1849630,756
CUST03079,Customer_03079,28,Delhi,Professional,Post Graduate,625958,777
CUST03080,Customer_03080,48,Maharashtra,Salaried,Post Graduate,977123,760
CUST03081,Customer_03081,25,Uttar Pradesh,Self-Employed,Graduate,1441783,706
CUST03082,Customer_03082,37,Uttar Pradesh,Business,Graduate,2142281,683
CUST03083,Customer_03083,57,Rajasthan,Professional,Under Graduate,1279097,644
CUST03084,Customer_03084,56,Rajasthan,Self-Employed,Post Graduate,1257373,785
CUST03085,Customer_03085,39,Bihar,Salaried,Under Graduate,2246109,811
CUST03086,Customer_03086,47,Rajasthan,Business,Graduate,1768274,641
CUST03087,Customer_03087,54,Rajasthan,Salaried,Post Graduate,2008215,608
CUST03088,Customer_03088,31,Delhi,Salaried,Post Graduate,2075788,612
CUST03089,Customer_03089,32,Uttar Pradesh,Professional,Post Graduate,1891762,618
CUST03090,Customer_03090,41,Delhi,Self-Employed,Post Graduate,1504511,715
CUST03091,Customer_03091,31,Gujarat,Salaried,Graduate,2196561,591
CUST03092,Customer_03092,59,Delhi,Self-Employed,Graduate,1691861,648
CUST03093,Customer_03093,48,Delhi,Salaried,Graduate,2493466,650
CUST03094,Customer_03094,25,Rajasthan,Salaried,Graduate,2198130,703
CUST03095,Customer_03095,37,Maharashtra,Salaried,Graduate,2105774,675
CUST03096,Customer_03096,40,Madhya Pradesh,Business,Graduate,1593625,724
CUST03097,Customer_03097,32,West Bengal,Business,Graduate,1880238,681
CUST03098,Customer_03098,26,Madhya Pradesh,Self-Employed,Graduate,288434,705
CUST03099,Customer_03099,37,Uttar Pradesh,Salaried,Post Graduate,1721300,835
CUST03100,Customer_03100,39,Uttar Pradesh,Business,Graduate,626407,700
CUST03101,Customer_03101,46,West Bengal,Salaried,Graduate,347922,710
CUST03102,Customer_03102,52,Uttar Pradesh,Self-Employed,Post Graduate,1775704,850
CUST03103,Customer_03103,26,Uttar Pradesh,Business,Graduate,1351720,679
CUST03104,Customer_03104,56,Bihar,Self-Employed,Post Graduate,955196,800
CUST03105,Customer_03105,58,West Bengal,Self-Employed,Graduate,2346022,782
CUST03106,Customer_03106,31,Maharashtra,Professional,Under Graduate,2343399,620
CUST03107,Customer_03107,53,Bihar,Self-Employed,Graduate,441736,701
CUST03108,Customer_03108,44,Gujarat,Self-Employed,Graduate,516784,738
CUST03109,Customer_03109,43,Uttar Pradesh,Self-Employed,Graduate,1586607,761
CUST03110,Customer_03110,35,Karnataka,Salaried,Graduate,1965449,631
CUST03111,Customer_03111,47,Rajasthan,Business,Post Graduate,1554546,631
CUST03112,Customer_03112,31,Rajasthan,Business,Post Graduate,1221829,757
CUST03113,Customer_03113,37,Karnataka,Salaried,Post Graduate,2254712,614
CUST03114,Customer_03114,34,West Bengal,Salaried,Graduate,2399999,666
CUST03115,Customer_03115,47,Bihar,Professional,Under Graduate,1682985,583
CUST03116,Customer_03116,38,Uttar Pradesh,Self-Employed,Graduate,1822234,628
CUST03117,Customer_03117,48,Haryana,Salaried,Graduate,2220515,672
CUST03118,Customer_03118,24,Bihar,Salaried,Graduate,2406301,679
CUST03119,Customer_03119,27,West Bengal,Self-Employed,Post Graduate,204996,701
CUST03120,Customer_03120,55,West Bengal,Salaried,Under Graduate,1955276,680
CUST03121,Customer_03121,29,Uttar Pradesh,Salaried,Graduate,515413,758
CUST03122,Customer_03122,28,West Bengal,Business,Under Graduate,2179100,783
CUST03123,Customer_03123,37,Bihar,Business,Post Graduate,199939,638
CUST03124,Customer_03124,37,Gujarat,Salaried,Graduate,2023492,564
CUST03125,Customer_03125,53,Uttar Pradesh,Salaried,Post Graduate,1286088,721
CUST03126,Customer_03126,52,Karnataka,Self-Employed,Graduate,1911293,767
CUST03127,Customer_03127,28,Gujarat,Salaried,Under Graduate,1351071,632
CUST03128,Customer_03128,39,Gujarat,Salaried,Post Graduate,1170592,667
CUST03129,Customer_03129,58,Karnataka,Salaried,Graduate,378052,763
CUST03130,Customer_03130,23,Rajasthan,Salaried,Under Graduate,2299558,773
CUST03131,Customer_03131,25,Bihar,Salaried,Graduate,626759,725
CUST03132,Customer_03132,33,Karnataka,Professional,Under Graduate,1743058,693
CUST03133,Customer_03133,51,Delhi,Salaried,Graduate,1760657,654
CUST03134,Customer_03134,36,West Bengal,Salaried,Post Graduate,1808733,707
CUST03135,Customer_03135,52,West Bengal,Salaried,Post Graduate,941525,696
CUST03136,Customer_03136,42,Bihar,Self-Employed,Post Graduate,2106042,740
CUST03137,Customer_03137,49,Rajasthan,Business,Graduate,760623,720
CUST03138,Customer_03138,42,Maharashtra,Salaried,Under Graduate,774202,586
CUST03139,Customer_03139,23,Gujarat,Business,Graduate,1557254,679
CUST03140,Customer_03140,30,Bihar,Salaried,Graduate,405365,788
CUST03141,Customer_03141,41,Haryana,Business,Graduate,1683082,510
CUST03142,Customer_03142,36,Uttar Pradesh,Salaried,Post Graduate,685574,589
CUST03143,Customer_03143,32,Uttar Pradesh,Salaried,Graduate,637103,615
CUST03144,Customer_03144,22,Maharashtra,Salaried,Graduate,912505,740
CUST03145,Customer_03145,44,Uttar Pradesh,Salaried,Under Graduate,2451401,653
CUST03146,Customer_03146,55,Gujarat,Self-Employed,Under Graduate,887528,699
CUST03147,Customer_03147,50,Uttar Pradesh,Salaried,Graduate,1983426,727
CUST03148,Customer_03148,50,Uttar Pradesh,Business,Graduate,2183142,727
CUST03149,Customer_03149,55,Uttar Pradesh,Salaried,Graduate,1924839,640
CUST03150,Customer_03150,39,Haryana,Self-Employed,Under Graduate,596815,666
CUST03151,Customer_03151,28,Haryana,Salaried,Under Graduate,298886,675
CUST03152,Customer_03152,46,Uttar Pradesh,Self-Employed,Under Graduate,2326309,814
CUST03153,Customer_03153,60,Delhi,Salaried,Post Graduate,665041,674
CUST03154,Customer_03154,27,Rajasthan,Salaried,Graduate,1315018,736
CUST03155,Customer_03155,50,Maharashtra,Salaried,Graduate,939472,744
CUST03156,Customer_03156,27,Gujarat,Business,Graduate,1260011,772
CUST03157,Customer_03157,23,Uttar Pradesh,Self-Employed,Graduate,339066,756
CUST03158,Customer_03158,21,Delhi,Salaried,Under Graduate,234102,694
CUST03159,Customer_03159,56,Uttar Pradesh,Salaried,Graduate,756722,727
CUST03160,Customer_03160,45,West Bengal,Salaried,Under Graduate,1430737,850
CUST03161,Customer_03161,57,Uttar Pradesh,Salaried,Under Graduate,1976695,635
CUST03162,Customer_03162,21,Madhya Pradesh,Self-Employed,Under Graduate,1846572,652
CUST03163,Customer_03163,35,Karnataka,Salaried,Post Graduate,669897,604
CUST03164,Customer_03164,57,Uttar Pradesh,Salaried,Graduate,744195,704
CUST03165,Customer_03165,33,Rajasthan,Self-Employed,Graduate,719767,655
CUST03166,Customer_03166,60,Bihar,Salaried,Post Graduate,2287954,610
CUST03167,Customer_03167,28,Madhya Pradesh,Salaried,Graduate,1986753,691
CUST03168,Customer_03168,25,Maharashtra,Self-Employed,Graduate,1600605,587
CUST03169,Customer_03169,29,Uttar Pradesh,Salaried,Post Graduate,187774,784
CUST03170,Customer_03170,21,Gujarat,Business,Under Graduate,196625,768
CUST03171,Customer_03171,56,Bihar,Business,Under Graduate,1959260,822
CUST03172,Customer_03172,55,Gujarat,Salaried,Graduate,810620,850
CUST03173,Customer_03173,22,Maharashtra,Salaried,Under Graduate,2206953,568
CUST03174,Customer_03174,60,Bihar,Salaried,Post Graduate,1566452,678
CUST03175,Customer_03175,43,Madhya Pradesh,Salaried,Post Graduate,2111671,787
CUST03176,Customer_03176,29,Madhya Pradesh,Professional,Graduate,2270906,785
CUST03177,Customer_03177,54,Bihar,Salaried,Post Graduate,1164340,754
CUST03178,Customer_03178,34,Maharashtra,Business,Post Graduate,1806933,611
CUST03179,Customer_03179,24,Maharashtra,Self-Employed,Post Graduate,814568,711
CUST03180,Customer_03180,50,Uttar Pradesh,Business,Graduate,849744,769
CUST03181,Customer_03181,51,Bihar,Business,Under Graduate,1529725,664
CUST03182,Customer_03182,58,Maharashtra,Business,Under Graduate,1003005,633
CUST03183,Customer_03183,31,Gujarat,Self-Employed,Under Graduate,302809,669
CUST03184,Customer_03184,55,Madhya Pradesh,Business,Graduate,2012909,648
CUST03185,Customer_03185,28,Bihar,Salaried,Graduate,2277884,710
CUST03186,Customer_03186,23,Bihar,Professional,Graduate,834559,582
CUST03187,Customer_03187,34,Maharashtra,Self-Employed,Post Graduate,2193773,813
CUST03188,Customer_03188,33,Madhya Pradesh,Salaried,Under Graduate,805416,648
CUST03189,Customer_03189,52,Karnataka,Professional,Graduate,2070679,614
CUST03190,Customer_03190,54,Gujarat,Business,Under Graduate,1126991,660
CUST03191,Customer_03191,39,Delhi,Business,Post Graduate,2438913,710
CUST03192,Customer_03192,58,Haryana,Salaried,Graduate,333679,573
CUST03193,Customer_03193,36,Bihar,Professional,Graduate,1404913,647
CUST03194,Customer_03194,22,Uttar Pradesh,Business,Graduate,295455,685
CUST03195,Customer_03195,60,Gujarat,Self-Employed,Post Graduate,2419799,639
CUST03196,Customer_03196,37,Maharashtra,Professional,Graduate,679688,618
CUST03197,Customer_03197,54,Madhya Pradesh,Salaried,Post Graduate,2003172,761
CUST03198,Customer_03198,36,Delhi,Salaried,Post Graduate,2130409,759
CUST03199,Customer_03199,58,Haryana,Self-Employed,Graduate,2217317,758
CUST03200,Customer_03200,22,Maharashtra,Salaried,Graduate,1551491,732
CUST03201,Customer_03201,22,Rajasthan,Self-Employed,Post Graduate,2322851,601
CUST03202,Customer_03202,46,Gujarat,Salaried,Graduate,812055,688
CUST03203,Customer_03203,33,Haryana,Salaried,Under Graduate,208389,792
CUST03204,Customer_03204,51,Delhi,Salaried,Graduate,697720,599
CUST03205,Customer_03205,54,West Bengal,Self-Employed,Graduate,570682,616
CUST03206,Customer_03206,59,Uttar Pradesh,Salaried,Post Graduate,2492552,710
CUST03207,Customer_03207,23,Rajasthan,Salaried,Post Graduate,2325123,747
CUST03208,Customer_03208,28,Maharashtra,Salaried,Graduate,268238,741
CUST03209,Customer_03209,43,Uttar Pradesh,Business,Graduate,580187,714
CUST03210,Customer_03210,34,Karnataka,Business,Post Graduate,1772099,615
CUST03211,Customer_03211,47,West Bengal,Salaried,Graduate,2483917,727
CUST03212,Customer_03212,49,Maharashtra,Self-Employed,Graduate,1331036,644
CUST03213,Customer_03213,59,Uttar Pradesh,Salaried,Post Graduate,1426714,716
CUST03214,Customer_03214,59,Maharashtra,Salaried,Post Graduate,1018045,681
CUST03215,Customer_03215,21,Haryana,Professional,Under Graduate,843667,666
CUST03216,Customer_03216,37,Maharashtra,Salaried,Graduate,2218958,850
CUST03217,Customer_03217,50,Uttar Pradesh,Salaried,Graduate,898556,601
CUST03218,Customer_03218,33,Uttar Pradesh,Salaried,Post Graduate,660383,635
CUST03219,Customer_03219,41,Bihar,Professional,Post Graduate,949028,770
CUST03220,Customer_03220,39,West Bengal,Self-Employed,Post Graduate,1573989,821
CUST03221,Customer_03221,39,Maharashtra,Self-Employed,Graduate,1673689,740
CUST03222,Customer_03222,45,Bihar,Self-Employed,Graduate,1473542,673
CUST03223,Customer_03223,42,Uttar Pradesh,Salaried,Post Graduate,2383470,631
CUST03224,Customer_03224,51,Rajasthan,Business,Graduate,808553,755
CUST03225,Customer_03225,37,Gujarat,Salaried,Graduate,2308295,689
CUST03226,Customer_03226,43,Maharashtra,Self-Employed,Graduate,881752,651
CUST03227,Customer_03227,52,Maharashtra,Self-Employed,Under Graduate,618794,770
CUST03228,Customer_03228,30,Haryana,Salaried,Under Graduate,501127,679
CUST03229,Customer_03229,30,Uttar Pradesh,Salaried,Graduate,338593,592
CUST03230,Customer_03230,56,Gujarat,Self-Employed,Graduate,2225875,699
CUST03231,Customer_03231,28,Bihar,Salaried,Graduate,700823,664
CUST03232,Customer_03232,40,Maharashtra,Salaried,Graduate,1116945,615
CUST03233,Customer_03233,52,Gujarat,Salaried,Graduate,762599,713
CUST03234,Customer_03234,34,Haryana,Business,Graduate,1323226,724
CUST03235,Customer_03235,48,Madhya Pradesh,Business,Post Graduate,256559,501
CUST03236,Customer_03236,44,Uttar Pradesh,Business,Graduate,2440730,772
CUST03237,Customer_03237,35,Rajasthan,Self-Employed,Under Graduate,2082550,765
CUST03238,Customer_03238,42,Rajasthan,Self-Employed,Post Graduate,2155113,681
CUST03239,Customer_03239,50,Madhya Pradesh,Salaried,Graduate,635290,631
CUST03240,Customer_03240,24,Gujarat,Salaried,Graduate,1112568,731
CUST03241,Customer_03241,33,Uttar Pradesh,Business,Under Graduate,1817569,690
CUST03242,Customer_03242,43,Rajasthan,Business,Under Graduate,1614412,650
CUST03243,Customer_03243,28,Madhya Pradesh,Business,Graduate,808258,652
CUST03244,Customer_03244,38,Bihar,Self-Employed,Graduate,1514510,703
CUST03245,Customer_03245,32,Gujarat,Business,Under Graduate,1798105,790
CUST03246,Customer_03246,51,Maharashtra,Professional,Graduate,723180,591
CUST03247,Customer_03247,34,Maharashtra,Salaried,Graduate,453668,713
CUST03248,Customer_03248,54,West Bengal,Salaried,Under Graduate,969025,623
CUST03249,Customer_03249,38,Bihar,Self-Employed,Under Graduate,1284178,714
CUST03250,Customer_03250,54,Bihar,Salaried,Post Graduate,1187752,733
CUST03251,Customer_03251,31,Madhya Pradesh,Business,Graduate,2093724,597
CUST03252,Customer_03252,32,West Bengal,Salaried,Graduate,1591228,733
CUST03253,Customer_03253,35,West Bengal,Self-Employed,Post Graduate,1346590,709
CUST03254,Customer_03254,51,Madhya Pradesh,Self-Employed,Post Graduate,640980,788
CUST03255,Customer_03255,49,Uttar Pradesh,Self-Employed,Graduate,321720,692
CUST03256,Customer_03256,46,Karnataka,Salaried,Under Graduate,2151028,711
CUST03257,Customer_03257,38,Madhya Pradesh,Professional,Graduate,1391344,722
CUST03258,Customer_03258,52,Bihar,Salaried,Graduate,724474,796
CUST03259,Customer_03259,42,Haryana,Business,Graduate,2214715,554
CUST03260,Customer_03260,58,Bihar,Business,Post Graduate,1322422,573
CUST03261,Customer_03261,37,Uttar Pradesh,Salaried,Post Graduate,488070,682
CUST03262,Customer_03262,43,Haryana,Professional,Post Graduate,1551334,717
CUST03263,Customer_03263,44,Madhya Pradesh,Self-Employed,Graduate,1764962,566
CUST03264,Customer_03264,28,Bihar,Self-Employed,Under Graduate,737601,685
CUST03265,Customer_03265,26,Maharashtra,Self-Employed,Graduate,325312,633
CUST03266,Customer_03266,25,Madhya Pradesh,Self-Employed,Graduate,781286,593
CUST03267,Customer_03267,49,Maharashtra,Salaried,Post Graduate,461328,677
CUST03268,Customer_03268,48,Bihar,Business,Graduate,347143,743
CUST03269,Customer_03269,31,Gujarat,Self-Employed,Graduate,1383318,829
CUST03270,Customer_03270,21,Karnataka,Salaried,Graduate,956521,849
CUST03271,Customer_03271,39,Madhya Pradesh,Business,Graduate,1442740,783
CUST03272,Customer_03272,29,Delhi,Business,Graduate,720055,714
CUST03273,Customer_03273,47,Delhi,Self-Employed,Graduate,2171436,682
CUST03274,Customer_03274,54,Gujarat,Salaried,Graduate,1252447,701
CUST03275,Customer_03275,24,Maharashtra,Salaried,Graduate,394020,701
CUST03276,Customer_03276,56,Karnataka,Salaried,Post Graduate,301233,774
CUST03277,Customer_03277,38,Rajasthan,Self-Employed,Graduate,815507,810
CUST03278,Customer_03278,35,Uttar Pradesh,Professional,Post Graduate,2325316,603
CUST03279,Customer_03279,33,Maharashtra,Salaried,Post Graduate,1412949,668
CUST03280,Customer_03280,39,Delhi,Salaried,Under Graduate,2415675,762
CUST03281,Customer_03281,26,Uttar Pradesh,Business,Under Graduate,877388,680
CUST03282,Customer_03282,32,Uttar Pradesh,Salaried,Graduate,1679968,659
CUST03283,Customer_03283,57,Gujarat,Salaried,Graduate,1462629,777
CUST03284,Customer_03284,37,Karnataka,Self-Employed,Post Graduate,929839,652
CUST03285,Customer_03285,43,Gujarat,Business,Post Graduate,314284,739
CUST03286,Customer_03286,46,Maharashtra,Business,Graduate,1295028,666
CUST03287,Customer_03287,49,Uttar Pradesh,Business,Graduate,1911311,850
CUST03288,Customer_03288,53,Madhya Pradesh,Salaried,Post Graduate,1804110,784
CUST03289,Customer_03289,47,Uttar Pradesh,Business,Post Graduate,846790,665
CUST03290,Customer_03290,45,Madhya Pradesh,Salaried,Post Graduate,1848717,711
CUST03291,Customer_03291,30,Maharashtra,Salaried,Graduate,2250653,734
CUST03292,Customer_03292,43,Karnataka,Salaried,Graduate,954954,659
CUST03293,Customer_03293,41,Rajasthan,Salaried,Graduate,2184890,666
CUST03294,Customer_03294,41,Maharashtra,Salaried,Graduate,2187660,753
CUST03295,Customer_03295,33,Karnataka,Self-Employed,Under Graduate,602564,690
CUST03296,Customer_03296,57,Maharashtra,Self-Employed,Graduate,795170,585
CUST03297,Customer_03297,53,Maharashtra,Salaried,Graduate,1348057,732
CUST03298,Customer_03298,44,Haryana,Business,Graduate,388147,762
CUST03299,Customer_03299,31,Maharashtra,Business,Post Graduate,2047977,665
CUST03300,Customer_03300,37,Bihar,Salaried,Graduate,1626029,632
CUST03301,Customer_03301,24,Bihar,Salaried,Post Graduate,2096878,790
CUST03302,Customer_03302,45,Uttar Pradesh,Salaried,Under Graduate,573208,702
CUST03303,Customer_03303,50,Uttar Pradesh,Salaried,Graduate,481272,684
CUST03304,Customer_03304,29,Delhi,Business,Graduate,2260329,684
CUST03305,Customer_03305,41,Gujarat,Salaried,Post Graduate,1627204,799
CUST03306,Customer_03306,40,Maharashtra,Salaried,Under Graduate,2465051,710
CUST03307,Customer_03307,39,Maharashtra,Salaried,Graduate,451493,723
CUST03308,Customer_03308,39,West Bengal,Business,Graduate,2066469,678
CUST03309,Customer_03309,32,West Bengal,Salaried,Post Graduate,1917080,691
CUST03310,Customer_03310,57,Rajasthan,Self-Employed,Graduate,1040365,666
CUST03311,Customer_03311,37,Haryana,Salaried,Graduate,2161452,727
CUST03312,Customer_03312,57,Delhi,Business,Under Graduate,1225240,607
CUST03313,Customer_03313,59,Maharashtra,Professional,Graduate,242586,708
CUST03314,Customer_03314,48,Uttar Pradesh,Self-Employed,Post Graduate,1471430,663
CUST03315,Customer_03315,55,Uttar Pradesh,Business,Graduate,828802,651
CUST03316,Customer_03316,38,Haryana,Business,Graduate,1393476,723
CUST03317,Customer_03317,34,Delhi,Business,Post Graduate,1685144,690
CUST03318,Customer_03318,55,Gujarat,Business,Graduate,371239,616
CUST03319,Customer_03319,27,Uttar Pradesh,Salaried,Post Graduate,890105,624
CUST03320,Customer_03320,33,Gujarat,Self-Employed,Graduate,726235,705
CUST03321,Customer_03321,38,Delhi,Professional,Graduate,250660,631
CUST03322,Customer_03322,57,Karnataka,Salaried,Graduate,1008281,566
CUST03323,Customer_03323,33,Uttar Pradesh,Professional,Under Graduate,394554,752
CUST03324,Customer_03324,56,Gujarat,Self-Employed,Graduate,330651,597
CUST03325,Customer_03325,51,Uttar Pradesh,Self-Employed,Graduate,2388146,663
CUST03326,Customer_03326,22,Gujarat,Self-Employed,Graduate,867018,621
CUST03327,Customer_03327,36,Gujarat,Business,Post Graduate,2376266,619
CUST03328,Customer_03328,29,Uttar Pradesh,Salaried,Graduate,1237826,716
CUST03329,Customer_03329,29,Delhi,Salaried,Under Graduate,402444,641
CUST03330,Customer_03330,58,Uttar Pradesh,Business,Under Graduate,2438387,673
CUST03331,Customer_03331,31,Haryana,Professional,Graduate,2203935,554
CUST03332,Customer_03332,42,Maharashtra,Self-Employed,Graduate,2221654,821
CUST03333,Customer_03333,53,Gujarat,Salaried,Under Graduate,1429596,717
CUST03334,Customer_03334,56,Karnataka,Salaried,Graduate,839758,795
CUST03335,Customer_03335,43,Bihar,Professional,Under Graduate,431191,786
CUST03336,Customer_03336,54,Rajasthan,Salaried,Graduate,1937265,779
CUST03337,Customer_03337,29,Rajasthan,Self-Employed,Graduate,880760,671
CUST03338,Customer_03338,44,Uttar Pradesh,Salaried,Under Graduate,2425716,693
CUST03339,Customer_03339,28,Madhya Pradesh,Salaried,Graduate,1262330,615
CUST03340,Customer_03340,27,Delhi,Salaried,Graduate,2072207,697
CUST03341,Customer_03341,56,Karnataka,Salaried,Post Graduate,2396576,597
CUST03342,Customer_03342,38,Karnataka,Business,Under Graduate,516082,796
CUST03343,Customer_03343,23,Rajasthan,Salaried,Graduate,1610367,757
CUST03344,Customer_03344,48,Delhi,Salaried,Under Graduate,279079,737
CUST03345,Customer_03345,26,Haryana,Self-Employed,Post Graduate,1994710,648
CUST03346,Customer_03346,41,Rajasthan,Professional,Under Graduate,2366511,778
CUST03347,Customer_03347,48,Uttar Pradesh,Self-Employed,Post Graduate,1392921,571
CUST03348,Customer_03348,60,Rajasthan,Salaried,Post Graduate,1216617,682
CUST03349,Customer_03349,21,Haryana,Salaried,Under Graduate,2451421,701
CUST03350,Customer_03350,56,Madhya Pradesh,Self-Employed,Graduate,2129269,812
CUST03351,Customer_03351,41,Delhi,Business,Under Graduate,2099929,593
CUST03352,Customer_03352,55,Maharashtra,Salaried,Graduate,1129245,792
CUST03353,Customer_03353,33,West Bengal,Salaried,Graduate,440388,777
CUST03354,Customer_03354,30,Bihar,Business,Post Graduate,1671204,781
CUST03355,Customer_03355,30,Gujarat,Self-Employed,Graduate,1286629,647
CUST03356,Customer_03356,33,Uttar Pradesh,Self-Employed,Post Graduate,837311,724
CUST03357,Customer_03357,57,Uttar Pradesh,Salaried,Post Graduate,1099874,758
CUST03358,Customer_03358,58,Haryana,Salaried,Graduate,1333033,712
CUST03359,Customer_03359,44,West Bengal,Salaried,Graduate,1793911,717
CUST03360,Customer_03360,22,Bihar,Salaried,Graduate,2431091,726
CUST03361,Customer_03361,42,Uttar Pradesh,Professional,Under Graduate,1961053,642
CUST03362,Customer_03362,37,Bihar,Salaried,Under Graduate,1190910,641
CUST03363,Customer_03363,56,Uttar Pradesh,Self-Employed,Graduate,1952206,748
CUST03364,Customer_03364,34,Maharashtra,Self-Employed,Under Graduate,378864,645
CUST03365,Customer_03365,30,Delhi,Salaried,Graduate,230224,715
CUST03366,Customer_03366,55,West Bengal,Business,Graduate,2141495,594
CUST03367,Customer_03367,45,Uttar Pradesh,Self-Employed,Graduate,560753,674
CUST03368,Customer_03368,23,Madhya Pradesh,Professional,Graduate,412345,803
CUST03369,Customer_03369,58,Maharashtra,Salaried,Post Graduate,1473929,706
CUST03370,Customer_03370,37,Uttar Pradesh,Salaried,Graduate,1807958,779
CUST03371,Customer_03371,32,Maharashtra,Salaried,Under Graduate,976934,816
CUST03372,Customer_03372,44,Madhya Pradesh,Salaried,Post Graduate,229130,758
CUST03373,Customer_03373,49,Uttar Pradesh,Salaried,Graduate,1748424,723
CUST03374,Customer_03374,45,Rajasthan,Business,Post Graduate,1822369,682
CUST03375,Customer_03375,56,Uttar Pradesh,Salaried,Graduate,417296,674
CUST03376,Customer_03376,46,Maharashtra,Professional,Post Graduate,1779098,666
CUST03377,Customer_03377,58,Maharashtra,Self-Employed,Graduate,616243,773
CUST03378,Customer_03378,21,Karnataka,Self-Employed,Graduate,695863,706
CUST03379,Customer_03379,40,Gujarat,Salaried,Graduate,2253707,754
CUST03380,Customer_03380,48,Karnataka,Salaried,Under Graduate,542635,814
CUST03381,Customer_03381,36,Bihar,Business,Post Graduate,660346,835
CUST03382,Customer_03382,37,Maharashtra,Salaried,Under Graduate,1474606,742
CUST03383,Customer_03383,60,Bihar,Business,Graduate,2227663,742
CUST03384,Customer_03384,48,Uttar Pradesh,Self-Employed,Under Graduate,189788,675
CUST03385,Customer_03385,32,Delhi,Business,Graduate,2162829,761
CUST03386,Customer_03386,47,Bihar,Business,Post Graduate,1272067,626
CUST03387,Customer_03387,50,Maharashtra,Salaried,Graduate,2400034,698
CUST03388,Customer_03388,54,Madhya Pradesh,Self-Employed,Graduate,461579,614
CUST03389,Customer_03389,57,Rajasthan,Salaried,Under Graduate,1131055,593
CUST03390,Customer_03390,26,West Bengal,Self-Employed,Post Graduate,2499368,714
CUST03391,Customer_03391,27,Bihar,Salaried,Under Graduate,1366807,617
CUST03392,Customer_03392,52,Madhya Pradesh,Salaried,Graduate,880489,650
CUST03393,Customer_03393,52,Maharashtra,Salaried,Post Graduate,491533,723
CUST03394,Customer_03394,45,West Bengal,Professional,Graduate,830347,762
CUST03395,Customer_03395,53,Rajasthan,Self-Employed,Graduate,2390025,838
CUST03396,Customer_03396,27,Gujarat,Professional,Under Graduate,574678,548
CUST03397,Customer_03397,32,Uttar Pradesh,Salaried,Graduate,1717504,626
CUST03398,Customer_03398,36,Delhi,Self-Employed,Under Graduate,1556064,549
CUST03399,Customer_03399,36,Maharashtra,Salaried,Graduate,1979283,595
CUST03400,Customer_03400,56,Rajasthan,Salaried,Under Graduate,591266,729
CUST03401,Customer_03401,33,Karnataka,Business,Post Graduate,1633420,688
CUST03402,Customer_03402,27,West Bengal,Professional,Graduate,219064,570
CUST03403,Customer_03403,56,Bihar,Salaried,Graduate,1877715,715
CUST03404,Customer_03404,29,Haryana,Professional,Under Graduate,473391,806
CUST03405,Customer_03405,52,Uttar Pradesh,Self-Employed,Under Graduate,1556311,611
CUST03406,Customer_03406,31,Haryana,Professional,Graduate,2034915,722
CUST03407,Customer_03407,28,Gujarat,Self-Employed,Post Graduate,1428463,810
CUST03408,Customer_03408,53,Rajasthan,Professional,Graduate,459190,624
CUST03409,Customer_03409,43,Karnataka,Business,Post Graduate,658981,684
CUST03410,Customer_03410,45,Haryana,Salaried,Under Graduate,1931339,580
CUST03411,Customer_03411,28,Maharashtra,Salaried,Graduate,2329327,792
CUST03412,Customer_03412,42,Haryana,Salaried,Post Graduate,1616277,721
CUST03413,Customer_03413,24,Uttar Pradesh,Self-Employed,Graduate,1359645,644
CUST03414,Customer_03414,60,Haryana,Business,Graduate,1815606,676
CUST03415,Customer_03415,23,Gujarat,Business,Under Graduate,2432515,760
CUST03416,Customer_03416,49,Uttar Pradesh,Business,Graduate,782340,570
CUST03417,Customer_03417,49,Gujarat,Salaried,Graduate,392232,629
CUST03418,Customer_03418,54,Madhya Pradesh,Salaried,Post Graduate,417807,707
CUST03419,Customer_03419,54,Madhya Pradesh,Salaried,Post Graduate,1218784,757
CUST03420,Customer_03420,48,Maharashtra,Business,Graduate,741302,724
CUST03421,Customer_03421,33,Maharashtra,Salaried,Graduate,2383026,581
CUST03422,Customer_03422,35,Delhi,Salaried,Graduate,2138690,765
CUST03423,Customer_03423,43,Maharashtra,Salaried,Graduate,2056320,779
CUST03424,Customer_03424,46,Rajasthan,Salaried,Post Graduate,1803990,765
CUST03425,Customer_03425,24,Gujarat,Salaried,Graduate,2335629,692
CUST03426,Customer_03426,46,Uttar Pradesh,Salaried,Post Graduate,708849,647
CUST03427,Customer_03427,60,Madhya Pradesh,Professional,Graduate,2179911,798
CUST03428,Customer_03428,29,Madhya Pradesh,Salaried,Graduate,1033363,655
CUST03429,Customer_03429,25,Gujarat,Business,Graduate,2408276,700
CUST03430,Customer_03430,52,Bihar,Salaried,Post Graduate,723823,759
CUST03431,Customer_03431,40,Rajasthan,Business,Graduate,1938952,785
CUST03432,Customer_03432,31,Bihar,Self-Employed,Under Graduate,1492832,636
CUST03433,Customer_03433,35,Haryana,Business,Graduate,1523783,788
CUST03434,Customer_03434,52,Uttar Pradesh,Business,Graduate,1593766,649
CUST03435,Customer_03435,48,West Bengal,Self-Employed,Graduate,1988518,750
CUST03436,Customer_03436,42,Gujarat,Professional,Graduate,903321,740
CUST03437,Customer_03437,37,Karnataka,Self-Employed,Under Graduate,777043,695
CUST03438,Customer_03438,46,Bihar,Business,Under Graduate,1359364,588
CUST03439,Customer_03439,27,Bihar,Salaried,Graduate,285315,614
CUST03440,Customer_03440,46,Karnataka,Professional,Post Graduate,2083171,765
CUST03441,Customer_03441,45,Uttar Pradesh,Business,Post Graduate,2004770,725
CUST03442,Customer_03442,30,Uttar Pradesh,Salaried,Under Graduate,370009,732
CUST03443,Customer_03443,39,Maharashtra,Self-Employed,Graduate,2366690,669
CUST03444,Customer_03444,31,West Bengal,Business,Graduate,319007,662
CUST03445,Customer_03445,33,Gujarat,Business,Graduate,1672835,725
CUST03446,Customer_03446,28,Madhya Pradesh,Professional,Graduate,984277,666
CUST03447,Customer_03447,60,Gujarat,Salaried,Post Graduate,1038888,724
CUST03448,Customer_03448,24,Bihar,Salaried,Under Graduate,390869,602
CUST03449,Customer_03449,51,Delhi,Self-Employed,Graduate,1787602,697
CUST03450,Customer_03450,48,Bihar,Salaried,Under Graduate,1900421,636
CUST03451,Customer_03451,31,Haryana,Salaried,Under Graduate,2433533,707
CUST03452,Customer_03452,21,Maharashtra,Self-Employed,Under Graduate,600226,608
CUST03453,Customer_03453,58,Maharashtra,Salaried,Post Graduate,2261300,787
CUST03454,Customer_03454,44,Rajasthan,Salaried,Post Graduate,2113403,568
CUST03455,Customer_03455,51,Rajasthan,Salaried,Graduate,2019942,769
CUST03456,Customer_03456,46,Gujarat,Business,Under Graduate,1040664,666
CUST03457,Customer_03457,25,Bihar,Salaried,Graduate,1455332,737
CUST03458,Customer_03458,40,Maharashtra,Salaried,Graduate,252404,725
CUST03459,Customer_03459,31,Rajasthan,Self-Employed,Graduate,1221639,651
CUST03460,Customer_03460,53,Madhya Pradesh,Salaried,Post Graduate,1247664,659
CUST03461,Customer_03461,58,Uttar Pradesh,Professional,Graduate,1904638,769
CUST03462,Customer_03462,47,Madhya Pradesh,Salaried,Post Graduate,1030272,702
CUST03463,Customer_03463,54,Maharashtra,Business,Graduate,1093823,670
CUST03464,Customer_03464,35,Bihar,Self-Employed,Graduate,2164573,660
CUST03465,Customer_03465,52,Maharashtra,Business,Graduate,2439551,673
CUST03466,Customer_03466,41,West Bengal,Salaried,Graduate,340367,814
CUST03467,Customer_03467,25,Gujarat,Salaried,Graduate,206999,803
CUST03468,Customer_03468,26,Maharashtra,Business,Graduate,2320758,817
CUST03469,Customer_03469,58,Gujarat,Salaried,Graduate,356532,814
CUST03470,Customer_03470,42,Haryana,Business,Under Graduate,835320,637
CUST03471,Customer_03471,38,Bihar,Salaried,Post Graduate,1891008,695
CUST03472,Customer_03472,34,Haryana,Business,Post Graduate,369694,645
CUST03473,Customer_03473,30,Uttar Pradesh,Professional,Graduate,1245349,757
CUST03474,Customer_03474,33,Haryana,Professional,Graduate,1344912,678
CUST03475,Customer_03475,51,Madhya Pradesh,Salaried,Post Graduate,814357,658
CUST03476,Customer_03476,50,Maharashtra,Salaried,Post Graduate,1107041,661
CUST03477,Customer_03477,23,Bihar,Professional,Graduate,1916223,635
CUST03478,Customer_03478,50,West Bengal,Business,Graduate,2484957,743
CUST03479,Customer_03479,26,Haryana,Salaried,Under Graduate,2435364,730
CUST03480,Customer_03480,49,Madhya Pradesh,Self-Employed,Graduate,1572010,637
CUST03481,Customer_03481,28,Uttar Pradesh,Salaried,Graduate,2201247,758
CUST03482,Customer_03482,53,Bihar,Professional,Graduate,1600750,715
CUST03483,Customer_03483,37,Maharashtra,Salaried,Post Graduate,1199601,618
CUST03484,Customer_03484,31,Uttar Pradesh,Self-Employed,Post Graduate,1595088,612
CUST03485,Customer_03485,33,Madhya Pradesh,Self-Employed,Graduate,1155821,621
CUST03486,Customer_03486,31,Karnataka,Professional,Graduate,1681395,759
CUST03487,Customer_03487,51,Gujarat,Business,Graduate,1800737,801
CUST03488,Customer_03488,48,Maharashtra,Salaried,Graduate,600794,483
CUST03489,Customer_03489,26,Madhya Pradesh,Self-Employed,Graduate,1862802,600
CUST03490,Customer_03490,36,West Bengal,Professional,Graduate,2031723,787
CUST03491,Customer_03491,24,Delhi,Business,Graduate,1400009,668
CUST03492,Customer_03492,55,Gujarat,Self-Employed,Post Graduate,2259414,769
CUST03493,Customer_03493,46,West Bengal,Business,Post Graduate,540869,696
CUST03494,Customer_03494,32,Haryana,Salaried,Under Graduate,1171994,713
CUST03495,Customer_03495,31,Uttar Pradesh,Business,Graduate,2066943,772
CUST03496,Customer_03496,57,Bihar,Salaried,Under Graduate,2140645,688
CUST03497,Customer_03497,45,West Bengal,Salaried,Under Graduate,2447316,627
CUST03498,Customer_03498,38,Rajasthan,Business,Graduate,1163522,733
CUST03499,Customer_03499,39,Uttar Pradesh,Salaried,Graduate,1849908,660
CUST03500,Customer_03500,43,Rajasthan,Salaried,Post Graduate,1142322,850
CUST03501,Customer_03501,58,Gujarat,Salaried,Post Graduate,1633216,678
CUST03502,Customer_03502,38,West Bengal,Salaried,Under Graduate,1091607,730
CUST03503,Customer_03503,46,Bihar,Business,Post Graduate,2468579,759
CUST03504,Customer_03504,26,Rajasthan,Self-Employed,Graduate,1584659,781
CUST03505,Customer_03505,24,Karnataka,Salaried,Graduate,918029,778
CUST03506,Customer_03506,49,Bihar,Self-Employed,Graduate,1405022,778
CUST03507,Customer_03507,54,Uttar Pradesh,Self-Employed,Under Graduate,2243772,683
CUST03508,Customer_03508,37,West Bengal,Salaried,Under Graduate,1450345,750
CUST03509,Customer_03509,36,Rajasthan,Business,Graduate,2119700,549
CUST03510,Customer_03510,22,Rajasthan,Salaried,Post Graduate,188735,739
CUST03511,Customer_03511,54,Gujarat,Business,Graduate,1299688,742
CUST03512,Customer_03512,28,Uttar Pradesh,Salaried,Graduate,362424,753
CUST03513,Customer_03513,33,West Bengal,Salaried,Under Graduate,1542575,757
CUST03514,Customer_03514,28,Bihar,Salaried,Post Graduate,1040174,758
CUST03515,Customer_03515,50,Bihar,Salaried,Graduate,633935,665
CUST03516,Customer_03516,52,Uttar Pradesh,Business,Graduate,925233,672
CUST03517,Customer_03517,56,Bihar,Salaried,Graduate,2400276,743
CUST03518,Customer_03518,50,Haryana,Salaried,Graduate,899638,558
CUST03519,Customer_03519,21,Haryana,Professional,Graduate,297302,581
CUST03520,Customer_03520,59,West Bengal,Self-Employed,Graduate,1983718,646
CUST03521,Customer_03521,37,Bihar,Salaried,Post Graduate,1744723,660
CUST03522,Customer_03522,40,Gujarat,Professional,Post Graduate,1926954,713
CUST03523,Customer_03523,44,Rajasthan,Salaried,Post Graduate,692822,848
CUST03524,Customer_03524,42,Haryana,Business,Post Graduate,1984514,657
CUST03525,Customer_03525,49,Delhi,Salaried,Under Graduate,2377617,725
CUST03526,Customer_03526,42,Bihar,Self-Employed,Under Graduate,1414169,569
CUST03527,Customer_03527,29,Bihar,Self-Employed,Graduate,2407112,657
CUST03528,Customer_03528,57,Maharashtra,Salaried,Graduate,2297028,743
CUST03529,Customer_03529,30,Madhya Pradesh,Self-Employed,Graduate,1193969,662
CUST03530,Customer_03530,56,West Bengal,Self-Employed,Post Graduate,1452758,645
CUST03531,Customer_03531,57,Maharashtra,Business,Under Graduate,912680,535
CUST03532,Customer_03532,48,Uttar Pradesh,Business,Post Graduate,254732,634
CUST03533,Customer_03533,48,Uttar Pradesh,Self-Employed,Graduate,1563010,775
CUST03534,Customer_03534,41,Haryana,Self-Employed,Post Graduate,1538161,658
CUST03535,Customer_03535,44,Bihar,Self-Employed,Graduate,239155,697
CUST03536,Customer_03536,60,Maharashtra,Business,Under Graduate,1049166,634
CUST03537,Customer_03537,22,Bihar,Salaried,Under Graduate,1237299,668
CUST03538,Customer_03538,28,Gujarat,Self-Employed,Post Graduate,672278,780
CUST03539,Customer_03539,47,Madhya Pradesh,Self-Employed,Graduate,1933093,657
CUST03540,Customer_03540,42,Delhi,Professional,Graduate,1290634,635
CUST03541,Customer_03541,57,Bihar,Self-Employed,Graduate,263454,782
CUST03542,Customer_03542,47,Rajasthan,Salaried,Graduate,1602108,688
CUST03543,Customer_03543,49,Uttar Pradesh,Self-Employed,Graduate,2327788,668
CUST03544,Customer_03544,23,Uttar Pradesh,Business,Under Graduate,1716355,703
CUST03545,Customer_03545,33,Rajasthan,Business,Graduate,313338,770
CUST03546,Customer_03546,30,Maharashtra,Business,Graduate,2214030,700
CUST03547,Customer_03547,56,Madhya Pradesh,Business,Graduate,553624,638
CUST03548,Customer_03548,29,Uttar Pradesh,Salaried,Graduate,659595,699
CUST03549,Customer_03549,47,Uttar Pradesh,Self-Employed,Under Graduate,1221797,573
CUST03550,Customer_03550,54,Karnataka,Business,Graduate,1357195,621
CUST03551,Customer_03551,21,Madhya Pradesh,Salaried,Under Graduate,1988960,715
CUST03552,Customer_03552,52,Delhi,Salaried,Graduate,1587793,692
CUST03553,Customer_03553,45,Haryana,Business,Under Graduate,1419858,720
CUST03554,Customer_03554,49,Rajasthan,Business,Graduate,1222218,722
CUST03555,Customer_03555,27,Delhi,Professional,Post Graduate,529503,752
CUST03556,Customer_03556,23,Rajasthan,Professional,Graduate,1231102,698
CUST03557,Customer_03557,40,Maharashtra,Salaried,Post Graduate,1786353,766
CUST03558,Customer_03558,40,Bihar,Professional,Post Graduate,2384892,724
CUST03559,Customer_03559,50,Rajasthan,Salaried,Graduate,333509,729
CUST03560,Customer_03560,55,Maharashtra,Business,Graduate,377953,627
CUST03561,Customer_03561,55,Bihar,Salaried,Under Graduate,569700,636
CUST03562,Customer_03562,59,Bihar,Salaried,Graduate,1897262,651
CUST03563,Customer_03563,47,Uttar Pradesh,Professional,Under Graduate,447743,833
CUST03564,Customer_03564,46,Uttar Pradesh,Salaried,Post Graduate,2376333,793
CUST03565,Customer_03565,34,Uttar Pradesh,Self-Employed,Graduate,1449893,624
CUST03566,Customer_03566,37,Uttar Pradesh,Salaried,Graduate,1397229,688
CUST03567,Customer_03567,38,Bihar,Salaried,Under Graduate,2156971,630
CUST03568,Customer_03568,49,Madhya Pradesh,Salaried,Post Graduate,1803363,632
CUST03569,Customer_03569,40,Maharashtra,Self-Employed,Graduate,209817,766
CUST03570,Customer_03570,47,Karnataka,Salaried,Post Graduate,1293387,580
CUST03571,Customer_03571,38,Haryana,Salaried,Graduate,935028,725
CUST03572,Customer_03572,24,Rajasthan,Business,Under Graduate,2195196,685
CUST03573,Customer_03573,21,Delhi,Salaried,Graduate,2423762,765
CUST03574,Customer_03574,21,Bihar,Salaried,Graduate,467951,704
CUST03575,Customer_03575,46,Uttar Pradesh,Professional,Graduate,1822661,802
CUST03576,Customer_03576,40,Karnataka,Salaried,Graduate,1167122,693
CUST03577,Customer_03577,43,Uttar Pradesh,Salaried,Graduate,1508683,762
CUST03578,Customer_03578,30,West Bengal,Business,Post Graduate,1428603,706
CUST03579,Customer_03579,31,Madhya Pradesh,Business,Post Graduate,2373679,696
CUST03580,Customer_03580,25,Maharashtra,Business,Post Graduate,1378049,781
CUST03581,Customer_03581,21,Rajasthan,Professional,Graduate,1445585,696
CUST03582,Customer_03582,37,Rajasthan,Salaried,Post Graduate,838397,703
CUST03583,Customer_03583,42,Uttar Pradesh,Professional,Under Graduate,1376793,638
CUST03584,Customer_03584,54,Bihar,Professional,Graduate,422773,693
CUST03585,Customer_03585,49,Delhi,Business,Graduate,2336698,489
CUST03586,Customer_03586,24,Rajasthan,Self-Employed,Graduate,2046974,657
CUST03587,Customer_03587,25,Maharashtra,Business,Graduate,953465,715
CUST03588,Customer_03588,31,Bihar,Salaried,Graduate,292331,679
CUST03589,Customer_03589,41,Karnataka,Business,Post Graduate,317282,674
CUST03590,Customer_03590,55,Rajasthan,Salaried,Under Graduate,1870116,733
CUST03591,Customer_03591,32,Rajasthan,Business,Graduate,1351405,808
CUST03592,Customer_03592,46,West Bengal,Self-Employed,Post Graduate,1950059,660
CUST03593,Customer_03593,39,Bihar,Salaried,Graduate,995875,755
CUST03594,Customer_03594,27,Rajasthan,Business,Graduate,498479,689
CUST03595,Customer_03595,27,Haryana,Self-Employed,Post Graduate,216426,729
CUST03596,Customer_03596,46,Delhi,Self-Employed,Graduate,2424069,841
CUST03597,Customer_03597,60,Maharashtra,Salaried,Graduate,1160856,760
CUST03598,Customer_03598,25,Uttar Pradesh,Business,Post Graduate,2299116,784
CUST03599,Customer_03599,41,Gujarat,Self-Employed,Under Graduate,1276107,660
CUST03600,Customer_03600,34,Maharashtra,Salaried,Post Graduate,2358836,683
CUST03601,Customer_03601,24,Karnataka,Self-Employed,Graduate,1234489,609
CUST03602,Customer_03602,43,Uttar Pradesh,Business,Graduate,660162,644
CUST03603,Customer_03603,40,Maharashtra,Self-Employed,Graduate,563886,705
CUST03604,Customer_03604,35,Uttar Pradesh,Salaried,Graduate,1927265,638
CUST03605,Customer_03605,49,Gujarat,Salaried,Under Graduate,1147436,707
CUST03606,Customer_03606,28,Karnataka,Self-Employed,Post Graduate,1680672,656
CUST03607,Customer_03607,39,Gujarat,Professional,Post Graduate,1785802,701
CUST03608,Customer_03608,59,West Bengal,Business,Under Graduate,1594043,740
CUST03609,Customer_03609,48,Uttar Pradesh,Salaried,Graduate,593824,734
CUST03610,Customer_03610,47,Uttar Pradesh,Salaried,Post Graduate,2329031,721
CUST03611,Customer_03611,24,Haryana,Self-Employed,Graduate,1602753,789
CUST03612,Customer_03612,35,Karnataka,Business,Graduate,1683628,551
CUST03613,Customer_03613,55,Haryana,Salaried,Graduate,247644,688
CUST03614,Customer_03614,57,Haryana,Business,Under Graduate,2340449,748
CUST03615,Customer_03615,21,Bihar,Salaried,Graduate,1893923,536
CUST03616,Customer_03616,23,Maharashtra,Salaried,Graduate,1067521,820
CUST03617,Customer_03617,44,Karnataka,Salaried,Post Graduate,1982636,667
CUST03618,Customer_03618,47,Maharashtra,Business,Graduate,533059,639
CUST03619,Customer_03619,60,Bihar,Professional,Graduate,461532,748
CUST03620,Customer_03620,56,Gujarat,Salaried,Post Graduate,1371609,632
CUST03621,Customer_03621,54,Maharashtra,Self-Employed,Graduate,1203572,791
CUST03622,Customer_03622,49,Haryana,Salaried,Under Graduate,699385,692
CUST03623,Customer_03623,44,Uttar Pradesh,Business,Post Graduate,2089390,796
CUST03624,Customer_03624,44,Haryana,Self-Employed,Graduate,1957116,782
CUST03625,Customer_03625,24,Madhya Pradesh,Salaried,Graduate,1533556,699
CUST03626,Customer_03626,23,Madhya Pradesh,Salaried,Post Graduate,2090057,639
CUST03627,Customer_03627,54,Rajasthan,Business,Graduate,1606905,820
CUST03628,Customer_03628,43,Maharashtra,Self-Employed,Graduate,2448319,576
CUST03629,Customer_03629,43,Rajasthan,Salaried,Post Graduate,1624871,665
CUST03630,Customer_03630,25,Rajasthan,Self-Employed,Post Graduate,1271044,755
CUST03631,Customer_03631,51,Madhya Pradesh,Business,Post Graduate,1502887,580
CUST03632,Customer_03632,26,Maharashtra,Self-Employed,Under Graduate,1361783,598
CUST03633,Customer_03633,57,Uttar Pradesh,Salaried,Graduate,1999788,676
CUST03634,Customer_03634,30,Uttar Pradesh,Self-Employed,Graduate,800060,711
CUST03635,Customer_03635,60,Gujarat,Self-Employed,Post Graduate,297260,548
CUST03636,Customer_03636,27,Uttar Pradesh,Self-Employed,Graduate,1774169,775
CUST03637,Customer_03637,59,Karnataka,Professional,Graduate,1741150,679
CUST03638,Customer_03638,58,Gujarat,Salaried,Post Graduate,2384153,743
CUST03639,Customer_03639,41,Delhi,Self-Employed,Graduate,820746,634
CUST03640,Customer_03640,40,Haryana,Salaried,Graduate,1151557,661
CUST03641,Customer_03641,23,Uttar Pradesh,Salaried,Post Graduate,328036,713
CUST03642,Customer_03642,42,Haryana,Self-Employed,Under Graduate,1974270,702
CUST03643,Customer_03643,24,Rajasthan,Professional,Graduate,323271,741
CUST03644,Customer_03644,48,Karnataka,Salaried,Post Graduate,459424,744
CUST03645,Customer_03645,32,Karnataka,Professional,Graduate,2410657,603
CUST03646,Customer_03646,58,Uttar Pradesh,Salaried,Graduate,1134224,704
CUST03647,Customer_03647,56,Bihar,Salaried,Graduate,908348,678
CUST03648,Customer_03648,25,Rajasthan,Salaried,Graduate,1745404,720
CUST03649,Customer_03649,33,Gujarat,Self-Employed,Post Graduate,2000088,666
CUST03650,Customer_03650,43,Maharashtra,Self-Employed,Graduate,1000022,694
CUST03651,Customer_03651,50,Maharashtra,Salaried,Under Graduate,1351912,836
CUST03652,Customer_03652,57,Bihar,Self-Employed,Graduate,2279291,601
CUST03653,Customer_03653,45,Rajasthan,Self-Employed,Under Graduate,339497,656
CUST03654,Customer_03654,47,West Bengal,Self-Employed,Graduate,288879,515
CUST03655,Customer_03655,34,Delhi,Salaried,Graduate,1473222,650
CUST03656,Customer_03656,56,Bihar,Business,Graduate,745561,607
CUST03657,Customer_03657,59,Uttar Pradesh,Self-Employed,Post Graduate,1730177,836
CUST03658,Customer_03658,36,Uttar Pradesh,Salaried,Under Graduate,2133575,665
CUST03659,Customer_03659,42,Rajasthan,Salaried,Post Graduate,1268397,660
CUST03660,Customer_03660,41,Haryana,Business,Post Graduate,687280,739
CUST03661,Customer_03661,41,Bihar,Salaried,Graduate,638325,610
CUST03662,Customer_03662,28,Madhya Pradesh,Business,Graduate,2494126,748
CUST03663,Customer_03663,36,Karnataka,Salaried,Graduate,625042,745
CUST03664,Customer_03664,51,Karnataka,Self-Employed,Graduate,2481626,808
CUST03665,Customer_03665,30,Maharashtra,Salaried,Post Graduate,741071,731
CUST03666,Customer_03666,52,Uttar Pradesh,Professional,Under Graduate,1906296,552
CUST03667,Customer_03667,54,Maharashtra,Professional,Graduate,1802216,775
CUST03668,Customer_03668,29,Gujarat,Professional,Post Graduate,2283763,850
CUST03669,Customer_03669,37,West Bengal,Salaried,Graduate,2306257,688
CUST03670,Customer_03670,31,Uttar Pradesh,Business,Graduate,1040297,690
CUST03671,Customer_03671,52,Uttar Pradesh,Self-Employed,Graduate,558580,653
CUST03672,Customer_03672,30,Karnataka,Business,Graduate,1656035,567
CUST03673,Customer_03673,42,Delhi,Salaried,Graduate,1595969,718
CUST03674,Customer_03674,37,West Bengal,Business,Graduate,2249341,649
CUST03675,Customer_03675,24,Bihar,Professional,Graduate,1356781,715
CUST03676,Customer_03676,45,Bihar,Salaried,Graduate,1052256,717
CUST03677,Customer_03677,41,Uttar Pradesh,Salaried,Graduate,1700955,832
CUST03678,Customer_03678,57,Uttar Pradesh,Salaried,Graduate,1912743,660
CUST03679,Customer_03679,58,Madhya Pradesh,Salaried,Under Graduate,1229024,597
CUST03680,Customer_03680,21,Bihar,Self-Employed,Under Graduate,531160,711
CUST03681,Customer_03681,45,Uttar Pradesh,Business,Under Graduate,971340,683
CUST03682,Customer_03682,56,Karnataka,Salaried,Post Graduate,689094,830
CUST03683,Customer_03683,37,Maharashtra,Self-Employed,Post Graduate,1977780,752
CUST03684,Customer_03684,44,Delhi,Self-Employed,Graduate,730883,680
CUST03685,Customer_03685,22,Maharashtra,Salaried,Post Graduate,1396308,767
CUST03686,Customer_03686,60,Haryana,Self-Employed,Graduate,434048,774
CUST03687,Customer_03687,35,Uttar Pradesh,Salaried,Graduate,1332923,619
CUST03688,Customer_03688,52,Delhi,Self-Employed,Graduate,754516,724
CUST03689,Customer_03689,59,Uttar Pradesh,Salaried,Graduate,342122,850
CUST03690,Customer_03690,26,Rajasthan,Business,Graduate,1329276,579
CUST03691,Customer_03691,21,Delhi,Salaried,Under Graduate,2375579,634
CUST03692,Customer_03692,43,Uttar Pradesh,Professional,Graduate,795834,675
CUST03693,Customer_03693,59,Maharashtra,Business,Under Graduate,684926,729
CUST03694,Customer_03694,37,Karnataka,Salaried,Graduate,674606,714
CUST03695,Customer_03695,54,Karnataka,Salaried,Post Graduate,1517998,706
CUST03696,Customer_03696,49,Uttar Pradesh,Salaried,Post Graduate,411120,675
CUST03697,Customer_03697,29,Uttar Pradesh,Business,Post Graduate,2047798,713
CUST03698,Customer_03698,33,Uttar Pradesh,Salaried,Graduate,1286245,796
CUST03699,Customer_03699,26,Uttar Pradesh,Business,Post Graduate,1757836,818
CUST03700,Customer_03700,26,West Bengal,Salaried,Graduate,1244591,771
CUST03701,Customer_03701,40,Madhya Pradesh,Salaried,Graduate,2236154,781
CUST03702,Customer_03702,23,Rajasthan,Salaried,Post Graduate,670582,697
CUST03703,Customer_03703,37,West Bengal,Salaried,Graduate,900064,850
CUST03704,Customer_03704,32,Madhya Pradesh,Self-Employed,Graduate,2357708,582
CUST03705,Customer_03705,21,Gujarat,Salaried,Graduate,1535180,709
CUST03706,Customer_03706,37,Bihar,Business,Under Graduate,326214,747
CUST03707,Customer_03707,23,Bihar,Business,Post Graduate,2339975,696
CUST03708,Customer_03708,46,Madhya Pradesh,Salaried,Graduate,2180433,774
CUST03709,Customer_03709,35,Uttar Pradesh,Self-Employed,Graduate,1026331,678
CUST03710,Customer_03710,56,Maharashtra,Self-Employed,Graduate,399303,787
CUST03711,Customer_03711,52,Maharashtra,Business,Graduate,2427096,699
CUST03712,Customer_03712,52,Uttar Pradesh,Salaried,Post Graduate,225649,661
CUST03713,Customer_03713,24,Madhya Pradesh,Salaried,Post Graduate,1536003,652
CUST03714,Customer_03714,38,Madhya Pradesh,Salaried,Post Graduate,2365143,712
CUST03715,Customer_03715,39,Bihar,Self-Employed,Under Graduate,1959329,646
CUST03716,Customer_03716,55,Maharashtra,Professional,Post Graduate,629391,476
CUST03717,Customer_03717,60,Gujarat,Business,Post Graduate,2477238,549
CUST03718,Customer_03718,34,Uttar Pradesh,Salaried,Post Graduate,1657357,653
CUST03719,Customer_03719,53,Rajasthan,Business,Post Graduate,1024817,664
CUST03720,Customer_03720,34,Delhi,Professional,Under Graduate,2388210,784
CUST03721,Customer_03721,54,Uttar Pradesh,Salaried,Post Graduate,870519,717
CUST03722,Customer_03722,24,Delhi,Business,Graduate,305251,700
CUST03723,Customer_03723,44,Delhi,Self-Employed,Under Graduate,1467227,635
CUST03724,Customer_03724,49,Uttar Pradesh,Self-Employed,Post Graduate,1883405,850
CUST03725,Customer_03725,39,Uttar Pradesh,Self-Employed,Graduate,2119073,691
CUST03726,Customer_03726,26,West Bengal,Professional,Post Graduate,1911237,761
CUST03727,Customer_03727,53,Maharashtra,Salaried,Graduate,1143836,692
CUST03728,Customer_03728,60,Haryana,Business,Under Graduate,1098351,734
CUST03729,Customer_03729,39,Madhya Pradesh,Salaried,Under Graduate,1381534,583
CUST03730,Customer_03730,21,Maharashtra,Salaried,Graduate,970585,719
CUST03731,Customer_03731,25,Uttar Pradesh,Professional,Under Graduate,831057,698
CUST03732,Customer_03732,47,Rajasthan,Business,Post Graduate,1410911,699
CUST03733,Customer_03733,36,Bihar,Salaried,Post Graduate,1028770,772
CUST03734,Customer_03734,26,Gujarat,Self-Employed,Graduate,427932,571
CUST03735,Customer_03735,60,Karnataka,Salaried,Graduate,1943388,655
CUST03736,Customer_03736,33,Haryana,Salaried,Graduate,975785,535
CUST03737,Customer_03737,55,Maharashtra,Business,Graduate,234450,670
CUST03738,Customer_03738,39,Karnataka,Self-Employed,Graduate,587517,772
CUST03739,Customer_03739,32,Haryana,Self-Employed,Under Graduate,2097725,764
CUST03740,Customer_03740,36,Karnataka,Self-Employed,Under Graduate,1522194,674
CUST03741,Customer_03741,30,Rajasthan,Salaried,Graduate,1549431,706
CUST03742,Customer_03742,45,Delhi,Salaried,Graduate,347098,663
CUST03743,Customer_03743,40,Madhya Pradesh,Salaried,Under Graduate,285405,693
CUST03744,Customer_03744,51,Maharashtra,Professional,Graduate,1957855,773
CUST03745,Customer_03745,24,West Bengal,Business,Under Graduate,1001999,819
CUST03746,Customer_03746,43,Uttar Pradesh,Salaried,Post Graduate,2102653,744
CUST03747,Customer_03747,22,Uttar Pradesh,Salaried,Post Graduate,1470583,685
CUST03748,Customer_03748,42,Karnataka,Self-Employed,Graduate,1095698,821
CUST03749,Customer_03749,57,Uttar Pradesh,Business,Graduate,1990864,734
CUST03750,Customer_03750,28,Karnataka,Salaried,Graduate,428418,670
CUST03751,Customer_03751,27,Delhi,Self-Employed,Graduate,839785,680
CUST03752,Customer_03752,34,Uttar Pradesh,Professional,Post Graduate,1574330,658
CUST03753,Customer_03753,23,Bihar,Self-Employed,Graduate,1465426,746
CUST03754,Customer_03754,36,Delhi,Salaried,Graduate,2361582,714
CUST03755,Customer_03755,39,Madhya Pradesh,Self-Employed,Under Graduate,1661698,706
CUST03756,Customer_03756,38,West Bengal,Salaried,Graduate,1504995,647
CUST03757,Customer_03757,36,Karnataka,Salaried,Graduate,689508,838
CUST03758,Customer_03758,28,Bihar,Professional,Under Graduate,648500,680
CUST03759,Customer_03759,53,Uttar Pradesh,Salaried,Graduate,1563626,777
CUST03760,Customer_03760,32,West Bengal,Salaried,Graduate,1706818,615
CUST03761,Customer_03761,31,Rajasthan,Self-Employed,Graduate,1870541,730
CUST03762,Customer_03762,25,Uttar Pradesh,Business,Post Graduate,2167382,643
CUST03763,Customer_03763,47,Haryana,Business,Graduate,2156576,731
CUST03764,Customer_03764,32,Karnataka,Salaried,Graduate,1146012,630
CUST03765,Customer_03765,37,Gujarat,Self-Employed,Graduate,1271765,602
CUST03766,Customer_03766,26,Rajasthan,Self-Employed,Graduate,839663,618
CUST03767,Customer_03767,53,Gujarat,Self-Employed,Graduate,2186590,572
CUST03768,Customer_03768,25,Gujarat,Self-Employed,Post Graduate,662768,636
CUST03769,Customer_03769,48,Karnataka,Salaried,Post Graduate,2411688,751
CUST03770,Customer_03770,34,West Bengal,Professional,Post Graduate,465508,633
CUST03771,Customer_03771,25,Rajasthan,Self-Employed,Graduate,725898,642
CUST03772,Customer_03772,53,Haryana,Salaried,Graduate,543118,715
CUST03773,Customer_03773,39,West Bengal,Self-Employed,Post Graduate,600344,547
CUST03774,Customer_03774,42,Uttar Pradesh,Salaried,Post Graduate,1637077,741
CUST03775,Customer_03775,25,Uttar Pradesh,Self-Employed,Under Graduate,2000777,685
CUST03776,Customer_03776,22,Karnataka,Salaried,Graduate,1529790,722
CUST03777,Customer_03777,50,Maharashtra,Salaried,Graduate,2363181,682
CUST03778,Customer_03778,59,Uttar Pradesh,Business,Post Graduate,641818,669
CUST03779,Customer_03779,24,Uttar Pradesh,Business,Under Graduate,2026910,758
CUST03780,Customer_03780,53,Bihar,Salaried,Under Graduate,1094704,688
CUST03781,Customer_03781,33,Maharashtra,Self-Employed,Under Graduate,2342001,736
CUST03782,Customer_03782,40,Maharashtra,Self-Employed,Under Graduate,243698,765
CUST03783,Customer_03783,27,West Bengal,Salaried,Post Graduate,374886,601
CUST03784,Customer_03784,35,Gujarat,Salaried,Graduate,1827449,638
CUST03785,Customer_03785,43,Delhi,Business,Post Graduate,1619659,628
CUST03786,Customer_03786,34,Uttar Pradesh,Salaried,Graduate,613756,664
CUST03787,Customer_03787,43,Delhi,Professional,Graduate,1683977,702
CUST03788,Customer_03788,39,Delhi,Self-Employed,Post Graduate,1910368,623
CUST03789,Customer_03789,49,Gujarat,Business,Post Graduate,523331,629
CUST03790,Customer_03790,40,Maharashtra,Salaried,Post Graduate,1252505,664
CUST03791,Customer_03791,49,Bihar,Business,Graduate,1157311,758
CUST03792,Customer_03792,44,Haryana,Salaried,Graduate,1699959,651
CUST03793,Customer_03793,38,Gujarat,Business,Under Graduate,494744,697
CUST03794,Customer_03794,30,Delhi,Salaried,Post Graduate,1924017,668
CUST03795,Customer_03795,28,Madhya Pradesh,Self-Employed,Graduate,1088942,682
CUST03796,Customer_03796,46,Rajasthan,Salaried,Post Graduate,2233689,640
CUST03797,Customer_03797,49,Delhi,Salaried,Under Graduate,1540449,507
CUST03798,Customer_03798,30,Uttar Pradesh,Self-Employed,Graduate,1791148,642
CUST03799,Customer_03799,37,Gujarat,Self-Employed,Graduate,755962,707
CUST03800,Customer_03800,22,West Bengal,Self-Employed,Graduate,1963707,695
CUST03801,Customer_03801,26,Haryana,Salaried,Graduate,1294157,742
CUST03802,Customer_03802,25,Maharashtra,Salaried,Graduate,1500846,579
CUST03803,Customer_03803,48,Maharashtra,Business,Graduate,1529212,718
CUST03804,Customer_03804,25,Gujarat,Business,Graduate,1643723,649
CUST03805,Customer_03805,38,Karnataka,Salaried,Graduate,1821694,632
CUST03806,Customer_03806,46,Madhya Pradesh,Self-Employed,Graduate,1550134,729
CUST03807,Customer_03807,40,Rajasthan,Business,Under Graduate,237969,749
CUST03808,Customer_03808,47,Uttar Pradesh,Business,Post Graduate,986370,776
CUST03809,Customer_03809,32,Delhi,Salaried,Graduate,1998881,732
CUST03810,Customer_03810,27,Gujarat,Business,Graduate,544491,682
CUST03811,Customer_03811,23,West Bengal,Salaried,Graduate,2021959,580
CUST03812,Customer_03812,30,Maharashtra,Business,Post Graduate,2359324,783
CUST03813,Customer_03813,54,Delhi,Salaried,Post Graduate,1643876,707
CUST03814,Customer_03814,45,Rajasthan,Self-Employed,Under Graduate,943068,621
CUST03815,Customer_03815,55,Madhya Pradesh,Self-Employed,Post Graduate,317368,706
CUST03816,Customer_03816,36,Haryana,Salaried,Under Graduate,2464222,580
CUST03817,Customer_03817,22,Maharashtra,Self-Employed,Graduate,1882427,791
CUST03818,Customer_03818,44,Bihar,Business,Under Graduate,2009487,660
CUST03819,Customer_03819,30,Delhi,Self-Employed,Post Graduate,1414674,607
CUST03820,Customer_03820,58,Madhya Pradesh,Salaried,Graduate,1942457,787
CUST03821,Customer_03821,42,Uttar Pradesh,Salaried,Graduate,788410,591
CUST03822,Customer_03822,46,Rajasthan,Self-Employed,Graduate,999470,688
CUST03823,Customer_03823,59,Madhya Pradesh,Business,Graduate,1155409,700
CUST03824,Customer_03824,47,Karnataka,Business,Post Graduate,2000317,592
CUST03825,Customer_03825,49,Maharashtra,Salaried,Post Graduate,667081,660
CUST03826,Customer_03826,58,Haryana,Self-Employed,Graduate,1035591,548
CUST03827,Customer_03827,40,Uttar Pradesh,Salaried,Graduate,1554496,658
CUST03828,Customer_03828,47,Maharashtra,Professional,Under Graduate,2286446,550
CUST03829,Customer_03829,40,Maharashtra,Salaried,Graduate,705038,757
CUST03830,Customer_03830,39,Karnataka,Salaried,Graduate,1908059,643
CUST03831,Customer_03831,40,Maharashtra,Self-Employed,Graduate,813151,599
CUST03832,Customer_03832,55,Haryana,Business,Under Graduate,2134109,705
CUST03833,Customer_03833,22,Rajasthan,Salaried,Post Graduate,1271308,558
CUST03834,Customer_03834,50,West Bengal,Salaried,Graduate,2452454,635
CUST03835,Customer_03835,54,Haryana,Self-Employed,Graduate,2420616,744
CUST03836,Customer_03836,42,Delhi,Self-Employed,Graduate,1676645,585
CUST03837,Customer_03837,23,Karnataka,Salaried,Graduate,1347129,669
CUST03838,Customer_03838,26,Gujarat,Self-Employed,Post Graduate,1925402,627
CUST03839,Customer_03839,35,Haryana,Self-Employed,Graduate,2095187,534
CUST03840,Customer_03840,47,Maharashtra,Business,Graduate,1941501,603
CUST03841,Customer_03841,30,Uttar Pradesh,Salaried,Post Graduate,682415,637
CUST03842,Customer_03842,29,Madhya Pradesh,Salaried,Graduate,1707599,708
CUST03843,Customer_03843,53,Rajasthan,Business,Under Graduate,195386,793
CUST03844,Customer_03844,52,Bihar,Business,Graduate,1481152,688
CUST03845,Customer_03845,26,Rajasthan,Business,Graduate,1857484,698
CUST03846,Customer_03846,56,Bihar,Business,Under Graduate,383561,746
CUST03847,Customer_03847,22,Gujarat,Salaried,Graduate,1714828,722
CUST03848,Customer_03848,49,Uttar Pradesh,Salaried,Graduate,1835404,640
CUST03849,Customer_03849,24,West Bengal,Salaried,Graduate,1922894,647
CUST03850,Customer_03850,21,Karnataka,Professional,Graduate,2221439,732
CUST03851,Customer_03851,39,West Bengal,Self-Employed,Under Graduate,1086364,727
CUST03852,Customer_03852,46,Bihar,Salaried,Graduate,1207406,705
CUST03853,Customer_03853,45,Madhya Pradesh,Salaried,Graduate,2462790,643
CUST03854,Customer_03854,30,West Bengal,Business,Under Graduate,1194649,812
CUST03855,Customer_03855,35,Karnataka,Business,Graduate,1036903,630
CUST03856,Customer_03856,42,Haryana,Professional,Under Graduate,1062482,682
CUST03857,Customer_03857,41,Bihar,Salaried,Graduate,1923417,795
CUST03858,Customer_03858,42,Madhya Pradesh,Self-Employed,Graduate,1119962,699
CUST03859,Customer_03859,56,Haryana,Salaried,Graduate,1479752,685
CUST03860,Customer_03860,54,Maharashtra,Salaried,Graduate,2252619,712
CUST03861,Customer_03861,50,Gujarat,Salaried,Graduate,2109237,642
CUST03862,Customer_03862,45,Haryana,Salaried,Graduate,1350020,683
CUST03863,Customer_03863,48,Gujarat,Self-Employed,Post Graduate,1025502,745
CUST03864,Customer_03864,21,Rajasthan,Professional,Graduate,895290,760
CUST03865,Customer_03865,24,Madhya Pradesh,Salaried,Graduate,1745764,810
CUST03866,Customer_03866,27,West Bengal,Professional,Graduate,498935,634
CUST03867,Customer_03867,29,Madhya Pradesh,Salaried,Graduate,2350360,789
CUST03868,Customer_03868,56,Haryana,Salaried,Graduate,1975836,735
CUST03869,Customer_03869,39,Delhi,Salaried,Graduate,381800,771
CUST03870,Customer_03870,21,Gujarat,Salaried,Under Graduate,1837617,590
CUST03871,Customer_03871,30,Delhi,Salaried,Graduate,1727791,634
CUST03872,Customer_03872,56,Rajasthan,Self-Employed,Graduate,1224146,707
CUST03873,Customer_03873,29,Rajasthan,Business,Graduate,833151,743
CUST03874,Customer_03874,52,Rajasthan,Business,Graduate,244567,658
CUST03875,Customer_03875,52,Uttar Pradesh,Salaried,Post Graduate,1464980,662
CUST03876,Customer_03876,26,Maharashtra,Business,Graduate,1321480,610
CUST03877,Customer_03877,58,Uttar Pradesh,Self-Employed,Graduate,1000924,652
CUST03878,Customer_03878,37,Karnataka,Professional,Graduate,2472673,661
CUST03879,Customer_03879,30,Maharashtra,Salaried,Under Graduate,975557,662
CUST03880,Customer_03880,47,Uttar Pradesh,Professional,Graduate,606538,622
CUST03881,Customer_03881,55,Uttar Pradesh,Business,Post Graduate,1908515,834
CUST03882,Customer_03882,41,Gujarat,Business,Graduate,1109764,767
CUST03883,Customer_03883,45,Uttar Pradesh,Salaried,Graduate,1839760,740
CUST03884,Customer_03884,48,Rajasthan,Self-Employed,Post Graduate,1047897,776
CUST03885,Customer_03885,35,Uttar Pradesh,Self-Employed,Graduate,1469764,733
CUST03886,Customer_03886,24,Haryana,Salaried,Graduate,407592,850
CUST03887,Customer_03887,49,West Bengal,Salaried,Graduate,710446,630
CUST03888,Customer_03888,29,West Bengal,Professional,Graduate,1545975,519
CUST03889,Customer_03889,47,Rajasthan,Salaried,Graduate,1372034,624
CUST03890,Customer_03890,46,Gujarat,Salaried,Graduate,2167567,549
CUST03891,Customer_03891,39,Madhya Pradesh,Self-Employed,Graduate,664968,598
CUST03892,Customer_03892,48,Bihar,Salaried,Graduate,1071289,644
CUST03893,Customer_03893,37,Rajasthan,Self-Employed,Post Graduate,483294,679
CUST03894,Customer_03894,40,Uttar Pradesh,Self-Employed,Graduate,1782774,770
CUST03895,Customer_03895,60,Haryana,Salaried,Graduate,1476069,815
CUST03896,Customer_03896,59,Maharashtra,Business,Post Graduate,1724808,712
CUST03897,Customer_03897,43,Rajasthan,Salaried,Graduate,1170234,599
CUST03898,Customer_03898,52,Rajasthan,Business,Under Graduate,1919346,652
CUST03899,Customer_03899,53,Madhya Pradesh,Professional,Under Graduate,945086,668
CUST03900,Customer_03900,25,Haryana,Salaried,Post Graduate,2042431,658
CUST03901,Customer_03901,54,Gujarat,Business,Graduate,2378811,589
CUST03902,Customer_03902,60,Gujarat,Self-Employed,Post Graduate,949527,786
CUST03903,Customer_03903,31,Rajasthan,Self-Employed,Post Graduate,2126838,574
CUST03904,Customer_03904,23,Uttar Pradesh,Salaried,Post Graduate,459127,650
CUST03905,Customer_03905,53,Bihar,Salaried,Graduate,2040443,700
CUST03906,Customer_03906,31,West Bengal,Professional,Post Graduate,988600,703
CUST03907,Customer_03907,36,West Bengal,Salaried,Post Graduate,486995,660
CUST03908,Customer_03908,38,Delhi,Salaried,Graduate,469401,713
CUST03909,Customer_03909,50,Maharashtra,Salaried,Post Graduate,1834339,610
CUST03910,Customer_03910,30,Uttar Pradesh,Self-Employed,Graduate,2271064,682
CUST03911,Customer_03911,38,Bihar,Professional,Post Graduate,334636,593
CUST03912,Customer_03912,58,Karnataka,Self-Employed,Post Graduate,223200,624
CUST03913,Customer_03913,39,Delhi,Salaried,Graduate,828161,763
CUST03914,Customer_03914,56,Karnataka,Salaried,Under Graduate,216678,673
CUST03915,Customer_03915,33,Madhya Pradesh,Salaried,Under Graduate,2253752,676
CUST03916,Customer_03916,23,Uttar Pradesh,Salaried,Graduate,208701,653
CUST03917,Customer_03917,30,Uttar Pradesh,Self-Employed,Graduate,1174672,639
CUST03918,Customer_03918,58,Uttar Pradesh,Salaried,Post Graduate,699558,692
CUST03919,Customer_03919,21,Madhya Pradesh,Business,Graduate,2259029,850
CUST03920,Customer_03920,47,Maharashtra,Self-Employed,Graduate,2325680,584
CUST03921,Customer_03921,28,Delhi,Business,Post Graduate,2074565,617
CUST03922,Customer_03922,37,Gujarat,Professional,Under Graduate,304395,619
CUST03923,Customer_03923,29,Maharashtra,Professional,Graduate,1109420,523
CUST03924,Customer_03924,26,Uttar Pradesh,Salaried,Graduate,921939,681
CUST03925,Customer_03925,45,Uttar Pradesh,Professional,Post Graduate,1597395,674
CUST03926,Customer_03926,59,Delhi,Business,Post Graduate,1456447,643
CUST03927,Customer_03927,48,Rajasthan,Business,Under Graduate,770549,739
CUST03928,Customer_03928,53,Bihar,Salaried,Graduate,897576,656
CUST03929,Customer_03929,57,Karnataka,Salaried,Graduate,895815,677
CUST03930,Customer_03930,29,Madhya Pradesh,Professional,Graduate,2069895,702
CUST03931,Customer_03931,38,Rajasthan,Salaried,Post Graduate,1573845,663
CUST03932,Customer_03932,41,Delhi,Salaried,Graduate,2371231,817
CUST03933,Customer_03933,22,Haryana,Salaried,Under Graduate,2193621,660
CUST03934,Customer_03934,58,Gujarat,Professional,Graduate,406993,739
CUST03935,Customer_03935,60,Rajasthan,Self-Employed,Under Graduate,1512876,684
CUST03936,Customer_03936,56,Bihar,Professional,Graduate,734144,688
CUST03937,Customer_03937,57,Delhi,Salaried,Post Graduate,1529630,755
CUST03938,Customer_03938,35,Rajasthan,Salaried,Under Graduate,1681917,667
CUST03939,Customer_03939,48,Gujarat,Self-Employed,Under Graduate,2305573,686
CUST03940,Customer_03940,38,Karnataka,Self-Employed,Under Graduate,1143116,709
CUST03941,Customer_03941,54,Karnataka,Salaried,Graduate,2233306,646
CUST03942,Customer_03942,42,Maharashtra,Salaried,Graduate,1189106,727
CUST03943,Customer_03943,31,Maharashtra,Salaried,Graduate,2246672,803
CUST03944,Customer_03944,33,Maharashtra,Salaried,Graduate,333312,626
CUST03945,Customer_03945,24,Delhi,Self-Employed,Graduate,2459757,642
CUST03946,Customer_03946,42,Bihar,Salaried,Post Graduate,778063,612
CUST03947,Customer_03947,27,Uttar Pradesh,Salaried,Post Graduate,1703282,826
CUST03948,Customer_03948,44,Uttar Pradesh,Salaried,Graduate,1203079,735
CUST03949,Customer_03949,24,Bihar,Salaried,Post Graduate,991470,593
CUST03950,Customer_03950,48,Uttar Pradesh,Professional,Graduate,384342,578
CUST03951,Customer_03951,35,Uttar Pradesh,Salaried,Under Graduate,1149020,737
CUST03952,Customer_03952,21,Gujarat,Salaried,Graduate,990737,850
CUST03953,Customer_03953,23,Uttar Pradesh,Salaried,Graduate,1550483,685
CUST03954,Customer_03954,34,Uttar Pradesh,Self-Employed,Graduate,538219,579
CUST03955,Customer_03955,58,Haryana,Self-Employed,Under Graduate,221993,567
CUST03956,Customer_03956,21,Haryana,Salaried,Under Graduate,1712491,663
CUST03957,Customer_03957,58,Bihar,Self-Employed,Graduate,1268769,585
CUST03958,Customer_03958,58,Uttar Pradesh,Self-Employed,Graduate,1529240,671
CUST03959,Customer_03959,41,Gujarat,Salaried,Post Graduate,2169440,729
CUST03960,Customer_03960,49,Bihar,Salaried,Graduate,436961,710
CUST03961,Customer_03961,25,Uttar Pradesh,Self-Employed,Post Graduate,1183764,723
CUST03962,Customer_03962,30,Uttar Pradesh,Self-Employed,Graduate,2399344,709
CUST03963,Customer_03963,48,Uttar Pradesh,Professional,Post Graduate,2419155,745
CUST03964,Customer_03964,41,Madhya Pradesh,Salaried,Graduate,1422923,671
CUST03965,Customer_03965,27,Karnataka,Business,Graduate,419393,698
CUST03966,Customer_03966,23,Haryana,Salaried,Graduate,2470760,788
CUST03967,Customer_03967,40,Madhya Pradesh,Business,Under Graduate,1285616,749
CUST03968,Customer_03968,39,Bihar,Self-Employed,Graduate,668176,595
CUST03969,Customer_03969,55,Madhya Pradesh,Self-Employed,Post Graduate,1600972,630
CUST03970,Customer_03970,24,Rajasthan,Salaried,Graduate,2282175,594
CUST03971,Customer_03971,25,Maharashtra,Salaried,Graduate,406308,675
CUST03972,Customer_03972,21,Gujarat,Business,Under Graduate,2118893,443
CUST03973,Customer_03973,24,Karnataka,Salaried,Graduate,291829,734
CUST03974,Customer_03974,32,Bihar,Salaried,Under Graduate,1077982,619
CUST03975,Customer_03975,47,Haryana,Salaried,Under Graduate,1836132,556
CUST03976,Customer_03976,43,Rajasthan,Salaried,Post Graduate,2484037,850
CUST03977,Customer_03977,45,Bihar,Self-Employed,Graduate,1495720,636
CUST03978,Customer_03978,41,Uttar Pradesh,Salaried,Under Graduate,1676852,560
CUST03979,Customer_03979,44,Gujarat,Salaried,Under Graduate,1282336,647
CUST03980,Customer_03980,45,Haryana,Salaried,Under Graduate,716022,808
CUST03981,Customer_03981,52,Gujarat,Business,Under Graduate,395438,439
CUST03982,Customer_03982,52,Uttar Pradesh,Professional,Graduate,1566048,765
CUST03983,Customer_03983,25,Uttar Pradesh,Self-Employed,Post Graduate,2365127,557
CUST03984,Customer_03984,56,Madhya Pradesh,Self-Employed,Graduate,1695426,725
CUST03985,Customer_03985,59,Bihar,Salaried,Graduate,2472816,606
CUST03986,Customer_03986,36,Bihar,Self-Employed,Post Graduate,353718,692
CUST03987,Customer_03987,53,West Bengal,Business,Post Graduate,725427,652
CUST03988,Customer_03988,41,Delhi,Self-Employed,Post Graduate,1197809,713
CUST03989,Customer_03989,29,Bihar,Salaried,Under Graduate,616718,733
CUST03990,Customer_03990,26,Uttar Pradesh,Self-Employed,Graduate,2028019,728
CUST03991,Customer_03991,55,Uttar Pradesh,Professional,Graduate,1502263,635
CUST03992,Customer_03992,59,Gujarat,Business,Graduate,1351212,710
CUST03993,Customer_03993,42,Haryana,Business,Graduate,2218678,759
CUST03994,Customer_03994,25,Gujarat,Salaried,Graduate,209563,672
CUST03995,Customer_03995,43,Bihar,Salaried,Under Graduate,2394110,703
CUST03996,Customer_03996,37,Uttar Pradesh,Business,Graduate,1982052,605
CUST03997,Customer_03997,32,West Bengal,Salaried,Graduate,581202,711
CUST03998,Customer_03998,43,West Bengal,Self-Employed,Graduate,2155615,642
CUST03999,Customer_03999,36,Madhya Pradesh,Salaried,Post Graduate,1772375,674
CUST04000,Customer_04000,23,Uttar Pradesh,Self-Employed,Graduate,1972927,689
CUST04001,Customer_04001,50,Madhya Pradesh,Self-Employed,Graduate,2236598,705
CUST04002,Customer_04002,42,Karnataka,Business,Graduate,951822,659
CUST04003,Customer_04003,29,Gujarat,Salaried,Graduate,1897724,814
CUST04004,Customer_04004,49,Delhi,Business,Post Graduate,1795194,617
CUST04005,Customer_04005,57,Uttar Pradesh,Business,Post Graduate,1055348,570
CUST04006,Customer_04006,43,Uttar Pradesh,Professional,Graduate,2179210,595
CUST04007,Customer_04007,33,Uttar Pradesh,Self-Employed,Under Graduate,1760997,613
CUST04008,Customer_04008,52,Karnataka,Self-Employed,Graduate,2149881,690
CUST04009,Customer_04009,43,Rajasthan,Professional,Graduate,1385684,825
CUST04010,Customer_04010,37,Haryana,Self-Employed,Post Graduate,2420654,718
CUST04011,Customer_04011,60,Uttar Pradesh,Self-Employed,Post Graduate,584764,670
CUST04012,Customer_04012,41,Karnataka,Salaried,Graduate,1901413,637
CUST04013,Customer_04013,22,Haryana,Salaried,Post Graduate,515424,777
CUST04014,Customer_04014,57,Maharashtra,Salaried,Graduate,869679,607
CUST04015,Customer_04015,26,Karnataka,Self-Employed,Under Graduate,451669,570
CUST04016,Customer_04016,38,Maharashtra,Self-Employed,Post Graduate,254592,623
CUST04017,Customer_04017,50,Maharashtra,Salaried,Graduate,2166619,649
CUST04018,Customer_04018,42,Maharashtra,Business,Graduate,905513,733
CUST04019,Customer_04019,53,Karnataka,Self-Employed,Post Graduate,1590567,750
CUST04020,Customer_04020,50,Karnataka,Self-Employed,Post Graduate,1611892,729
CUST04021,Customer_04021,37,Bihar,Professional,Under Graduate,1234297,522
CUST04022,Customer_04022,52,Gujarat,Salaried,Under Graduate,1843875,690
CUST04023,Customer_04023,34,Gujarat,Business,Graduate,201241,693
CUST04024,Customer_04024,30,Haryana,Self-Employed,Under Graduate,1601551,719
CUST04025,Customer_04025,56,Maharashtra,Business,Graduate,2174450,575
CUST04026,Customer_04026,54,Rajasthan,Salaried,Graduate,217088,657
CUST04027,Customer_04027,29,Gujarat,Salaried,Post Graduate,2167976,655
CUST04028,Customer_04028,48,Uttar Pradesh,Self-Employed,Graduate,339532,756
CUST04029,Customer_04029,31,Bihar,Salaried,Graduate,354508,691
CUST04030,Customer_04030,34,Gujarat,Salaried,Under Graduate,2056369,637
CUST04031,Customer_04031,59,Maharashtra,Business,Graduate,1014049,552
CUST04032,Customer_04032,39,West Bengal,Self-Employed,Under Graduate,1117135,587
CUST04033,Customer_04033,35,Uttar Pradesh,Business,Graduate,1633055,732
CUST04034,Customer_04034,48,West Bengal,Self-Employed,Graduate,2281008,522
CUST04035,Customer_04035,44,Maharashtra,Self-Employed,Graduate,2125205,542
CUST04036,Customer_04036,28,Uttar Pradesh,Professional,Graduate,353839,746
CUST04037,Customer_04037,29,Maharashtra,Professional,Under Graduate,550029,737
CUST04038,Customer_04038,53,Haryana,Salaried,Graduate,823375,587
CUST04039,Customer_04039,53,Delhi,Business,Graduate,1507088,668
CUST04040,Customer_04040,39,Maharashtra,Salaried,Graduate,210825,797
CUST04041,Customer_04041,23,Maharashtra,Salaried,Post Graduate,1702404,692
CUST04042,Customer_04042,30,Gujarat,Self-Employed,Graduate,1856390,715
CUST04043,Customer_04043,60,Rajasthan,Professional,Post Graduate,1050531,800
CUST04044,Customer_04044,21,Haryana,Professional,Post Graduate,731680,825
CUST04045,Customer_04045,49,Uttar Pradesh,Salaried,Graduate,2147392,690
CUST04046,Customer_04046,54,Madhya Pradesh,Business,Under Graduate,2044137,796
CUST04047,Customer_04047,33,Delhi,Business,Under Graduate,199556,755
CUST04048,Customer_04048,21,West Bengal,Salaried,Graduate,677452,653
CUST04049,Customer_04049,54,Gujarat,Self-Employed,Post Graduate,2231092,717
CUST04050,Customer_04050,49,Maharashtra,Self-Employed,Post Graduate,1395800,554
CUST04051,Customer_04051,33,Uttar Pradesh,Salaried,Under Graduate,2428871,732
CUST04052,Customer_04052,49,Gujarat,Business,Graduate,1030090,648
CUST04053,Customer_04053,59,Rajasthan,Salaried,Post Graduate,1265048,628
CUST04054,Customer_04054,44,Karnataka,Salaried,Graduate,1799159,765
CUST04055,Customer_04055,46,Delhi,Salaried,Graduate,1573837,611
CUST04056,Customer_04056,37,Rajasthan,Business,Post Graduate,1970359,716
CUST04057,Customer_04057,27,Bihar,Self-Employed,Under Graduate,1630484,758
CUST04058,Customer_04058,33,Bihar,Salaried,Post Graduate,1571427,654
CUST04059,Customer_04059,25,Maharashtra,Self-Employed,Post Graduate,2281066,701
CUST04060,Customer_04060,46,Uttar Pradesh,Salaried,Post Graduate,2366060,631
CUST04061,Customer_04061,23,Madhya Pradesh,Business,Under Graduate,1572538,619
CUST04062,Customer_04062,27,Maharashtra,Self-Employed,Graduate,1777485,671
CUST04063,Customer_04063,59,Maharashtra,Salaried,Graduate,392966,850
CUST04064,Customer_04064,21,Uttar Pradesh,Salaried,Under Graduate,420011,824
CUST04065,Customer_04065,37,Maharashtra,Salaried,Graduate,1264475,649
CUST04066,Customer_04066,45,Uttar Pradesh,Professional,Graduate,729813,679
CUST04067,Customer_04067,23,Gujarat,Self-Employed,Post Graduate,2102165,658
CUST04068,Customer_04068,35,Bihar,Business,Post Graduate,1600505,591
CUST04069,Customer_04069,49,Madhya Pradesh,Salaried,Graduate,277403,633
CUST04070,Customer_04070,52,Gujarat,Self-Employed,Under Graduate,797734,652
CUST04071,Customer_04071,46,West Bengal,Professional,Graduate,491121,503
CUST04072,Customer_04072,36,Uttar Pradesh,Salaried,Graduate,2439113,666
CUST04073,Customer_04073,45,Bihar,Self-Employed,Graduate,357859,743
CUST04074,Customer_04074,48,Maharashtra,Professional,Graduate,1489492,834
CUST04075,Customer_04075,29,Rajasthan,Business,Graduate,2398375,729
CUST04076,Customer_04076,21,Karnataka,Salaried,Graduate,592917,622
CUST04077,Customer_04077,49,Delhi,Salaried,Under Graduate,982676,615
CUST04078,Customer_04078,42,Gujarat,Salaried,Post Graduate,471408,683
CUST04079,Customer_04079,36,Rajasthan,Business,Graduate,2314187,692
CUST04080,Customer_04080,27,Gujarat,Self-Employed,Graduate,2234819,681
CUST04081,Customer_04081,34,Uttar Pradesh,Professional,Graduate,365128,777
CUST04082,Customer_04082,49,Madhya Pradesh,Salaried,Post Graduate,2435185,722
CUST04083,Customer_04083,39,Madhya Pradesh,Salaried,Graduate,2284389,726
CUST04084,Customer_04084,39,Bihar,Salaried,Post Graduate,1938724,715
CUST04085,Customer_04085,22,Maharashtra,Salaried,Graduate,1248216,638
CUST04086,Customer_04086,35,Haryana,Salaried,Under Graduate,663300,566
CUST04087,Customer_04087,23,Uttar Pradesh,Salaried,Graduate,1533454,680
CUST04088,Customer_04088,31,Uttar Pradesh,Business,Under Graduate,540865,641
CUST04089,Customer_04089,50,Rajasthan,Salaried,Post Graduate,2103402,738
CUST04090,Customer_04090,60,Maharashtra,Self-Employed,Post Graduate,2431031,646
CUST04091,Customer_04091,38,Delhi,Professional,Post Graduate,1396958,777
CUST04092,Customer_04092,22,Gujarat,Professional,Under Graduate,1966686,738
CUST04093,Customer_04093,52,Delhi,Salaried,Post Graduate,1914025,815
CUST04094,Customer_04094,28,Bihar,Professional,Post Graduate,670206,808
CUST04095,Customer_04095,42,Delhi,Salaried,Graduate,1011485,745
CUST04096,Customer_04096,26,Karnataka,Salaried,Graduate,1105136,604
CUST04097,Customer_04097,32,Bihar,Business,Graduate,2232288,657
CUST04098,Customer_04098,60,Bihar,Business,Post Graduate,2001484,637
CUST04099,Customer_04099,56,Karnataka,Business,Graduate,350945,698
CUST04100,Customer_04100,35,Uttar Pradesh,Business,Post Graduate,468688,724
CUST04101,Customer_04101,48,Bihar,Salaried,Graduate,466318,666
CUST04102,Customer_04102,38,Uttar Pradesh,Self-Employed,Graduate,505243,735
CUST04103,Customer_04103,22,Uttar Pradesh,Salaried,Graduate,1726330,641
CUST04104,Customer_04104,33,Uttar Pradesh,Self-Employed,Graduate,733607,518
CUST04105,Customer_04105,35,Rajasthan,Salaried,Post Graduate,1536570,706
CUST04106,Customer_04106,40,Gujarat,Salaried,Graduate,695499,669
CUST04107,Customer_04107,49,Maharashtra,Business,Graduate,1249297,699
CUST04108,Customer_04108,49,Haryana,Business,Under Graduate,2123013,749
CUST04109,Customer_04109,23,Rajasthan,Self-Employed,Graduate,1971035,673
CUST04110,Customer_04110,39,West Bengal,Self-Employed,Graduate,2354552,598
CUST04111,Customer_04111,23,West Bengal,Business,Under Graduate,571643,646
CUST04112,Customer_04112,34,Delhi,Self-Employed,Graduate,1896114,796
CUST04113,Customer_04113,60,West Bengal,Professional,Graduate,1030710,723
CUST04114,Customer_04114,24,Gujarat,Salaried,Graduate,256408,777
CUST04115,Customer_04115,31,Karnataka,Salaried,Graduate,1820178,654
CUST04116,Customer_04116,51,Maharashtra,Professional,Graduate,1320707,745
CUST04117,Customer_04117,52,Bihar,Professional,Graduate,336236,763
CUST04118,Customer_04118,47,Delhi,Self-Employed,Graduate,1949744,575
CUST04119,Customer_04119,50,Bihar,Salaried,Graduate,1484562,712
CUST04120,Customer_04120,22,Haryana,Business,Graduate,2344189,705
CUST04121,Customer_04121,29,Karnataka,Self-Employed,Graduate,2418521,602
CUST04122,Customer_04122,48,Maharashtra,Business,Graduate,1481424,603
CUST04123,Customer_04123,51,Haryana,Self-Employed,Graduate,838936,843
CUST04124,Customer_04124,54,Uttar Pradesh,Salaried,Post Graduate,2332031,703
CUST04125,Customer_04125,35,Bihar,Salaried,Under Graduate,880460,785
CUST04126,Customer_04126,45,Rajasthan,Self-Employed,Post Graduate,2409505,745
CUST04127,Customer_04127,56,Maharashtra,Salaried,Under Graduate,827982,694
CUST04128,Customer_04128,28,Madhya Pradesh,Salaried,Post Graduate,818722,614
CUST04129,Customer_04129,29,Madhya Pradesh,Salaried,Graduate,2360341,739
CUST04130,Customer_04130,57,Maharashtra,Salaried,Graduate,1036303,691
CUST04131,Customer_04131,59,Haryana,Salaried,Graduate,715964,702
CUST04132,Customer_04132,52,Gujarat,Salaried,Graduate,1319839,711
CUST04133,Customer_04133,37,Maharashtra,Professional,Graduate,632297,717
CUST04134,Customer_04134,55,Maharashtra,Salaried,Under Graduate,1191987,731
CUST04135,Customer_04135,57,Karnataka,Salaried,Under Graduate,1435841,622
CUST04136,Customer_04136,39,Haryana,Salaried,Graduate,1262919,743
CUST04137,Customer_04137,49,Maharashtra,Business,Post Graduate,1947788,745
CUST04138,Customer_04138,27,Uttar Pradesh,Salaried,Graduate,336480,706
CUST04139,Customer_04139,48,Haryana,Salaried,Post Graduate,2319481,735
CUST04140,Customer_04140,29,Madhya Pradesh,Salaried,Post Graduate,1240670,798
CUST04141,Customer_04141,48,Uttar Pradesh,Business,Graduate,516439,754
CUST04142,Customer_04142,26,Madhya Pradesh,Business,Post Graduate,1964232,604
CUST04143,Customer_04143,49,Rajasthan,Salaried,Post Graduate,1666748,650
CUST04144,Customer_04144,37,Delhi,Salaried,Graduate,2280339,676
CUST04145,Customer_04145,36,Maharashtra,Salaried,Graduate,2228598,646
CUST04146,Customer_04146,43,Rajasthan,Self-Employed,Under Graduate,1537106,586
CUST04147,Customer_04147,51,Uttar Pradesh,Business,Under Graduate,1400651,761
CUST04148,Customer_04148,23,West Bengal,Salaried,Post Graduate,1228457,631
CUST04149,Customer_04149,41,Delhi,Self-Employed,Graduate,2206953,782
CUST04150,Customer_04150,46,Delhi,Salaried,Graduate,2098809,569
CUST04151,Customer_04151,56,Gujarat,Self-Employed,Post Graduate,939816,748
CUST04152,Customer_04152,57,Bihar,Self-Employed,Graduate,2431964,754
CUST04153,Customer_04153,42,Karnataka,Professional,Graduate,1941660,707
CUST04154,Customer_04154,32,Uttar Pradesh,Salaried,Graduate,1283490,671
CUST04155,Customer_04155,33,Haryana,Self-Employed,Graduate,361882,689
CUST04156,Customer_04156,31,Maharashtra,Salaried,Graduate,2218198,691
CUST04157,Customer_04157,36,Bihar,Salaried,Graduate,2104965,725
CUST04158,Customer_04158,28,Rajasthan,Salaried,Graduate,1995870,677
CUST04159,Customer_04159,60,Haryana,Salaried,Under Graduate,1034950,688
CUST04160,Customer_04160,60,Haryana,Salaried,Graduate,2302603,715
CUST04161,Customer_04161,22,Madhya Pradesh,Professional,Graduate,351667,692
CUST04162,Customer_04162,50,Bihar,Self-Employed,Post Graduate,1572667,623
CUST04163,Customer_04163,50,West Bengal,Salaried,Graduate,1294747,631
CUST04164,Customer_04164,32,Maharashtra,Salaried,Graduate,2189164,684
CUST04165,Customer_04165,30,Haryana,Salaried,Graduate,2071685,560
CUST04166,Customer_04166,31,Madhya Pradesh,Salaried,Post Graduate,2077657,679
CUST04167,Customer_04167,35,Bihar,Salaried,Post Graduate,597015,703
CUST04168,Customer_04168,36,Uttar Pradesh,Self-Employed,Graduate,734937,683
CUST04169,Customer_04169,37,Rajasthan,Professional,Post Graduate,831592,724
CUST04170,Customer_04170,46,Maharashtra,Self-Employed,Under Graduate,1707426,705
CUST04171,Customer_04171,22,Uttar Pradesh,Self-Employed,Graduate,1354532,754
CUST04172,Customer_04172,32,Uttar Pradesh,Business,Post Graduate,559227,702
CUST04173,Customer_04173,46,Bihar,Salaried,Graduate,1975330,835
CUST04174,Customer_04174,43,Madhya Pradesh,Salaried,Graduate,2176785,692
CUST04175,Customer_04175,38,Haryana,Self-Employed,Graduate,1874114,747
CUST04176,Customer_04176,52,Maharashtra,Business,Post Graduate,2482342,676
CUST04177,Customer_04177,58,Bihar,Self-Employed,Post Graduate,1402551,693
CUST04178,Customer_04178,23,Bihar,Salaried,Post Graduate,1234708,619
CUST04179,Customer_04179,58,Rajasthan,Professional,Graduate,2262718,682
CUST04180,Customer_04180,23,Haryana,Salaried,Graduate,608621,628
CUST04181,Customer_04181,50,Madhya Pradesh,Business,Post Graduate,1529455,776
CUST04182,Customer_04182,21,Haryana,Business,Graduate,1662466,704
CUST04183,Customer_04183,50,Rajasthan,Salaried,Graduate,1416291,733
CUST04184,Customer_04184,52,Madhya Pradesh,Business,Graduate,2160533,559
CUST04185,Customer_04185,48,Rajasthan,Business,Graduate,1821938,568
CUST04186,Customer_04186,41,Haryana,Professional,Graduate,1231323,666
CUST04187,Customer_04187,33,Karnataka,Salaried,Post Graduate,810657,583
CUST04188,Customer_04188,47,Gujarat,Professional,Graduate,1952337,478
CUST04189,Customer_04189,56,Haryana,Salaried,Post Graduate,2236450,750
CUST04190,Customer_04190,27,Uttar Pradesh,Business,Graduate,374626,714
CUST04191,Customer_04191,42,Karnataka,Salaried,Under Graduate,2485620,630
CUST04192,Customer_04192,30,Maharashtra,Salaried,Graduate,1684781,699
CUST04193,Customer_04193,59,Maharashtra,Salaried,Under Graduate,344986,828
CUST04194,Customer_04194,35,Uttar Pradesh,Salaried,Graduate,725356,620
CUST04195,Customer_04195,35,West Bengal,Salaried,Post Graduate,1928944,758
CUST04196,Customer_04196,24,Karnataka,Salaried,Graduate,2453781,656
CUST04197,Customer_04197,52,Karnataka,Salaried,Post Graduate,443036,644
CUST04198,Customer_04198,43,Haryana,Salaried,Graduate,2398668,596
CUST04199,Customer_04199,26,Rajasthan,Salaried,Graduate,2113671,701
CUST04200,Customer_04200,44,Karnataka,Salaried,Graduate,1180912,750
CUST04201,Customer_04201,40,West Bengal,Business,Under Graduate,1227071,713
CUST04202,Customer_04202,57,Rajasthan,Self-Employed,Graduate,1670167,674
CUST04203,Customer_04203,40,Uttar Pradesh,Salaried,Post Graduate,1578400,641
CUST04204,Customer_04204,32,Gujarat,Self-Employed,Under Graduate,1671234,820
CUST04205,Customer_04205,53,West Bengal,Business,Graduate,420594,648
CUST04206,Customer_04206,48,Karnataka,Salaried,Under Graduate,987771,648
CUST04207,Customer_04207,28,Karnataka,Salaried,Graduate,1284668,573
CUST04208,Customer_04208,21,West Bengal,Self-Employed,Under Graduate,1840458,821
CUST04209,Customer_04209,57,Karnataka,Professional,Under Graduate,1578904,563
CUST04210,Customer_04210,42,Delhi,Self-Employed,Under Graduate,1103839,761
CUST04211,Customer_04211,26,Delhi,Business,Graduate,912635,735
CUST04212,Customer_04212,41,Maharashtra,Salaried,Under Graduate,824449,654
CUST04213,Customer_04213,52,Gujarat,Business,Graduate,1140868,707
CUST04214,Customer_04214,55,Rajasthan,Salaried,Graduate,1523967,725
CUST04215,Customer_04215,35,Karnataka,Salaried,Graduate,2216808,850
CUST04216,Customer_04216,25,Rajasthan,Self-Employed,Graduate,2059730,822
CUST04217,Customer_04217,26,Uttar Pradesh,Professional,Post Graduate,587518,745
CUST04218,Customer_04218,45,Uttar Pradesh,Salaried,Graduate,617553,709
CUST04219,Customer_04219,60,Gujarat,Salaried,Under Graduate,262836,740
CUST04220,Customer_04220,49,Madhya Pradesh,Business,Post Graduate,561729,708
CUST04221,Customer_04221,27,Bihar,Self-Employed,Under Graduate,2205495,717
CUST04222,Customer_04222,60,Uttar Pradesh,Salaried,Under Graduate,255087,641
CUST04223,Customer_04223,33,Rajasthan,Salaried,Post Graduate,2464850,685
CUST04224,Customer_04224,58,Uttar Pradesh,Salaried,Graduate,1004174,748
CUST04225,Customer_04225,38,Bihar,Self-Employed,Graduate,1370661,694
CUST04226,Customer_04226,22,Bihar,Business,Graduate,1404933,727
CUST04227,Customer_04227,28,Rajasthan,Salaried,Graduate,909790,651
CUST04228,Customer_04228,31,Rajasthan,Business,Graduate,1114005,686
CUST04229,Customer_04229,53,Maharashtra,Salaried,Post Graduate,1479379,597
CUST04230,Customer_04230,58,Karnataka,Salaried,Graduate,550600,749
CUST04231,Customer_04231,47,Bihar,Self-Employed,Graduate,1483299,558
CUST04232,Customer_04232,40,Maharashtra,Self-Employed,Graduate,1178540,726
CUST04233,Customer_04233,32,Uttar Pradesh,Salaried,Graduate,208784,587
CUST04234,Customer_04234,51,Bihar,Business,Post Graduate,286594,619
CUST04235,Customer_04235,47,Uttar Pradesh,Business,Post Graduate,1065782,616
CUST04236,Customer_04236,52,Uttar Pradesh,Salaried,Under Graduate,293260,754
CUST04237,Customer_04237,30,Madhya Pradesh,Salaried,Graduate,414758,599
CUST04238,Customer_04238,23,Madhya Pradesh,Salaried,Graduate,1641979,676
CUST04239,Customer_04239,47,Rajasthan,Business,Graduate,2067915,659
CUST04240,Customer_04240,55,Delhi,Salaried,Under Graduate,401789,671
CUST04241,Customer_04241,51,Uttar Pradesh,Business,Graduate,313241,746
CUST04242,Customer_04242,35,West Bengal,Self-Employed,Graduate,1430603,680
CUST04243,Customer_04243,36,Uttar Pradesh,Business,Graduate,1957683,679
CUST04244,Customer_04244,33,Gujarat,Self-Employed,Graduate,2003261,622
CUST04245,Customer_04245,55,Uttar Pradesh,Salaried,Graduate,2428568,619
CUST04246,Customer_04246,31,Karnataka,Professional,Post Graduate,648267,585
CUST04247,Customer_04247,41,Rajasthan,Business,Post Graduate,2149621,663
CUST04248,Customer_04248,31,Uttar Pradesh,Self-Employed,Graduate,1546993,801
CUST04249,Customer_04249,50,Madhya Pradesh,Self-Employed,Graduate,2402191,703
CUST04250,Customer_04250,55,Uttar Pradesh,Self-Employed,Graduate,2005930,694
CUST04251,Customer_04251,42,Delhi,Salaried,Post Graduate,997049,573
CUST04252,Customer_04252,58,Gujarat,Salaried,Under Graduate,667281,774
CUST04253,Customer_04253,51,Maharashtra,Salaried,Under Graduate,262859,810
CUST04254,Customer_04254,34,Bihar,Professional,Graduate,1483171,627
CUST04255,Customer_04255,44,Uttar Pradesh,Self-Employed,Post Graduate,440425,617
CUST04256,Customer_04256,52,Gujarat,Salaried,Under Graduate,647128,798
CUST04257,Customer_04257,56,Bihar,Self-Employed,Post Graduate,689734,719
CUST04258,Customer_04258,52,Madhya Pradesh,Salaried,Graduate,1132057,819
CUST04259,Customer_04259,35,West Bengal,Salaried,Post Graduate,1334909,778
CUST04260,Customer_04260,55,Maharashtra,Salaried,Post Graduate,1410181,546
CUST04261,Customer_04261,23,West Bengal,Self-Employed,Graduate,245897,809
CUST04262,Customer_04262,36,Gujarat,Professional,Graduate,951107,700
CUST04263,Customer_04263,25,Maharashtra,Professional,Post Graduate,991523,692
CUST04264,Customer_04264,41,Rajasthan,Salaried,Under Graduate,284169,692
CUST04265,Customer_04265,30,Delhi,Self-Employed,Under Graduate,860265,684
CUST04266,Customer_04266,39,Rajasthan,Business,Graduate,1710124,576
CUST04267,Customer_04267,45,Uttar Pradesh,Salaried,Post Graduate,576357,794
CUST04268,Customer_04268,24,Uttar Pradesh,Business,Graduate,2331942,648
CUST04269,Customer_04269,49,Haryana,Business,Under Graduate,1969595,667
CUST04270,Customer_04270,39,Gujarat,Self-Employed,Graduate,619226,733
CUST04271,Customer_04271,22,Madhya Pradesh,Salaried,Graduate,309401,821
CUST04272,Customer_04272,30,Uttar Pradesh,Professional,Graduate,1572932,684
CUST04273,Customer_04273,45,Haryana,Business,Post Graduate,873533,705
CUST04274,Customer_04274,40,West Bengal,Business,Graduate,1114247,795
CUST04275,Customer_04275,39,Uttar Pradesh,Salaried,Post Graduate,1754473,732
CUST04276,Customer_04276,43,Uttar Pradesh,Business,Graduate,2311280,725
CUST04277,Customer_04277,44,Karnataka,Salaried,Graduate,2049696,473
CUST04278,Customer_04278,31,Haryana,Salaried,Graduate,296199,668
CUST04279,Customer_04279,54,Madhya Pradesh,Self-Employed,Graduate,1940634,703
CUST04280,Customer_04280,48,West Bengal,Professional,Graduate,2300023,702
CUST04281,Customer_04281,25,Gujarat,Business,Post Graduate,1211956,759
CUST04282,Customer_04282,25,Maharashtra,Business,Graduate,659849,598
CUST04283,Customer_04283,41,Delhi,Self-Employed,Graduate,1513023,613
CUST04284,Customer_04284,32,Gujarat,Salaried,Graduate,1580569,763
CUST04285,Customer_04285,24,West Bengal,Business,Graduate,377004,772
CUST04286,Customer_04286,40,Maharashtra,Self-Employed,Graduate,1849540,612
CUST04287,Customer_04287,58,Madhya Pradesh,Business,Under Graduate,234827,710
CUST04288,Customer_04288,45,Haryana,Self-Employed,Graduate,1000711,672
CUST04289,Customer_04289,34,Bihar,Business,Post Graduate,765988,642
CUST04290,Customer_04290,31,Bihar,Business,Post Graduate,575908,600
CUST04291,Customer_04291,52,Karnataka,Salaried,Graduate,441787,623
CUST04292,Customer_04292,31,Bihar,Salaried,Post Graduate,1714656,628
CUST04293,Customer_04293,38,Gujarat,Salaried,Graduate,580855,806
CUST04294,Customer_04294,47,Karnataka,Professional,Graduate,884121,727
CUST04295,Customer_04295,38,Maharashtra,Self-Employed,Post Graduate,1162673,711
CUST04296,Customer_04296,43,West Bengal,Business,Post Graduate,683447,606
CUST04297,Customer_04297,31,Gujarat,Salaried,Under Graduate,1863099,789
CUST04298,Customer_04298,41,Rajasthan,Business,Post Graduate,1697996,798
CUST04299,Customer_04299,25,Rajasthan,Self-Employed,Graduate,2066068,708
CUST04300,Customer_04300,43,West Bengal,Salaried,Post Graduate,273011,700
CUST04301,Customer_04301,45,Maharashtra,Professional,Post Graduate,1720154,700
CUST04302,Customer_04302,30,Maharashtra,Salaried,Post Graduate,1183347,746
CUST04303,Customer_04303,42,Maharashtra,Salaried,Under Graduate,328072,580
CUST04304,Customer_04304,39,Maharashtra,Salaried,Under Graduate,325164,610
CUST04305,Customer_04305,21,Rajasthan,Salaried,Graduate,824759,630
CUST04306,Customer_04306,27,West Bengal,Self-Employed,Graduate,2426319,655
CUST04307,Customer_04307,24,Karnataka,Salaried,Post Graduate,902238,713
CUST04308,Customer_04308,21,Bihar,Business,Post Graduate,1135024,766
CUST04309,Customer_04309,35,Bihar,Salaried,Post Graduate,348772,760
CUST04310,Customer_04310,60,Gujarat,Self-Employed,Graduate,2490877,572
CUST04311,Customer_04311,32,Uttar Pradesh,Self-Employed,Graduate,2351848,832
CUST04312,Customer_04312,42,Haryana,Business,Graduate,1646505,850
CUST04313,Customer_04313,42,Karnataka,Salaried,Post Graduate,1337269,813
CUST04314,Customer_04314,37,Karnataka,Professional,Graduate,1520172,638
CUST04315,Customer_04315,49,Bihar,Self-Employed,Post Graduate,2212208,653
CUST04316,Customer_04316,34,Rajasthan,Salaried,Under Graduate,1168736,572
CUST04317,Customer_04317,40,Uttar Pradesh,Salaried,Graduate,657483,711
CUST04318,Customer_04318,53,Bihar,Salaried,Graduate,591046,710
CUST04319,Customer_04319,35,Rajasthan,Business,Graduate,642077,663
CUST04320,Customer_04320,32,Karnataka,Salaried,Graduate,743703,621
CUST04321,Customer_04321,60,Karnataka,Salaried,Graduate,1213528,707
CUST04322,Customer_04322,40,West Bengal,Salaried,Graduate,201781,677
CUST04323,Customer_04323,50,Karnataka,Salaried,Graduate,188993,719
CUST04324,Customer_04324,58,Uttar Pradesh,Business,Graduate,1924776,807
CUST04325,Customer_04325,23,Gujarat,Self-Employed,Post Graduate,1047121,740
CUST04326,Customer_04326,48,Uttar Pradesh,Salaried,Under Graduate,2025557,708
CUST04327,Customer_04327,46,Maharashtra,Salaried,Graduate,1727685,705
CUST04328,Customer_04328,50,Madhya Pradesh,Salaried,Under Graduate,1696115,612
CUST04329,Customer_04329,33,Gujarat,Business,Graduate,345887,686
CUST04330,Customer_04330,33,Gujarat,Business,Graduate,286522,713
CUST04331,Customer_04331,22,Uttar Pradesh,Salaried,Post Graduate,1919132,759
CUST04332,Customer_04332,57,Uttar Pradesh,Salaried,Graduate,1659999,740
CUST04333,Customer_04333,58,Uttar Pradesh,Salaried,Graduate,300004,671
CUST04334,Customer_04334,22,Uttar Pradesh,Professional,Graduate,1098240,793
CUST04335,Customer_04335,56,Uttar Pradesh,Self-Employed,Under Graduate,2327602,544
CUST04336,Customer_04336,46,Gujarat,Salaried,Graduate,263011,733
CUST04337,Customer_04337,31,Haryana,Salaried,Post Graduate,1490952,618
CUST04338,Customer_04338,28,Bihar,Salaried,Post Graduate,1015805,805
CUST04339,Customer_04339,60,Gujarat,Self-Employed,Graduate,1136027,764
CUST04340,Customer_04340,42,Maharashtra,Salaried,Graduate,901831,580
CUST04341,Customer_04341,40,West Bengal,Salaried,Graduate,1253090,615
CUST04342,Customer_04342,28,Bihar,Self-Employed,Graduate,318639,560
CUST04343,Customer_04343,49,Haryana,Salaried,Graduate,419879,747
CUST04344,Customer_04344,60,West Bengal,Self-Employed,Graduate,1753228,724
CUST04345,Customer_04345,46,Karnataka,Salaried,Graduate,212378,758
CUST04346,Customer_04346,50,Uttar Pradesh,Business,Graduate,319719,490
CUST04347,Customer_04347,37,Gujarat,Salaried,Graduate,703928,628
CUST04348,Customer_04348,40,Uttar Pradesh,Professional,Graduate,1636632,745
CUST04349,Customer_04349,36,Uttar Pradesh,Salaried,Under Graduate,2060391,786
CUST04350,Customer_04350,27,Uttar Pradesh,Salaried,Graduate,2242827,664
CUST04351,Customer_04351,36,Karnataka,Business,Post Graduate,361691,712
CUST04352,Customer_04352,47,Karnataka,Business,Under Graduate,298463,749
CUST04353,Customer_04353,43,Maharashtra,Salaried,Graduate,1080322,806
CUST04354,Customer_04354,44,Madhya Pradesh,Professional,Graduate,1315157,573
CUST04355,Customer_04355,29,West Bengal,Salaried,Graduate,720174,674
CUST04356,Customer_04356,55,Rajasthan,Self-Employed,Under Graduate,1712723,576
CUST04357,Customer_04357,40,Bihar,Salaried,Post Graduate,542162,724
CUST04358,Customer_04358,57,Rajasthan,Salaried,Graduate,489665,581
CUST04359,Customer_04359,37,Haryana,Self-Employed,Post Graduate,1364868,690
CUST04360,Customer_04360,51,Rajasthan,Self-Employed,Post Graduate,276663,699
CUST04361,Customer_04361,28,Haryana,Self-Employed,Graduate,2450612,629
CUST04362,Customer_04362,35,Rajasthan,Self-Employed,Post Graduate,1338662,765
CUST04363,Customer_04363,51,Maharashtra,Professional,Post Graduate,900567,708
CUST04364,Customer_04364,50,Bihar,Salaried,Graduate,1203818,694
CUST04365,Customer_04365,40,Uttar Pradesh,Salaried,Under Graduate,1155691,638
CUST04366,Customer_04366,59,Rajasthan,Business,Graduate,2420546,675
CUST04367,Customer_04367,32,Uttar Pradesh,Salaried,Post Graduate,1824542,622
CUST04368,Customer_04368,37,Haryana,Self-Employed,Graduate,1718201,666
CUST04369,Customer_04369,50,Bihar,Self-Employed,Under Graduate,1772383,691
CUST04370,Customer_04370,49,Delhi,Salaried,Post Graduate,1594902,850
CUST04371,Customer_04371,39,West Bengal,Professional,Post Graduate,629401,684
CUST04372,Customer_04372,31,Haryana,Salaried,Under Graduate,2189655,637
CUST04373,Customer_04373,54,West Bengal,Salaried,Graduate,430084,594
CUST04374,Customer_04374,27,Madhya Pradesh,Salaried,Graduate,1168111,738
CUST04375,Customer_04375,54,Uttar Pradesh,Salaried,Graduate,1871531,612
CUST04376,Customer_04376,40,West Bengal,Salaried,Graduate,1784584,719
CUST04377,Customer_04377,58,Karnataka,Self-Employed,Graduate,296199,794
CUST04378,Customer_04378,44,Karnataka,Business,Post Graduate,2036292,747
CUST04379,Customer_04379,30,Gujarat,Business,Post Graduate,1102163,620
CUST04380,Customer_04380,52,Gujarat,Salaried,Graduate,707250,708
CUST04381,Customer_04381,35,Uttar Pradesh,Salaried,Under Graduate,407342,787
CUST04382,Customer_04382,57,Delhi,Professional,Post Graduate,2400885,715
CUST04383,Customer_04383,40,Uttar Pradesh,Salaried,Under Graduate,1896563,675
CUST04384,Customer_04384,23,Maharashtra,Professional,Under Graduate,1081299,757
CUST04385,Customer_04385,57,Madhya Pradesh,Business,Graduate,309238,728
CUST04386,Customer_04386,60,Rajasthan,Professional,Post Graduate,2472780,700
CUST04387,Customer_04387,28,Uttar Pradesh,Salaried,Graduate,1095024,741
CUST04388,Customer_04388,60,Haryana,Salaried,Under Graduate,256764,712
CUST04389,Customer_04389,43,Karnataka,Self-Employed,Post Graduate,1876308,655
CUST04390,Customer_04390,60,Gujarat,Business,Graduate,528117,705
CUST04391,Customer_04391,31,Madhya Pradesh,Salaried,Under Graduate,839824,671
CUST04392,Customer_04392,28,West Bengal,Business,Post Graduate,1722802,776
CUST04393,Customer_04393,49,Uttar Pradesh,Salaried,Under Graduate,2192237,670
CUST04394,Customer_04394,50,Delhi,Self-Employed,Graduate,2223774,670
CUST04395,Customer_04395,30,Uttar Pradesh,Business,Under Graduate,1503366,752
CUST04396,Customer_04396,59,Bihar,Salaried,Post Graduate,2428534,673
CUST04397,Customer_04397,48,Madhya Pradesh,Salaried,Post Graduate,2442632,697
CUST04398,Customer_04398,56,Delhi,Salaried,Under Graduate,1357089,664
CUST04399,Customer_04399,33,Uttar Pradesh,Salaried,Post Graduate,722322,631
CUST04400,Customer_04400,52,Maharashtra,Salaried,Post Graduate,2072854,668
CUST04401,Customer_04401,56,Madhya Pradesh,Salaried,Graduate,1046335,644
CUST04402,Customer_04402,57,Madhya Pradesh,Salaried,Under Graduate,1436825,850
CUST04403,Customer_04403,46,Gujarat,Business,Post Graduate,1938854,669
CUST04404,Customer_04404,42,Maharashtra,Professional,Under Graduate,1831139,654
CUST04405,Customer_04405,24,Madhya Pradesh,Salaried,Graduate,805878,755
CUST04406,Customer_04406,51,Maharashtra,Salaried,Graduate,1637235,751
CUST04407,Customer_04407,38,Maharashtra,Salaried,Graduate,456885,622
CUST04408,Customer_04408,58,Madhya Pradesh,Business,Post Graduate,2104202,707
CUST04409,Customer_04409,44,Gujarat,Self-Employed,Graduate,1178888,670
CUST04410,Customer_04410,43,Uttar Pradesh,Professional,Graduate,196740,711
CUST04411,Customer_04411,42,Uttar Pradesh,Salaried,Post Graduate,1701794,670
CUST04412,Customer_04412,22,Madhya Pradesh,Business,Graduate,504629,535
CUST04413,Customer_04413,51,Maharashtra,Self-Employed,Under Graduate,1638771,731
CUST04414,Customer_04414,31,Bihar,Professional,Graduate,394616,724
CUST04415,Customer_04415,48,Bihar,Self-Employed,Under Graduate,1488897,597
CUST04416,Customer_04416,52,Uttar Pradesh,Salaried,Graduate,764073,765
CUST04417,Customer_04417,25,Uttar Pradesh,Self-Employed,Graduate,545414,765
CUST04418,Customer_04418,58,Karnataka,Business,Graduate,2157444,780
CUST04419,Customer_04419,30,Delhi,Salaried,Post Graduate,315025,574
CUST04420,Customer_04420,60,Gujarat,Salaried,Graduate,2268083,753
CUST04421,Customer_04421,44,Madhya Pradesh,Salaried,Graduate,1646236,627
CUST04422,Customer_04422,55,Gujarat,Salaried,Under Graduate,1362218,598
CUST04423,Customer_04423,43,West Bengal,Salaried,Graduate,327548,651
CUST04424,Customer_04424,37,Gujarat,Professional,Post Graduate,1610307,673
CUST04425,Customer_04425,21,Maharashtra,Self-Employed,Post Graduate,1894328,652
CUST04426,Customer_04426,51,Madhya Pradesh,Self-Employed,Graduate,2486401,779
CUST04427,Customer_04427,51,Rajasthan,Self-Employed,Post Graduate,744797,612
CUST04428,Customer_04428,54,Madhya Pradesh,Business,Post Graduate,1778422,763
CUST04429,Customer_04429,29,Rajasthan,Professional,Graduate,1329844,658
CUST04430,Customer_04430,42,Karnataka,Self-Employed,Graduate,2468530,697
CUST04431,Customer_04431,33,Gujarat,Self-Employed,Under Graduate,2286454,669
CUST04432,Customer_04432,45,Maharashtra,Salaried,Graduate,579570,629
CUST04433,Customer_04433,38,Uttar Pradesh,Salaried,Graduate,598174,628
CUST04434,Customer_04434,32,Bihar,Salaried,Post Graduate,2443910,592
CUST04435,Customer_04435,60,Uttar Pradesh,Salaried,Graduate,2298660,585
CUST04436,Customer_04436,37,Maharashtra,Self-Employed,Under Graduate,1962859,677
CUST04437,Customer_04437,35,Bihar,Self-Employed,Graduate,2225955,793
CUST04438,Customer_04438,35,Bihar,Salaried,Graduate,2403475,606
CUST04439,Customer_04439,35,West Bengal,Professional,Post Graduate,1409906,703
CUST04440,Customer_04440,59,Maharashtra,Salaried,Graduate,725708,679
CUST04441,Customer_04441,33,Maharashtra,Self-Employed,Post Graduate,2121934,787
CUST04442,Customer_04442,37,Uttar Pradesh,Business,Under Graduate,920823,726
CUST04443,Customer_04443,52,Rajasthan,Self-Employed,Graduate,1289353,641
CUST04444,Customer_04444,29,Uttar Pradesh,Salaried,Graduate,485563,601
CUST04445,Customer_04445,60,Madhya Pradesh,Business,Graduate,717841,545
CUST04446,Customer_04446,40,Uttar Pradesh,Salaried,Under Graduate,544175,633
CUST04447,Customer_04447,46,Madhya Pradesh,Self-Employed,Graduate,2205546,850
CUST04448,Customer_04448,47,Haryana,Salaried,Graduate,608842,646
CUST04449,Customer_04449,41,Uttar Pradesh,Self-Employed,Post Graduate,442870,549
CUST04450,Customer_04450,38,Bihar,Salaried,Graduate,427541,566
CUST04451,Customer_04451,33,Rajasthan,Business,Graduate,1376368,809
CUST04452,Customer_04452,36,Haryana,Salaried,Under Graduate,658738,657
CUST04453,Customer_04453,29,Rajasthan,Business,Graduate,1726179,720
CUST04454,Customer_04454,32,Madhya Pradesh,Business,Graduate,1646953,713
CUST04455,Customer_04455,58,Haryana,Salaried,Graduate,788122,643
CUST04456,Customer_04456,39,Madhya Pradesh,Salaried,Under Graduate,579442,655
CUST04457,Customer_04457,27,Bihar,Business,Graduate,423363,620
CUST04458,Customer_04458,55,Uttar Pradesh,Salaried,Graduate,2091101,553
CUST04459,Customer_04459,38,Delhi,Salaried,Graduate,2087366,767
CUST04460,Customer_04460,36,Karnataka,Salaried,Under Graduate,1541523,750
CUST04461,Customer_04461,59,West Bengal,Self-Employed,Graduate,1489371,689
CUST04462,Customer_04462,24,Karnataka,Salaried,Graduate,869918,696
CUST04463,Customer_04463,45,Haryana,Salaried,Post Graduate,1690209,764
CUST04464,Customer_04464,52,Gujarat,Self-Employed,Graduate,971975,519
CUST04465,Customer_04465,60,Haryana,Salaried,Post Graduate,755506,729
CUST04466,Customer_04466,33,Rajasthan,Salaried,Post Graduate,587350,767
CUST04467,Customer_04467,37,Madhya Pradesh,Professional,Graduate,822927,832
CUST04468,Customer_04468,57,Bihar,Self-Employed,Post Graduate,1963811,760
CUST04469,Customer_04469,26,Bihar,Salaried,Graduate,342258,810
CUST04470,Customer_04470,39,Delhi,Salaried,Graduate,2435037,674
CUST04471,Customer_04471,33,Rajasthan,Self-Employed,Post Graduate,525868,691
CUST04472,Customer_04472,46,Maharashtra,Salaried,Graduate,773149,629
CUST04473,Customer_04473,34,Maharashtra,Professional,Graduate,317045,644
CUST04474,Customer_04474,51,Karnataka,Self-Employed,Graduate,2217826,761
CUST04475,Customer_04475,24,Gujarat,Professional,Under Graduate,281661,723
CUST04476,Customer_04476,59,Madhya Pradesh,Business,Under Graduate,2490275,730
CUST04477,Customer_04477,28,Bihar,Self-Employed,Graduate,1441098,575
CUST04478,Customer_04478,45,Rajasthan,Self-Employed,Graduate,665980,727
CUST04479,Customer_04479,33,Uttar Pradesh,Business,Under Graduate,2382540,793
CUST04480,Customer_04480,52,Rajasthan,Self-Employed,Graduate,836352,724
CUST04481,Customer_04481,58,Haryana,Salaried,Graduate,1055750,618
CUST04482,Customer_04482,58,Bihar,Self-Employed,Post Graduate,2041343,687
CUST04483,Customer_04483,48,Bihar,Salaried,Graduate,1165636,797
CUST04484,Customer_04484,50,Uttar Pradesh,Business,Post Graduate,1977147,714
CUST04485,Customer_04485,23,Rajasthan,Self-Employed,Under Graduate,1998269,785
CUST04486,Customer_04486,48,Uttar Pradesh,Professional,Graduate,1516197,834
CUST04487,Customer_04487,23,Madhya Pradesh,Self-Employed,Post Graduate,363708,676
CUST04488,Customer_04488,54,Rajasthan,Business,Post Graduate,1299702,611
CUST04489,Customer_04489,36,Haryana,Salaried,Under Graduate,482149,653
CUST04490,Customer_04490,42,Madhya Pradesh,Salaried,Graduate,389237,835
CUST04491,Customer_04491,52,Bihar,Professional,Under Graduate,2386789,753
CUST04492,Customer_04492,58,Rajasthan,Business,Graduate,1338404,709
CUST04493,Customer_04493,28,Gujarat,Self-Employed,Graduate,420147,771
CUST04494,Customer_04494,28,Uttar Pradesh,Salaried,Graduate,1073303,657
CUST04495,Customer_04495,26,Gujarat,Self-Employed,Under Graduate,450513,666
CUST04496,Customer_04496,34,Karnataka,Business,Graduate,1179658,638
CUST04497,Customer_04497,52,Maharashtra,Salaried,Under Graduate,2263680,850
CUST04498,Customer_04498,55,Gujarat,Business,Graduate,1986118,705
CUST04499,Customer_04499,30,Haryana,Salaried,Under Graduate,2275143,683
CUST04500,Customer_04500,23,Rajasthan,Salaried,Graduate,1709118,707
CUST04501,Customer_04501,32,Delhi,Business,Graduate,181282,684
CUST04502,Customer_04502,51,Maharashtra,Salaried,Post Graduate,392434,626
CUST04503,Customer_04503,49,Maharashtra,Salaried,Graduate,1377295,771
CUST04504,Customer_04504,25,Gujarat,Business,Graduate,1453334,564
CUST04505,Customer_04505,45,Gujarat,Business,Post Graduate,1710821,706
CUST04506,Customer_04506,51,West Bengal,Salaried,Graduate,1559639,738
CUST04507,Customer_04507,41,Maharashtra,Professional,Post Graduate,1727371,576
CUST04508,Customer_04508,40,Rajasthan,Salaried,Graduate,2173534,725
CUST04509,Customer_04509,59,Maharashtra,Professional,Graduate,2408253,657
CUST04510,Customer_04510,42,Uttar Pradesh,Business,Under Graduate,1409108,567
CUST04511,Customer_04511,24,Bihar,Salaried,Graduate,2260904,704
CUST04512,Customer_04512,33,Bihar,Salaried,Post Graduate,648398,760
CUST04513,Customer_04513,40,Maharashtra,Salaried,Graduate,739659,850
CUST04514,Customer_04514,33,Maharashtra,Salaried,Graduate,2014234,661
CUST04515,Customer_04515,37,Bihar,Self-Employed,Graduate,182480,727
CUST04516,Customer_04516,56,West Bengal,Salaried,Graduate,2286190,760
CUST04517,Customer_04517,53,Haryana,Salaried,Graduate,1777646,700
CUST04518,Customer_04518,21,Uttar Pradesh,Business,Graduate,1026269,745
CUST04519,Customer_04519,35,Karnataka,Salaried,Graduate,2362202,658
CUST04520,Customer_04520,33,Gujarat,Self-Employed,Graduate,2457322,677
CUST04521,Customer_04521,37,Karnataka,Salaried,Under Graduate,1054826,596
CUST04522,Customer_04522,44,Bihar,Business,Graduate,2363763,662
CUST04523,Customer_04523,28,Rajasthan,Self-Employed,Post Graduate,1251628,566
CUST04524,Customer_04524,47,Karnataka,Business,Graduate,1655687,573
CUST04525,Customer_04525,43,Maharashtra,Salaried,Under Graduate,1077875,756
CUST04526,Customer_04526,28,Karnataka,Salaried,Graduate,1468549,593
CUST04527,Customer_04527,28,Haryana,Salaried,Graduate,2363922,760
CUST04528,Customer_04528,46,West Bengal,Salaried,Graduate,467268,678
CUST04529,Customer_04529,33,Bihar,Salaried,Graduate,724617,678
CUST04530,Customer_04530,59,Maharashtra,Self-Employed,Under Graduate,1471616,634
CUST04531,Customer_04531,57,Bihar,Self-Employed,Graduate,1606795,688
CUST04532,Customer_04532,48,West Bengal,Business,Under Graduate,1647174,806
CUST04533,Customer_04533,45,Bihar,Salaried,Under Graduate,2475687,636
CUST04534,Customer_04534,36,Madhya Pradesh,Self-Employed,Graduate,1190749,664
CUST04535,Customer_04535,22,Bihar,Professional,Graduate,925254,749
CUST04536,Customer_04536,38,Bihar,Self-Employed,Under Graduate,853489,603
CUST04537,Customer_04537,37,Maharashtra,Self-Employed,Graduate,1537078,596
CUST04538,Customer_04538,50,Madhya Pradesh,Professional,Post Graduate,1284010,686
CUST04539,Customer_04539,59,Haryana,Professional,Under Graduate,1496691,780
CUST04540,Customer_04540,33,Uttar Pradesh,Salaried,Post Graduate,2426674,683
CUST04541,Customer_04541,52,Karnataka,Self-Employed,Post Graduate,194656,669
CUST04542,Customer_04542,49,Gujarat,Self-Employed,Under Graduate,1531774,687
CUST04543,Customer_04543,50,Madhya Pradesh,Business,Post Graduate,1720225,683
CUST04544,Customer_04544,38,Gujarat,Professional,Graduate,187272,641
CUST04545,Customer_04545,33,Maharashtra,Salaried,Graduate,1530576,760
CUST04546,Customer_04546,41,Bihar,Business,Post Graduate,2083812,707
CUST04547,Customer_04547,50,Haryana,Self-Employed,Under Graduate,1730595,652
CUST04548,Customer_04548,41,Maharashtra,Salaried,Graduate,2181958,695
CUST04549,Customer_04549,37,Rajasthan,Business,Graduate,1248532,666
CUST04550,Customer_04550,60,Uttar Pradesh,Salaried,Graduate,762448,583
CUST04551,Customer_04551,39,Delhi,Salaried,Under Graduate,1645474,850
CUST04552,Customer_04552,35,Bihar,Professional,Graduate,1456057,700
CUST04553,Customer_04553,29,Rajasthan,Salaried,Post Graduate,621664,615
CUST04554,Customer_04554,30,Uttar Pradesh,Self-Employed,Under Graduate,739225,604
CUST04555,Customer_04555,51,West Bengal,Business,Graduate,328212,579
CUST04556,Customer_04556,43,Maharashtra,Professional,Under Graduate,1655727,635
CUST04557,Customer_04557,50,Gujarat,Business,Under Graduate,1395010,601
CUST04558,Customer_04558,53,Madhya Pradesh,Self-Employed,Under Graduate,2233330,674
CUST04559,Customer_04559,29,Haryana,Self-Employed,Graduate,416702,813
CUST04560,Customer_04560,21,Maharashtra,Salaried,Graduate,606389,637
CUST04561,Customer_04561,55,Delhi,Self-Employed,Post Graduate,1099915,850
CUST04562,Customer_04562,31,Bihar,Professional,Graduate,802271,739
CUST04563,Customer_04563,54,Bihar,Business,Graduate,372503,850
CUST04564,Customer_04564,36,Gujarat,Salaried,Under Graduate,1957794,593
CUST04565,Customer_04565,29,Haryana,Salaried,Post Graduate,1706879,637
CUST04566,Customer_04566,52,Gujarat,Professional,Graduate,551695,641
CUST04567,Customer_04567,35,Karnataka,Business,Graduate,1272487,684
CUST04568,Customer_04568,32,Maharashtra,Self-Employed,Post Graduate,1023118,741
CUST04569,Customer_04569,53,Karnataka,Self-Employed,Under Graduate,1266226,576
CUST04570,Customer_04570,34,Uttar Pradesh,Salaried,Graduate,2369676,755
CUST04571,Customer_04571,28,Gujarat,Business,Graduate,2180781,637
CUST04572,Customer_04572,28,Madhya Pradesh,Self-Employed,Post Graduate,1744618,827
CUST04573,Customer_04573,47,Rajasthan,Self-Employed,Graduate,789713,716
CUST04574,Customer_04574,32,Maharashtra,Salaried,Graduate,1747330,784
CUST04575,Customer_04575,21,Rajasthan,Salaried,Graduate,1215324,656
CUST04576,Customer_04576,60,Uttar Pradesh,Salaried,Graduate,1164386,731
CUST04577,Customer_04577,31,Bihar,Professional,Graduate,1830392,655
CUST04578,Customer_04578,59,Uttar Pradesh,Professional,Under Graduate,2083180,736
CUST04579,Customer_04579,51,Madhya Pradesh,Business,Graduate,997359,708
CUST04580,Customer_04580,37,Uttar Pradesh,Professional,Under Graduate,1816699,805
CUST04581,Customer_04581,53,Uttar Pradesh,Self-Employed,Under Graduate,2146426,761
CUST04582,Customer_04582,52,Uttar Pradesh,Salaried,Post Graduate,2453993,726
CUST04583,Customer_04583,49,Bihar,Business,Graduate,1510897,704
CUST04584,Customer_04584,41,Haryana,Salaried,Under Graduate,209029,696
CUST04585,Customer_04585,41,Karnataka,Salaried,Under Graduate,559374,578
CUST04586,Customer_04586,60,Uttar Pradesh,Salaried,Graduate,1472346,605
CUST04587,Customer_04587,43,Gujarat,Salaried,Graduate,523463,622
CUST04588,Customer_04588,26,Gujarat,Self-Employed,Graduate,1608252,814
CUST04589,Customer_04589,42,Madhya Pradesh,Salaried,Graduate,2477526,650
CUST04590,Customer_04590,58,Gujarat,Salaried,Graduate,934111,656
CUST04591,Customer_04591,57,Maharashtra,Self-Employed,Graduate,1128836,736
CUST04592,Customer_04592,28,Rajasthan,Business,Graduate,2322761,621
CUST04593,Customer_04593,55,Bihar,Self-Employed,Graduate,2207481,796
CUST04594,Customer_04594,31,Uttar Pradesh,Salaried,Under Graduate,1156078,498
CUST04595,Customer_04595,44,Gujarat,Salaried,Under Graduate,1234401,783
CUST04596,Customer_04596,41,Rajasthan,Business,Under Graduate,1662379,829
CUST04597,Customer_04597,22,Maharashtra,Self-Employed,Graduate,876608,716
CUST04598,Customer_04598,60,Rajasthan,Salaried,Post Graduate,1055470,638
CUST04599,Customer_04599,39,Delhi,Professional,Under Graduate,1185036,761
CUST04600,Customer_04600,59,Haryana,Salaried,Post Graduate,2186784,634
CUST04601,Customer_04601,48,Gujarat,Salaried,Graduate,2250979,848
CUST04602,Customer_04602,37,Rajasthan,Self-Employed,Graduate,1372637,733
CUST04603,Customer_04603,26,Madhya Pradesh,Salaried,Under Graduate,1898074,621
CUST04604,Customer_04604,39,Bihar,Professional,Graduate,612688,752
CUST04605,Customer_04605,58,Uttar Pradesh,Salaried,Graduate,2104396,613
CUST04606,Customer_04606,48,Bihar,Salaried,Graduate,284826,631
CUST04607,Customer_04607,22,Madhya Pradesh,Salaried,Under Graduate,402227,748
CUST04608,Customer_04608,58,Madhya Pradesh,Self-Employed,Graduate,1929999,637
CUST04609,Customer_04609,57,West Bengal,Salaried,Post Graduate,1639796,699
CUST04610,Customer_04610,24,Delhi,Salaried,Graduate,1354415,733
CUST04611,Customer_04611,42,Uttar Pradesh,Salaried,Graduate,1673387,640
CUST04612,Customer_04612,46,Uttar Pradesh,Self-Employed,Graduate,1904156,649
CUST04613,Customer_04613,56,Uttar Pradesh,Business,Graduate,297811,819
CUST04614,Customer_04614,33,Delhi,Self-Employed,Under Graduate,1674675,741
CUST04615,Customer_04615,52,Gujarat,Self-Employed,Under Graduate,2247641,689
CUST04616,Customer_04616,37,West Bengal,Salaried,Graduate,2272716,684
CUST04617,Customer_04617,56,Rajasthan,Business,Graduate,2437248,601
CUST04618,Customer_04618,39,Haryana,Self-Employed,Graduate,1667129,726
CUST04619,Customer_04619,55,Madhya Pradesh,Salaried,Under Graduate,1974720,698
CUST04620,Customer_04620,60,Karnataka,Self-Employed,Graduate,211325,759
CUST04621,Customer_04621,48,Delhi,Self-Employed,Graduate,2433559,533
CUST04622,Customer_04622,21,Gujarat,Salaried,Graduate,844896,675
CUST04623,Customer_04623,38,Madhya Pradesh,Salaried,Graduate,1521805,683
CUST04624,Customer_04624,60,Delhi,Salaried,Graduate,2232205,715
CUST04625,Customer_04625,53,Bihar,Business,Post Graduate,1571497,707
CUST04626,Customer_04626,32,Uttar Pradesh,Salaried,Graduate,383075,729
CUST04627,Customer_04627,28,Uttar Pradesh,Self-Employed,Under Graduate,677591,675
CUST04628,Customer_04628,44,Rajasthan,Salaried,Under Graduate,1752860,596
CUST04629,Customer_04629,36,Madhya Pradesh,Salaried,Graduate,1899318,581
CUST04630,Customer_04630,24,Uttar Pradesh,Salaried,Graduate,391207,685
CUST04631,Customer_04631,58,Maharashtra,Salaried,Post Graduate,1573019,850
CUST04632,Customer_04632,47,Bihar,Salaried,Post Graduate,2375184,734
CUST04633,Customer_04633,29,Madhya Pradesh,Self-Employed,Graduate,2393967,850
CUST04634,Customer_04634,36,Maharashtra,Self-Employed,Graduate,1392851,742
CUST04635,Customer_04635,32,Uttar Pradesh,Business,Under Graduate,640299,611
CUST04636,Customer_04636,51,Uttar Pradesh,Salaried,Graduate,1506493,680
CUST04637,Customer_04637,44,Uttar Pradesh,Business,Post Graduate,1167395,850
CUST04638,Customer_04638,34,Haryana,Professional,Post Graduate,1833557,748
CUST04639,Customer_04639,45,Maharashtra,Salaried,Graduate,2292862,746
CUST04640,Customer_04640,54,Delhi,Professional,Post Graduate,2202083,638
CUST04641,Customer_04641,23,Madhya Pradesh,Salaried,Under Graduate,2110423,690
CUST04642,Customer_04642,44,West Bengal,Self-Employed,Graduate,829873,610
CUST04643,Customer_04643,29,Maharashtra,Salaried,Under Graduate,562651,657
CUST04644,Customer_04644,46,Uttar Pradesh,Self-Employed,Graduate,567002,702
CUST04645,Customer_04645,40,Uttar Pradesh,Self-Employed,Under Graduate,2036897,644
CUST04646,Customer_04646,60,Maharashtra,Salaried,Post Graduate,1128808,762
CUST04647,Customer_04647,30,Gujarat,Business,Post Graduate,1060341,647
CUST04648,Customer_04648,39,Uttar Pradesh,Self-Employed,Graduate,1472473,714
CUST04649,Customer_04649,23,Maharashtra,Self-Employed,Graduate,2056134,764
CUST04650,Customer_04650,44,Karnataka,Professional,Under Graduate,1922990,846
CUST04651,Customer_04651,25,Madhya Pradesh,Professional,Graduate,1251250,717
CUST04652,Customer_04652,23,Uttar Pradesh,Professional,Post Graduate,2145668,613
CUST04653,Customer_04653,47,Uttar Pradesh,Business,Under Graduate,283761,689
CUST04654,Customer_04654,36,Uttar Pradesh,Salaried,Graduate,541556,837
CUST04655,Customer_04655,35,West Bengal,Salaried,Graduate,780954,761
CUST04656,Customer_04656,55,Haryana,Salaried,Under Graduate,723526,704
CUST04657,Customer_04657,32,Haryana,Professional,Under Graduate,244333,733
CUST04658,Customer_04658,46,Karnataka,Salaried,Graduate,1575854,711
CUST04659,Customer_04659,54,Rajasthan,Salaried,Post Graduate,369306,594
CUST04660,Customer_04660,43,Maharashtra,Salaried,Under Graduate,1270870,705
CUST04661,Customer_04661,51,Bihar,Salaried,Graduate,1707152,638
CUST04662,Customer_04662,40,Delhi,Salaried,Graduate,1562082,649
CUST04663,Customer_04663,32,Karnataka,Self-Employed,Graduate,1296972,669
CUST04664,Customer_04664,43,Rajasthan,Salaried,Graduate,2056938,534
CUST04665,Customer_04665,24,Madhya Pradesh,Self-Employed,Post Graduate,1032034,677
CUST04666,Customer_04666,43,West Bengal,Business,Post Graduate,204285,564
CUST04667,Customer_04667,21,Uttar Pradesh,Business,Graduate,331301,753
CUST04668,Customer_04668,45,Karnataka,Salaried,Under Graduate,328382,536
CUST04669,Customer_04669,22,Uttar Pradesh,Professional,Graduate,249141,560
CUST04670,Customer_04670,50,Rajasthan,Business,Graduate,2133445,549
CUST04671,Customer_04671,23,Maharashtra,Salaried,Graduate,949948,713
CUST04672,Customer_04672,41,Madhya Pradesh,Business,Under Graduate,2486999,690
CUST04673,Customer_04673,45,Madhya Pradesh,Business,Graduate,1864911,818
CUST04674,Customer_04674,40,Bihar,Self-Employed,Graduate,338037,722
CUST04675,Customer_04675,42,Karnataka,Salaried,Under Graduate,1160146,558
CUST04676,Customer_04676,41,Gujarat,Self-Employed,Under Graduate,1550245,627
CUST04677,Customer_04677,53,Delhi,Business,Graduate,2260216,704
CUST04678,Customer_04678,58,Uttar Pradesh,Salaried,Graduate,381699,715
CUST04679,Customer_04679,35,Karnataka,Self-Employed,Post Graduate,1818316,556
CUST04680,Customer_04680,35,Uttar Pradesh,Salaried,Post Graduate,1635055,758
CUST04681,Customer_04681,45,Maharashtra,Self-Employed,Under Graduate,657226,625
CUST04682,Customer_04682,41,Uttar Pradesh,Salaried,Graduate,403031,627
CUST04683,Customer_04683,44,Rajasthan,Salaried,Graduate,1497650,771
CUST04684,Customer_04684,25,Karnataka,Business,Post Graduate,476700,691
CUST04685,Customer_04685,26,Maharashtra,Business,Post Graduate,2025207,715
CUST04686,Customer_04686,43,Bihar,Salaried,Post Graduate,1931771,730
CUST04687,Customer_04687,24,Haryana,Salaried,Under Graduate,584950,573
CUST04688,Customer_04688,47,Madhya Pradesh,Self-Employed,Post Graduate,771187,709
CUST04689,Customer_04689,38,Delhi,Business,Graduate,1239687,834
CUST04690,Customer_04690,41,Maharashtra,Self-Employed,Post Graduate,1060539,674
CUST04691,Customer_04691,48,Delhi,Self-Employed,Graduate,1665045,718
CUST04692,Customer_04692,55,Maharashtra,Professional,Graduate,2194457,850
CUST04693,Customer_04693,42,West Bengal,Business,Under Graduate,1792284,806
CUST04694,Customer_04694,60,Madhya Pradesh,Salaried,Post Graduate,1854543,657
CUST04695,Customer_04695,43,Gujarat,Self-Employed,Graduate,1375899,727
CUST04696,Customer_04696,23,Uttar Pradesh,Salaried,Graduate,314504,747
CUST04697,Customer_04697,60,Maharashtra,Business,Graduate,1047621,850
CUST04698,Customer_04698,30,Uttar Pradesh,Salaried,Graduate,1906972,622
CUST04699,Customer_04699,45,Bihar,Salaried,Post Graduate,285992,850
CUST04700,Customer_04700,28,Maharashtra,Salaried,Post Graduate,2151973,712
CUST04701,Customer_04701,31,Delhi,Salaried,Graduate,2032741,667
CUST04702,Customer_04702,25,Uttar Pradesh,Salaried,Graduate,2241564,737
CUST04703,Customer_04703,57,Delhi,Self-Employed,Graduate,2342995,663
CUST04704,Customer_04704,58,Uttar Pradesh,Salaried,Graduate,2028927,665
CUST04705,Customer_04705,49,Maharashtra,Self-Employed,Graduate,498351,647
CUST04706,Customer_04706,25,Haryana,Self-Employed,Under Graduate,767811,649
CUST04707,Customer_04707,29,Delhi,Self-Employed,Post Graduate,415112,563
CUST04708,Customer_04708,22,Rajasthan,Self-Employed,Under Graduate,881126,568
CUST04709,Customer_04709,21,Uttar Pradesh,Salaried,Post Graduate,1651778,630
CUST04710,Customer_04710,60,Madhya Pradesh,Salaried,Post Graduate,1784524,710
CUST04711,Customer_04711,50,Bihar,Business,Graduate,548000,636
CUST04712,Customer_04712,31,Maharashtra,Self-Employed,Graduate,1652872,849
CUST04713,Customer_04713,48,Gujarat,Business,Post Graduate,290520,738
CUST04714,Customer_04714,32,Rajasthan,Self-Employed,Graduate,990950,640
CUST04715,Customer_04715,59,Uttar Pradesh,Salaried,Post Graduate,1117666,825
CUST04716,Customer_04716,46,Karnataka,Business,Graduate,205443,674
CUST04717,Customer_04717,33,Delhi,Salaried,Under Graduate,312454,673
CUST04718,Customer_04718,28,Uttar Pradesh,Professional,Graduate,698168,738
CUST04719,Customer_04719,48,Rajasthan,Salaried,Graduate,666190,684
CUST04720,Customer_04720,50,Uttar Pradesh,Self-Employed,Under Graduate,951072,697
CUST04721,Customer_04721,29,Haryana,Salaried,Graduate,1419397,740
CUST04722,Customer_04722,59,Madhya Pradesh,Business,Under Graduate,1777557,604
CUST04723,Customer_04723,51,Uttar Pradesh,Professional,Graduate,215294,682
CUST04724,Customer_04724,41,Uttar Pradesh,Salaried,Post Graduate,2062788,620
CUST04725,Customer_04725,54,Uttar Pradesh,Salaried,Graduate,694506,716
CUST04726,Customer_04726,51,Rajasthan,Salaried,Graduate,1704755,584
CUST04727,Customer_04727,45,Delhi,Business,Post Graduate,1968361,808
CUST04728,Customer_04728,32,Uttar Pradesh,Salaried,Graduate,486918,646
CUST04729,Customer_04729,21,Maharashtra,Self-Employed,Graduate,859502,665
CUST04730,Customer_04730,42,Bihar,Salaried,Under Graduate,1179999,681
CUST04731,Customer_04731,60,Maharashtra,Business,Under Graduate,994353,618
CUST04732,Customer_04732,57,Bihar,Self-Employed,Graduate,2244786,707
CUST04733,Customer_04733,21,Madhya Pradesh,Business,Graduate,1885565,773
CUST04734,Customer_04734,21,Gujarat,Business,Post Graduate,1984949,665
CUST04735,Customer_04735,41,West Bengal,Salaried,Under Graduate,490636,658
CUST04736,Customer_04736,35,West Bengal,Self-Employed,Under Graduate,815548,738
CUST04737,Customer_04737,37,Madhya Pradesh,Self-Employed,Graduate,977955,734
CUST04738,Customer_04738,42,Delhi,Self-Employed,Post Graduate,1560299,699
CUST04739,Customer_04739,58,West Bengal,Salaried,Graduate,2443651,781
CUST04740,Customer_04740,55,Uttar Pradesh,Business,Graduate,643993,721
CUST04741,Customer_04741,36,Uttar Pradesh,Professional,Graduate,1244579,823
CUST04742,Customer_04742,28,Uttar Pradesh,Professional,Graduate,2323748,667
CUST04743,Customer_04743,37,Madhya Pradesh,Business,Graduate,985542,604
CUST04744,Customer_04744,37,Delhi,Salaried,Graduate,290748,794
CUST04745,Customer_04745,46,Bihar,Salaried,Under Graduate,1489683,558
CUST04746,Customer_04746,33,Madhya Pradesh,Salaried,Post Graduate,1853940,627
CUST04747,Customer_04747,37,Rajasthan,Salaried,Graduate,1077164,616
CUST04748,Customer_04748,58,Uttar Pradesh,Salaried,Under Graduate,2346742,695
CUST04749,Customer_04749,37,Bihar,Salaried,Under Graduate,2238878,684
CUST04750,Customer_04750,34,Uttar Pradesh,Business,Graduate,1842661,781
CUST04751,Customer_04751,26,Uttar Pradesh,Professional,Graduate,200382,695
CUST04752,Customer_04752,55,Haryana,Professional,Graduate,2106543,647
CUST04753,Customer_04753,34,Haryana,Salaried,Graduate,932058,669
CUST04754,Customer_04754,28,Haryana,Professional,Graduate,1541337,620
CUST04755,Customer_04755,35,Delhi,Salaried,Graduate,1084952,740
CUST04756,Customer_04756,47,Haryana,Self-Employed,Graduate,1115424,802
CUST04757,Customer_04757,33,Gujarat,Self-Employed,Graduate,1656884,706
CUST04758,Customer_04758,51,Gujarat,Self-Employed,Graduate,1696452,689
CUST04759,Customer_04759,55,Gujarat,Professional,Graduate,716325,725
CUST04760,Customer_04760,26,Rajasthan,Salaried,Graduate,1137056,656
CUST04761,Customer_04761,25,Bihar,Self-Employed,Graduate,1989543,679
CUST04762,Customer_04762,42,Delhi,Salaried,Graduate,2089803,678
CUST04763,Customer_04763,43,Maharashtra,Business,Under Graduate,1966066,743
CUST04764,Customer_04764,45,Madhya Pradesh,Salaried,Post Graduate,1145962,661
CUST04765,Customer_04765,54,Rajasthan,Business,Graduate,2398394,531
CUST04766,Customer_04766,46,Maharashtra,Self-Employed,Under Graduate,1190422,605
CUST04767,Customer_04767,25,West Bengal,Self-Employed,Post Graduate,1470747,850
CUST04768,Customer_04768,46,Maharashtra,Self-Employed,Graduate,852547,678
CUST04769,Customer_04769,40,Maharashtra,Salaried,Graduate,1024969,728
CUST04770,Customer_04770,26,Uttar Pradesh,Self-Employed,Graduate,2075827,684
CUST04771,Customer_04771,26,Haryana,Professional,Graduate,2033539,684
CUST04772,Customer_04772,38,Madhya Pradesh,Business,Graduate,2344411,606
CUST04773,Customer_04773,24,Madhya Pradesh,Salaried,Graduate,2404514,818
CUST04774,Customer_04774,37,Haryana,Salaried,Under Graduate,1672090,634
CUST04775,Customer_04775,34,Bihar,Self-Employed,Graduate,1859491,632
CUST04776,Customer_04776,34,Maharashtra,Business,Graduate,2305489,719
CUST04777,Customer_04777,33,Maharashtra,Salaried,Graduate,950779,777
CUST04778,Customer_04778,27,Delhi,Business,Under Graduate,1040562,669
CUST04779,Customer_04779,35,Madhya Pradesh,Professional,Graduate,1185738,550
CUST04780,Customer_04780,39,Maharashtra,Self-Employed,Graduate,611579,552
CUST04781,Customer_04781,55,Uttar Pradesh,Salaried,Graduate,386417,806
CUST04782,Customer_04782,37,Uttar Pradesh,Professional,Graduate,1453869,695
CUST04783,Customer_04783,55,Gujarat,Self-Employed,Graduate,704557,790
CUST04784,Customer_04784,39,Uttar Pradesh,Salaried,Post Graduate,258901,708
CUST04785,Customer_04785,40,Uttar Pradesh,Salaried,Graduate,1547452,626
CUST04786,Customer_04786,56,Bihar,Salaried,Graduate,1835938,719
CUST04787,Customer_04787,55,Gujarat,Self-Employed,Graduate,2260353,710
CUST04788,Customer_04788,52,Gujarat,Salaried,Under Graduate,498311,727
CUST04789,Customer_04789,60,Rajasthan,Salaried,Graduate,1785608,696
CUST04790,Customer_04790,44,Gujarat,Business,Under Graduate,2168100,654
CUST04791,Customer_04791,37,Rajasthan,Salaried,Graduate,579988,776
CUST04792,Customer_04792,27,West Bengal,Salaried,Graduate,2246732,685
CUST04793,Customer_04793,21,Uttar Pradesh,Self-Employed,Post Graduate,1136330,708
CUST04794,Customer_04794,55,Madhya Pradesh,Business,Graduate,512202,617
CUST04795,Customer_04795,52,Rajasthan,Salaried,Graduate,1623955,609
CUST04796,Customer_04796,56,Maharashtra,Salaried,Graduate,2328587,630
CUST04797,Customer_04797,33,Delhi,Self-Employed,Graduate,1602898,609
CUST04798,Customer_04798,26,Maharashtra,Self-Employed,Graduate,2143336,528
CUST04799,Customer_04799,34,Bihar,Salaried,Graduate,1879806,643
CUST04800,Customer_04800,57,Bihar,Salaried,Graduate,1288071,804
CUST04801,Customer_04801,35,Maharashtra,Salaried,Graduate,2094839,658
CUST04802,Customer_04802,24,Rajasthan,Business,Post Graduate,783561,595
CUST04803,Customer_04803,60,Rajasthan,Self-Employed,Graduate,2335268,743
CUST04804,Customer_04804,36,Delhi,Business,Post Graduate,1140430,681
CUST04805,Customer_04805,48,Delhi,Self-Employed,Graduate,982529,662
CUST04806,Customer_04806,36,Uttar Pradesh,Self-Employed,Post Graduate,1280974,600
CUST04807,Customer_04807,24,Madhya Pradesh,Professional,Post Graduate,1658743,691
CUST04808,Customer_04808,46,Karnataka,Salaried,Post Graduate,1439148,693
CUST04809,Customer_04809,48,Uttar Pradesh,Self-Employed,Post Graduate,1569168,713
CUST04810,Customer_04810,52,Rajasthan,Salaried,Graduate,1618968,696
CUST04811,Customer_04811,22,Delhi,Salaried,Graduate,1751181,679
CUST04812,Customer_04812,51,Madhya Pradesh,Salaried,Post Graduate,283512,690
CUST04813,Customer_04813,23,Uttar Pradesh,Salaried,Graduate,1924882,682
CUST04814,Customer_04814,28,Bihar,Professional,Graduate,256652,579
CUST04815,Customer_04815,44,Rajasthan,Self-Employed,Graduate,609876,837
CUST04816,Customer_04816,35,West Bengal,Business,Graduate,494075,735
CUST04817,Customer_04817,51,Uttar Pradesh,Salaried,Post Graduate,291590,701
CUST04818,Customer_04818,29,West Bengal,Self-Employed,Graduate,1693927,673
CUST04819,Customer_04819,59,Bihar,Salaried,Graduate,1543506,677
CUST04820,Customer_04820,22,Maharashtra,Self-Employed,Under Graduate,596254,712
CUST04821,Customer_04821,28,Bihar,Self-Employed,Graduate,986062,795
CUST04822,Customer_04822,27,Madhya Pradesh,Salaried,Graduate,914118,638
CUST04823,Customer_04823,59,Maharashtra,Business,Under Graduate,698514,710
CUST04824,Customer_04824,36,Maharashtra,Salaried,Graduate,1987672,569
CUST04825,Customer_04825,55,Karnataka,Self-Employed,Under Graduate,674370,751
CUST04826,Customer_04826,50,West Bengal,Self-Employed,Graduate,726295,716
CUST04827,Customer_04827,30,Maharashtra,Professional,Graduate,1225126,682
CUST04828,Customer_04828,58,Uttar Pradesh,Salaried,Graduate,1616468,528
CUST04829,Customer_04829,38,Haryana,Self-Employed,Graduate,2124841,647
CUST04830,Customer_04830,25,Madhya Pradesh,Self-Employed,Under Graduate,1020923,620
CUST04831,Customer_04831,49,Uttar Pradesh,Salaried,Under Graduate,1636422,621
CUST04832,Customer_04832,59,West Bengal,Self-Employed,Post Graduate,2393026,551
CUST04833,Customer_04833,54,Uttar Pradesh,Salaried,Graduate,2032542,663
CUST04834,Customer_04834,43,Gujarat,Salaried,Under Graduate,1918133,827
CUST04835,Customer_04835,25,Bihar,Salaried,Post Graduate,430878,743
CUST04836,Customer_04836,50,Madhya Pradesh,Business,Graduate,2030589,694
CUST04837,Customer_04837,26,Maharashtra,Salaried,Under Graduate,1596567,731
CUST04838,Customer_04838,24,Gujarat,Self-Employed,Under Graduate,1906699,850
CUST04839,Customer_04839,49,West Bengal,Salaried,Post Graduate,1024967,615
CUST04840,Customer_04840,43,Rajasthan,Salaried,Graduate,711373,631
CUST04841,Customer_04841,26,Rajasthan,Salaried,Under Graduate,503652,653
CUST04842,Customer_04842,52,Maharashtra,Self-Employed,Graduate,620016,584
CUST04843,Customer_04843,38,Karnataka,Salaried,Post Graduate,2145619,714
CUST04844,Customer_04844,35,West Bengal,Salaried,Graduate,2359338,667
CUST04845,Customer_04845,60,Haryana,Business,Under Graduate,2426488,737
CUST04846,Customer_04846,52,Madhya Pradesh,Self-Employed,Graduate,1155532,752
CUST04847,Customer_04847,29,West Bengal,Salaried,Graduate,1995033,789
CUST04848,Customer_04848,57,Uttar Pradesh,Self-Employed,Graduate,1763340,744
CUST04849,Customer_04849,30,Rajasthan,Salaried,Graduate,617834,662
CUST04850,Customer_04850,40,Madhya Pradesh,Self-Employed,Under Graduate,2153497,652
CUST04851,Customer_04851,26,Rajasthan,Salaried,Under Graduate,972002,616
CUST04852,Customer_04852,23,Haryana,Salaried,Graduate,2232849,693
CUST04853,Customer_04853,31,Gujarat,Salaried,Graduate,1791682,717
CUST04854,Customer_04854,37,Uttar Pradesh,Salaried,Graduate,2393791,578
CUST04855,Customer_04855,52,Bihar,Business,Graduate,1906265,777
CUST04856,Customer_04856,24,Bihar,Salaried,Under Graduate,1684471,692
CUST04857,Customer_04857,24,Madhya Pradesh,Salaried,Post Graduate,2064180,662
CUST04858,Customer_04858,37,Maharashtra,Self-Employed,Graduate,1322112,614
CUST04859,Customer_04859,39,Uttar Pradesh,Self-Employed,Graduate,2191580,795
CUST04860,Customer_04860,25,Gujarat,Salaried,Post Graduate,318851,728
CUST04861,Customer_04861,52,Karnataka,Salaried,Graduate,1275945,755
CUST04862,Customer_04862,42,West Bengal,Salaried,Graduate,234439,682
CUST04863,Customer_04863,26,West Bengal,Salaried,Graduate,374220,811
CUST04864,Customer_04864,55,Haryana,Salaried,Graduate,1826224,752
CUST04865,Customer_04865,42,Uttar Pradesh,Salaried,Graduate,627220,789
CUST04866,Customer_04866,21,Karnataka,Self-Employed,Under Graduate,2457236,777
CUST04867,Customer_04867,40,Bihar,Professional,Graduate,471901,643
CUST04868,Customer_04868,42,Delhi,Self-Employed,Under Graduate,1571273,705
CUST04869,Customer_04869,31,Madhya Pradesh,Salaried,Graduate,1519052,790
CUST04870,Customer_04870,33,Haryana,Self-Employed,Post Graduate,2470763,727
CUST04871,Customer_04871,23,Bihar,Self-Employed,Graduate,493748,616
CUST04872,Customer_04872,29,Uttar Pradesh,Business,Graduate,1142431,697
CUST04873,Customer_04873,32,Madhya Pradesh,Self-Employed,Graduate,191933,751
CUST04874,Customer_04874,43,Uttar Pradesh,Self-Employed,Post Graduate,1122464,581
CUST04875,Customer_04875,34,West Bengal,Salaried,Post Graduate,2330408,617
CUST04876,Customer_04876,53,Rajasthan,Salaried,Under Graduate,2189602,583
CUST04877,Customer_04877,38,Madhya Pradesh,Salaried,Graduate,2022544,726
CUST04878,Customer_04878,29,Karnataka,Salaried,Graduate,2279369,807
CUST04879,Customer_04879,43,Gujarat,Salaried,Graduate,1256741,538
CUST04880,Customer_04880,30,Maharashtra,Self-Employed,Graduate,657062,706
CUST04881,Customer_04881,39,Maharashtra,Self-Employed,Graduate,1400687,642
CUST04882,Customer_04882,25,Rajasthan,Professional,Under Graduate,1520195,818
CUST04883,Customer_04883,43,Karnataka,Salaried,Graduate,907491,706
CUST04884,Customer_04884,50,Haryana,Salaried,Under Graduate,404721,754
CUST04885,Customer_04885,45,West Bengal,Business,Graduate,966271,794
CUST04886,Customer_04886,48,Uttar Pradesh,Professional,Graduate,1111370,703
CUST04887,Customer_04887,54,Maharashtra,Self-Employed,Post Graduate,808644,555
CUST04888,Customer_04888,45,Uttar Pradesh,Salaried,Graduate,1627804,681
CUST04889,Customer_04889,30,Delhi,Self-Employed,Under Graduate,1431067,706
CUST04890,Customer_04890,34,Uttar Pradesh,Salaried,Under Graduate,2297700,602
CUST04891,Customer_04891,50,Uttar Pradesh,Business,Post Graduate,1233227,548
CUST04892,Customer_04892,45,Madhya Pradesh,Business,Under Graduate,248492,586
CUST04893,Customer_04893,34,Bihar,Salaried,Graduate,936870,790
CUST04894,Customer_04894,55,Delhi,Business,Graduate,1670817,602
CUST04895,Customer_04895,54,Rajasthan,Self-Employed,Under Graduate,1729261,850
CUST04896,Customer_04896,30,Bihar,Professional,Graduate,1977464,797
CUST04897,Customer_04897,55,Bihar,Professional,Graduate,1614329,759
CUST04898,Customer_04898,31,Karnataka,Salaried,Graduate,402084,574
CUST04899,Customer_04899,31,Bihar,Salaried,Graduate,770483,795
CUST04900,Customer_04900,41,Bihar,Self-Employed,Post Graduate,1557016,652
CUST04901,Customer_04901,41,Bihar,Professional,Graduate,1597547,553
CUST04902,Customer_04902,42,Maharashtra,Professional,Graduate,1131230,709
CUST04903,Customer_04903,27,Karnataka,Self-Employed,Graduate,1584323,724
CUST04904,Customer_04904,37,Uttar Pradesh,Salaried,Graduate,1271294,630
CUST04905,Customer_04905,22,Karnataka,Salaried,Under Graduate,509535,645
CUST04906,Customer_04906,32,Maharashtra,Business,Post Graduate,273321,677
CUST04907,Customer_04907,38,Karnataka,Self-Employed,Graduate,1299733,675
CUST04908,Customer_04908,31,Haryana,Self-Employed,Graduate,1210450,746
CUST04909,Customer_04909,36,Madhya Pradesh,Self-Employed,Graduate,1724986,669
CUST04910,Customer_04910,38,Gujarat,Business,Graduate,2369702,813
CUST04911,Customer_04911,55,Bihar,Business,Post Graduate,1821562,714
CUST04912,Customer_04912,46,Madhya Pradesh,Salaried,Graduate,2482155,566
CUST04913,Customer_04913,36,Maharashtra,Salaried,Graduate,1543837,777
CUST04914,Customer_04914,26,Bihar,Self-Employed,Post Graduate,1811981,627
CUST04915,Customer_04915,32,Delhi,Professional,Post Graduate,1032576,776
CUST04916,Customer_04916,33,Maharashtra,Salaried,Post Graduate,476052,716
CUST04917,Customer_04917,24,Haryana,Salaried,Post Graduate,1503073,629
CUST04918,Customer_04918,59,Bihar,Salaried,Graduate,2216490,659
CUST04919,Customer_04919,22,Madhya Pradesh,Salaried,Graduate,643748,724
CUST04920,Customer_04920,46,West Bengal,Salaried,Graduate,2447227,710
CUST04921,Customer_04921,47,Gujarat,Self-Employed,Graduate,2282348,762
CUST04922,Customer_04922,47,Gujarat,Salaried,Graduate,318989,722
CUST04923,Customer_04923,35,Delhi,Self-Employed,Post Graduate,915079,690
CUST04924,Customer_04924,28,Karnataka,Salaried,Post Graduate,1186911,698
CUST04925,Customer_04925,27,Maharashtra,Salaried,Graduate,1816405,676
CUST04926,Customer_04926,60,Madhya Pradesh,Self-Employed,Graduate,2146737,730
CUST04927,Customer_04927,32,Bihar,Self-Employed,Post Graduate,2145841,721
CUST04928,Customer_04928,33,Uttar Pradesh,Salaried,Graduate,793520,709
CUST04929,Customer_04929,37,Uttar Pradesh,Business,Graduate,887724,850
CUST04930,Customer_04930,37,Bihar,Salaried,Post Graduate,2037580,719
CUST04931,Customer_04931,56,Madhya Pradesh,Salaried,Graduate,669087,782
CUST04932,Customer_04932,41,Karnataka,Self-Employed,Graduate,182164,641
CUST04933,Customer_04933,28,Haryana,Business,Graduate,1470199,691
CUST04934,Customer_04934,25,Madhya Pradesh,Salaried,Under Graduate,1807156,529
CUST04935,Customer_04935,46,Uttar Pradesh,Salaried,Under Graduate,1291515,697
CUST04936,Customer_04936,36,Maharashtra,Self-Employed,Under Graduate,2380685,644
CUST04937,Customer_04937,56,Bihar,Salaried,Graduate,2395440,637
CUST04938,Customer_04938,48,Gujarat,Business,Post Graduate,2496769,706
CUST04939,Customer_04939,49,Uttar Pradesh,Salaried,Under Graduate,486742,660
CUST04940,Customer_04940,32,Madhya Pradesh,Business,Graduate,1889132,574
CUST04941,Customer_04941,57,Karnataka,Salaried,Graduate,297005,675
CUST04942,Customer_04942,50,Gujarat,Professional,Post Graduate,266707,850
CUST04943,Customer_04943,43,Haryana,Salaried,Under Graduate,1553268,722
CUST04944,Customer_04944,36,Gujarat,Business,Under Graduate,398762,711
CUST04945,Customer_04945,34,Maharashtra,Salaried,Graduate,1216082,605
CUST04946,Customer_04946,30,Uttar Pradesh,Salaried,Under Graduate,528093,597
CUST04947,Customer_04947,27,Haryana,Salaried,Graduate,1592002,620
CUST04948,Customer_04948,57,Gujarat,Business,Graduate,832527,711
CUST04949,Customer_04949,49,Madhya Pradesh,Salaried,Under Graduate,1715070,598
CUST04950,Customer_04950,23,Maharashtra,Salaried,Under Graduate,1136049,797
CUST04951,Customer_04951,35,Madhya Pradesh,Salaried,Post Graduate,1383063,603
CUST04952,Customer_04952,56,Uttar Pradesh,Professional,Under Graduate,2213712,751
CUST04953,Customer_04953,39,Uttar Pradesh,Salaried,Post Graduate,709860,710
CUST04954,Customer_04954,33,Maharashtra,Salaried,Graduate,1577406,803
CUST04955,Customer_04955,41,Rajasthan,Professional,Under Graduate,341496,608
CUST04956,Customer_04956,57,Uttar Pradesh,Professional,Under Graduate,1332302,850
CUST04957,Customer_04957,47,Uttar Pradesh,Salaried,Graduate,1005810,704
CUST04958,Customer_04958,49,Delhi,Business,Graduate,1751098,780
CUST04959,Customer_04959,40,Madhya Pradesh,Salaried,Graduate,1334118,719
CUST04960,Customer_04960,45,Madhya Pradesh,Salaried,Under Graduate,202617,610
CUST04961,Customer_04961,26,Rajasthan,Business,Post Graduate,2073060,632
CUST04962,Customer_04962,56,West Bengal,Business,Under Graduate,506273,692
CUST04963,Customer_04963,22,Uttar Pradesh,Salaried,Graduate,1197789,632
CUST04964,Customer_04964,42,Maharashtra,Salaried,Post Graduate,2393228,701
CUST04965,Customer_04965,52,Gujarat,Salaried,Under Graduate,1932802,756
CUST04966,Customer_04966,36,Uttar Pradesh,Business,Graduate,616580,786
CUST04967,Customer_04967,38,Madhya Pradesh,Professional,Post Graduate,2391552,815
CUST04968,Customer_04968,25,Madhya Pradesh,Salaried,Graduate,707505,687
CUST04969,Customer_04969,56,West Bengal,Business,Post Graduate,1173334,658
CUST04970,Customer_04970,50,Karnataka,Salaried,Post Graduate,1094498,560
CUST04971,Customer_04971,39,West Bengal,Self-Employed,Under Graduate,1627608,513
CUST04972,Customer_04972,43,Uttar Pradesh,Salaried,Graduate,828147,683
CUST04973,Customer_04973,54,Karnataka,Self-Employed,Graduate,1457159,784
CUST04974,Customer_04974,33,Uttar Pradesh,Salaried,Under Graduate,1572083,699
CUST04975,Customer_04975,49,Gujarat,Professional,Graduate,1799039,721
CUST04976,Customer_04976,56,Delhi,Salaried,Graduate,2415882,613
CUST04977,Customer_04977,42,Uttar Pradesh,Salaried,Graduate,775876,656
CUST04978,Customer_04978,56,Gujarat,Business,Graduate,567203,778
CUST04979,Customer_04979,29,Uttar Pradesh,Salaried,Post Graduate,1964901,723
CUST04980,Customer_04980,59,Maharashtra,Salaried,Post Graduate,333948,655
CUST04981,Customer_04981,39,Karnataka,Self-Employed,Post Graduate,1664161,740
CUST04982,Customer_04982,58,Uttar Pradesh,Business,Post Graduate,832888,699
CUST04983,Customer_04983,26,Uttar Pradesh,Salaried,Graduate,2275419,771
CUST04984,Customer_04984,35,Rajasthan,Salaried,Graduate,560569,727
CUST04985,Customer_04985,40,Karnataka,Salaried,Under Graduate,1827577,665
CUST04986,Customer_04986,29,Uttar Pradesh,Professional,Graduate,1283509,673
CUST04987,Customer_04987,52,Bihar,Salaried,Graduate,2218089,587
CUST04988,Customer_04988,24,Karnataka,Salaried,Post Graduate,375715,569
CUST04989,Customer_04989,38,Uttar Pradesh,Self-Employed,Graduate,2083678,657
CUST04990,Customer_04990,25,Maharashtra,Salaried,Graduate,2194889,792
CUST04991,Customer_04991,40,Delhi,Salaried,Graduate,843030,722
CUST04992,Customer_04992,43,Madhya Pradesh,Professional,Under Graduate,957451,668
CUST04993,Customer_04993,31,Haryana,Salaried,Graduate,1828012,740
CUST04994,Customer_04994,57,Uttar Pradesh,Business,Graduate,2167360,774
CUST04995,Customer_04995,42,Karnataka,Business,Post Graduate,1146778,644
CUST04996,Customer_04996,24,West Bengal,Salaried,Under Graduate,755757,645
CUST04997,Customer_04997,49,Uttar Pradesh,Salaried,Graduate,2135847,850
CUST04998,Customer_04998,54,Uttar Pradesh,Professional,Graduate,1251833,623
CUST04999,Customer_04999,33,West Bengal,Business,Graduate,1480821,649
CUST05000,Customer_05000,29,Rajasthan,Salaried,Graduate,1891418,663
CUST05001,Customer_05001,51,Madhya Pradesh,Salaried,Post Graduate,1641051,615
CUST05002,Customer_05002,27,Madhya Pradesh,Self-Employed,Graduate,2469200,546
CUST05003,Customer_05003,24,Haryana,Salaried,Graduate,2371695,697
CUST05004,Customer_05004,39,Haryana,Self-Employed,Post Graduate,2103819,643
CUST05005,Customer_05005,50,Maharashtra,Professional,Post Graduate,592438,723
CUST05006,Customer_05006,51,Maharashtra,Salaried,Under Graduate,1445028,627
CUST05007,Customer_05007,55,Karnataka,Business,Post Graduate,1792884,784
CUST05008,Customer_05008,41,Haryana,Self-Employed,Graduate,541002,686
CUST05009,Customer_05009,51,Madhya Pradesh,Salaried,Under Graduate,1400341,627
CUST05010,Customer_05010,39,West Bengal,Business,Graduate,1020185,639
CUST05011,Customer_05011,51,Delhi,Self-Employed,Graduate,1099320,671
CUST05012,Customer_05012,52,Maharashtra,Salaried,Post Graduate,1301651,793
CUST05013,Customer_05013,22,Haryana,Salaried,Graduate,1931273,646
CUST05014,Customer_05014,30,Bihar,Self-Employed,Graduate,1686054,569
CUST05015,Customer_05015,22,Uttar Pradesh,Self-Employed,Under Graduate,523154,821
CUST05016,Customer_05016,22,Bihar,Professional,Post Graduate,2064348,555
CUST05017,Customer_05017,44,Delhi,Business,Under Graduate,492736,850
CUST05018,Customer_05018,37,West Bengal,Salaried,Under Graduate,2394437,552
CUST05019,Customer_05019,52,Maharashtra,Business,Graduate,1635739,661
CUST05020,Customer_05020,36,Maharashtra,Salaried,Post Graduate,2025261,657
CUST05021,Customer_05021,36,Madhya Pradesh,Salaried,Under Graduate,1651430,756
CUST05022,Customer_05022,59,Haryana,Salaried,Graduate,543355,742
CUST05023,Customer_05023,51,Delhi,Self-Employed,Post Graduate,1702989,836
CUST05024,Customer_05024,44,Madhya Pradesh,Salaried,Post Graduate,1007009,576
CUST05025,Customer_05025,21,Gujarat,Salaried,Graduate,2184958,561
CUST05026,Customer_05026,31,Maharashtra,Salaried,Graduate,1966467,769
CUST05027,Customer_05027,41,Rajasthan,Salaried,Graduate,649453,850
CUST05028,Customer_05028,24,Maharashtra,Professional,Graduate,2304653,782
CUST05029,Customer_05029,27,Karnataka,Professional,Graduate,2244667,745
CUST05030,Customer_05030,46,Uttar Pradesh,Self-Employed,Under Graduate,1493390,779
CUST05031,Customer_05031,32,Gujarat,Self-Employed,Graduate,1945374,589
CUST05032,Customer_05032,51,Maharashtra,Business,Graduate,457279,673
CUST05033,Customer_05033,37,Rajasthan,Business,Graduate,1024492,692
CUST05034,Customer_05034,53,Maharashtra,Business,Under Graduate,356661,682
CUST05035,Customer_05035,31,Bihar,Salaried,Graduate,1663433,730
CUST05036,Customer_05036,48,Maharashtra,Salaried,Post Graduate,1436815,688
CUST05037,Customer_05037,52,Delhi,Salaried,Post Graduate,1571772,657
CUST05038,Customer_05038,21,Bihar,Salaried,Post Graduate,619875,604
CUST05039,Customer_05039,48,Delhi,Salaried,Graduate,2314176,679
CUST05040,Customer_05040,27,Rajasthan,Business,Graduate,654661,593
CUST05041,Customer_05041,22,Madhya Pradesh,Business,Graduate,1951545,683
CUST05042,Customer_05042,44,Madhya Pradesh,Salaried,Graduate,339223,714
CUST05043,Customer_05043,24,West Bengal,Salaried,Graduate,1002570,640
CUST05044,Customer_05044,39,Bihar,Self-Employed,Post Graduate,379092,746
CUST05045,Customer_05045,46,Maharashtra,Salaried,Graduate,412042,767
CUST05046,Customer_05046,31,Karnataka,Salaried,Graduate,2164157,652
CUST05047,Customer_05047,60,Uttar Pradesh,Business,Post Graduate,2084727,661
CUST05048,Customer_05048,31,Haryana,Self-Employed,Graduate,566179,745
CUST05049,Customer_05049,23,Uttar Pradesh,Business,Graduate,2111262,614
CUST05050,Customer_05050,32,Gujarat,Business,Under Graduate,1992077,607
CUST05051,Customer_05051,23,Uttar Pradesh,Business,Graduate,1818095,664
CUST05052,Customer_05052,47,Karnataka,Salaried,Graduate,235369,689
CUST05053,Customer_05053,22,Madhya Pradesh,Salaried,Graduate,341899,649
CUST05054,Customer_05054,36,Bihar,Salaried,Under Graduate,1228278,733
CUST05055,Customer_05055,22,Uttar Pradesh,Salaried,Post Graduate,1322426,588
CUST05056,Customer_05056,50,Bihar,Self-Employed,Graduate,1501696,724
CUST05057,Customer_05057,40,Gujarat,Business,Post Graduate,605341,650
CUST05058,Customer_05058,58,Bihar,Professional,Graduate,1586547,809
CUST05059,Customer_05059,48,Maharashtra,Business,Graduate,1518868,758
CUST05060,Customer_05060,45,Madhya Pradesh,Self-Employed,Post Graduate,907839,699
CUST05061,Customer_05061,52,Bihar,Self-Employed,Graduate,228332,687
CUST05062,Customer_05062,30,Uttar Pradesh,Salaried,Graduate,1337531,651
CUST05063,Customer_05063,60,Uttar Pradesh,Salaried,Graduate,1975285,490
CUST05064,Customer_05064,53,Gujarat,Business,Under Graduate,1390808,698
CUST05065,Customer_05065,33,West Bengal,Salaried,Under Graduate,836914,775
CUST05066,Customer_05066,57,Maharashtra,Self-Employed,Post Graduate,1076670,619
CUST05067,Customer_05067,36,Delhi,Business,Under Graduate,498675,628
CUST05068,Customer_05068,42,Uttar Pradesh,Salaried,Post Graduate,1551646,698
CUST05069,Customer_05069,40,Bihar,Professional,Under Graduate,1556927,595
CUST05070,Customer_05070,47,Rajasthan,Salaried,Graduate,2007506,635
CUST05071,Customer_05071,36,Maharashtra,Business,Post Graduate,2372408,657
CUST05072,Customer_05072,54,Rajasthan,Salaried,Under Graduate,223437,699
CUST05073,Customer_05073,52,Karnataka,Salaried,Under Graduate,2364385,845
CUST05074,Customer_05074,46,West Bengal,Salaried,Graduate,1415838,686
CUST05075,Customer_05075,45,Uttar Pradesh,Business,Graduate,2070203,719
CUST05076,Customer_05076,22,Maharashtra,Business,Under Graduate,1227287,684
CUST05077,Customer_05077,32,West Bengal,Self-Employed,Post Graduate,1648388,712
CUST05078,Customer_05078,60,Maharashtra,Professional,Under Graduate,1383170,701
CUST05079,Customer_05079,29,Gujarat,Business,Post Graduate,1140589,763
CUST05080,Customer_05080,32,Maharashtra,Salaried,Under Graduate,336823,816
CUST05081,Customer_05081,46,Bihar,Self-Employed,Graduate,1475415,679
CUST05082,Customer_05082,29,Maharashtra,Salaried,Graduate,2369668,663
CUST05083,Customer_05083,30,Karnataka,Self-Employed,Post Graduate,975906,850
CUST05084,Customer_05084,52,Karnataka,Salaried,Under Graduate,1997249,818
CUST05085,Customer_05085,54,Maharashtra,Salaried,Post Graduate,454184,716
CUST05086,Customer_05086,40,Haryana,Self-Employed,Graduate,1468597,784
CUST05087,Customer_05087,59,Bihar,Salaried,Post Graduate,1730114,812
CUST05088,Customer_05088,22,Uttar Pradesh,Self-Employed,Post Graduate,1210897,674
CUST05089,Customer_05089,21,Delhi,Professional,Under Graduate,599631,763
CUST05090,Customer_05090,56,Madhya Pradesh,Salaried,Graduate,2117371,704
CUST05091,Customer_05091,44,Maharashtra,Business,Graduate,2318442,706
CUST05092,Customer_05092,47,Maharashtra,Self-Employed,Graduate,1550836,751
CUST05093,Customer_05093,22,West Bengal,Salaried,Graduate,1143542,823
CUST05094,Customer_05094,51,Karnataka,Business,Under Graduate,1202859,732
CUST05095,Customer_05095,34,Haryana,Salaried,Graduate,1068431,761
CUST05096,Customer_05096,22,Uttar Pradesh,Salaried,Under Graduate,406868,761
CUST05097,Customer_05097,49,Delhi,Salaried,Under Graduate,223513,791
CUST05098,Customer_05098,35,Maharashtra,Self-Employed,Graduate,1489317,736
CUST05099,Customer_05099,32,West Bengal,Self-Employed,Under Graduate,2057389,711
CUST05100,Customer_05100,57,Uttar Pradesh,Salaried,Graduate,1492936,667
CUST05101,Customer_05101,48,Bihar,Salaried,Post Graduate,419723,742
CUST05102,Customer_05102,40,Bihar,Business,Graduate,251872,664
CUST05103,Customer_05103,59,Haryana,Business,Under Graduate,990526,700
CUST05104,Customer_05104,44,Delhi,Self-Employed,Post Graduate,517051,616
CUST05105,Customer_05105,41,Bihar,Salaried,Under Graduate,497152,850
CUST05106,Customer_05106,30,Madhya Pradesh,Salaried,Post Graduate,833867,611
CUST05107,Customer_05107,34,Haryana,Business,Graduate,1282729,735
CUST05108,Customer_05108,57,Uttar Pradesh,Salaried,Graduate,1753601,635
CUST05109,Customer_05109,38,Haryana,Salaried,Graduate,422867,590
CUST05110,Customer_05110,44,West Bengal,Self-Employed,Graduate,1332222,730
CUST05111,Customer_05111,34,Uttar Pradesh,Business,Under Graduate,1307360,806
CUST05112,Customer_05112,54,Uttar Pradesh,Self-Employed,Graduate,1317412,636
CUST05113,Customer_05113,32,Bihar,Salaried,Under Graduate,1655008,738
CUST05114,Customer_05114,42,Uttar Pradesh,Self-Employed,Under Graduate,1277670,829
CUST05115,Customer_05115,26,Rajasthan,Self-Employed,Graduate,2038826,850
CUST05116,Customer_05116,56,Delhi,Self-Employed,Graduate,1432057,673
CUST05117,Customer_05117,56,Madhya Pradesh,Salaried,Under Graduate,2019169,691
CUST05118,Customer_05118,42,Maharashtra,Business,Graduate,1619069,704
CUST05119,Customer_05119,34,Gujarat,Self-Employed,Graduate,827053,749
CUST05120,Customer_05120,36,Gujarat,Self-Employed,Graduate,1636372,682
CUST05121,Customer_05121,56,West Bengal,Self-Employed,Under Graduate,1282212,744
CUST05122,Customer_05122,45,Uttar Pradesh,Salaried,Post Graduate,2328094,691
CUST05123,Customer_05123,52,Gujarat,Salaried,Graduate,690921,639
CUST05124,Customer_05124,53,Karnataka,Salaried,Graduate,1540222,729
CUST05125,Customer_05125,56,Rajasthan,Salaried,Graduate,1238970,652
CUST05126,Customer_05126,40,Bihar,Self-Employed,Graduate,666660,621
CUST05127,Customer_05127,38,Uttar Pradesh,Business,Under Graduate,882324,696
CUST05128,Customer_05128,58,Karnataka,Salaried,Graduate,858327,634
CUST05129,Customer_05129,23,Bihar,Professional,Post Graduate,986053,668
CUST05130,Customer_05130,43,Karnataka,Salaried,Graduate,530586,768
CUST05131,Customer_05131,52,Haryana,Salaried,Graduate,1338581,650
CUST05132,Customer_05132,36,Bihar,Salaried,Graduate,728911,605
CUST05133,Customer_05133,25,Madhya Pradesh,Self-Employed,Under Graduate,1320964,739
CUST05134,Customer_05134,24,Uttar Pradesh,Business,Post Graduate,2207220,777
CUST05135,Customer_05135,41,Maharashtra,Professional,Graduate,1807863,662
CUST05136,Customer_05136,60,Delhi,Salaried,Graduate,2192125,796
CUST05137,Customer_05137,34,Gujarat,Salaried,Under Graduate,1062639,738
CUST05138,Customer_05138,59,Bihar,Business,Graduate,1601240,803
CUST05139,Customer_05139,51,Haryana,Business,Graduate,720609,623
CUST05140,Customer_05140,34,Maharashtra,Professional,Graduate,198276,560
CUST05141,Customer_05141,26,Rajasthan,Salaried,Graduate,2491041,734
CUST05142,Customer_05142,32,Rajasthan,Business,Post Graduate,783680,694
CUST05143,Customer_05143,36,Bihar,Salaried,Graduate,467688,712
CUST05144,Customer_05144,37,West Bengal,Self-Employed,Graduate,2484954,726
CUST05145,Customer_05145,43,Gujarat,Salaried,Graduate,2337656,811
CUST05146,Customer_05146,34,Madhya Pradesh,Self-Employed,Under Graduate,1274277,645
CUST05147,Customer_05147,27,Rajasthan,Self-Employed,Graduate,1347370,821
CUST05148,Customer_05148,52,Uttar Pradesh,Salaried,Graduate,2124602,656
CUST05149,Customer_05149,35,Bihar,Salaried,Graduate,1525991,730
CUST05150,Customer_05150,37,Gujarat,Salaried,Under Graduate,2037452,723
CUST05151,Customer_05151,54,Karnataka,Salaried,Graduate,791358,634
CUST05152,Customer_05152,25,Haryana,Salaried,Post Graduate,1150155,727
CUST05153,Customer_05153,47,Maharashtra,Salaried,Post Graduate,2125256,618
CUST05154,Customer_05154,43,Rajasthan,Business,Under Graduate,912718,546
CUST05155,Customer_05155,60,Uttar Pradesh,Salaried,Post Graduate,1635044,766
CUST05156,Customer_05156,34,Uttar Pradesh,Salaried,Post Graduate,1255790,770
CUST05157,Customer_05157,35,Rajasthan,Professional,Under Graduate,2443553,584
CUST05158,Customer_05158,53,Madhya Pradesh,Salaried,Post Graduate,1510707,672
CUST05159,Customer_05159,51,Maharashtra,Business,Under Graduate,448905,609
CUST05160,Customer_05160,55,Gujarat,Self-Employed,Graduate,1283177,739
CUST05161,Customer_05161,37,Gujarat,Professional,Graduate,2403705,775
CUST05162,Customer_05162,48,Maharashtra,Salaried,Under Graduate,445895,625
CUST05163,Customer_05163,39,Delhi,Business,Under Graduate,2151924,527
CUST05164,Customer_05164,43,Maharashtra,Salaried,Under Graduate,209153,728
CUST05165,Customer_05165,52,Madhya Pradesh,Professional,Post Graduate,1630283,736
CUST05166,Customer_05166,60,Haryana,Salaried,Under Graduate,1214696,626
CUST05167,Customer_05167,33,Madhya Pradesh,Self-Employed,Graduate,1353547,653
CUST05168,Customer_05168,40,Karnataka,Salaried,Graduate,1505479,632
CUST05169,Customer_05169,55,Uttar Pradesh,Professional,Graduate,397132,691
CUST05170,Customer_05170,25,Madhya Pradesh,Self-Employed,Under Graduate,2039963,753
CUST05171,Customer_05171,29,Madhya Pradesh,Salaried,Graduate,1474832,721
CUST05172,Customer_05172,49,Gujarat,Salaried,Post Graduate,1489555,731
CUST05173,Customer_05173,26,Haryana,Salaried,Graduate,2289847,594
CUST05174,Customer_05174,45,Delhi,Salaried,Graduate,1828657,648
CUST05175,Customer_05175,51,Haryana,Salaried,Post Graduate,493016,779
CUST05176,Customer_05176,42,Maharashtra,Professional,Graduate,1523658,600
CUST05177,Customer_05177,22,Bihar,Self-Employed,Graduate,1129324,628
CUST05178,Customer_05178,25,Gujarat,Professional,Graduate,978216,738
CUST05179,Customer_05179,47,Madhya Pradesh,Salaried,Graduate,1293288,553
CUST05180,Customer_05180,45,West Bengal,Business,Graduate,1996306,615
CUST05181,Customer_05181,28,Maharashtra,Self-Employed,Graduate,339300,749
CUST05182,Customer_05182,21,Bihar,Salaried,Post Graduate,1613838,576
CUST05183,Customer_05183,40,Madhya Pradesh,Self-Employed,Graduate,1180764,633
CUST05184,Customer_05184,43,Karnataka,Salaried,Graduate,1160490,735
CUST05185,Customer_05185,52,Karnataka,Professional,Graduate,973052,607
CUST05186,Customer_05186,31,Bihar,Self-Employed,Graduate,646674,754
CUST05187,Customer_05187,59,Uttar Pradesh,Business,Graduate,739145,711
CUST05188,Customer_05188,44,Bihar,Self-Employed,Post Graduate,1900875,670
CUST05189,Customer_05189,31,Bihar,Self-Employed,Post Graduate,1452244,548
CUST05190,Customer_05190,49,West Bengal,Self-Employed,Under Graduate,1592757,692
CUST05191,Customer_05191,46,Rajasthan,Salaried,Under Graduate,642027,572
CUST05192,Customer_05192,36,Maharashtra,Salaried,Post Graduate,692907,561
CUST05193,Customer_05193,55,Bihar,Business,Post Graduate,547921,720
CUST05194,Customer_05194,40,Bihar,Professional,Post Graduate,2392836,711
CUST05195,Customer_05195,23,Haryana,Salaried,Post Graduate,2015853,539
CUST05196,Customer_05196,21,Uttar Pradesh,Professional,Post Graduate,997110,669
CUST05197,Customer_05197,21,Maharashtra,Salaried,Graduate,2344007,725
CUST05198,Customer_05198,37,West Bengal,Self-Employed,Graduate,2298639,710
CUST05199,Customer_05199,22,Uttar Pradesh,Salaried,Post Graduate,2181473,705
CUST05200,Customer_05200,49,Delhi,Salaried,Post Graduate,1496233,671
CUST05201,Customer_05201,40,Bihar,Salaried,Graduate,869757,771
CUST05202,Customer_05202,26,Madhya Pradesh,Salaried,Graduate,1337332,703
CUST05203,Customer_05203,28,Uttar Pradesh,Salaried,Graduate,1346576,775
CUST05204,Customer_05204,49,Maharashtra,Salaried,Under Graduate,1383168,693
CUST05205,Customer_05205,53,Rajasthan,Salaried,Graduate,1145016,605
CUST05206,Customer_05206,23,Maharashtra,Salaried,Post Graduate,889229,703
CUST05207,Customer_05207,55,Madhya Pradesh,Salaried,Under Graduate,223675,589
CUST05208,Customer_05208,25,Maharashtra,Self-Employed,Graduate,2006660,722
CUST05209,Customer_05209,47,Gujarat,Business,Under Graduate,353292,833
CUST05210,Customer_05210,32,Karnataka,Salaried,Under Graduate,2025970,695
CUST05211,Customer_05211,40,Uttar Pradesh,Salaried,Graduate,2275883,683
CUST05212,Customer_05212,40,Maharashtra,Business,Graduate,1424754,758
CUST05213,Customer_05213,29,Haryana,Salaried,Graduate,2227088,709
CUST05214,Customer_05214,59,Gujarat,Business,Graduate,1970458,850
CUST05215,Customer_05215,24,Uttar Pradesh,Salaried,Under Graduate,384418,687
CUST05216,Customer_05216,39,Rajasthan,Salaried,Graduate,458977,714
CUST05217,Customer_05217,58,Maharashtra,Salaried,Under Graduate,2215255,768
CUST05218,Customer_05218,47,Maharashtra,Salaried,Graduate,444057,580
CUST05219,Customer_05219,33,West Bengal,Business,Under Graduate,354829,744
CUST05220,Customer_05220,33,Delhi,Salaried,Graduate,1462585,657
CUST05221,Customer_05221,42,Gujarat,Professional,Post Graduate,1809940,667
CUST05222,Customer_05222,48,Maharashtra,Salaried,Graduate,231697,748
CUST05223,Customer_05223,42,Uttar Pradesh,Professional,Graduate,404438,638
CUST05224,Customer_05224,39,Karnataka,Salaried,Graduate,2006510,672
CUST05225,Customer_05225,28,Uttar Pradesh,Salaried,Graduate,2307270,679
CUST05226,Customer_05226,28,Bihar,Self-Employed,Graduate,216229,684
CUST05227,Customer_05227,46,Maharashtra,Salaried,Post Graduate,1423719,638
CUST05228,Customer_05228,46,Madhya Pradesh,Business,Graduate,1614520,732
CUST05229,Customer_05229,43,Maharashtra,Salaried,Post Graduate,399474,601
CUST05230,Customer_05230,33,Maharashtra,Self-Employed,Post Graduate,1797042,549
CUST05231,Customer_05231,48,Karnataka,Salaried,Post Graduate,947995,668
CUST05232,Customer_05232,29,Madhya Pradesh,Self-Employed,Under Graduate,210411,730
CUST05233,Customer_05233,40,Uttar Pradesh,Self-Employed,Under Graduate,1114344,732
CUST05234,Customer_05234,39,Delhi,Business,Graduate,1287804,713
CUST05235,Customer_05235,59,Maharashtra,Salaried,Graduate,1556900,665
CUST05236,Customer_05236,32,Rajasthan,Professional,Graduate,256057,720
CUST05237,Customer_05237,35,Gujarat,Professional,Graduate,1634493,680
CUST05238,Customer_05238,51,Maharashtra,Business,Graduate,1480045,685
CUST05239,Customer_05239,34,Bihar,Self-Employed,Graduate,1910722,500
CUST05240,Customer_05240,31,Delhi,Salaried,Graduate,2167402,657
CUST05241,Customer_05241,46,West Bengal,Salaried,Graduate,881876,542
CUST05242,Customer_05242,47,Rajasthan,Professional,Post Graduate,236515,849
CUST05243,Customer_05243,31,Uttar Pradesh,Professional,Graduate,644499,755
CUST05244,Customer_05244,58,Bihar,Salaried,Graduate,1183774,780
CUST05245,Customer_05245,54,Bihar,Salaried,Graduate,1747131,652
CUST05246,Customer_05246,39,Bihar,Business,Graduate,632602,684
CUST05247,Customer_05247,26,Rajasthan,Salaried,Graduate,237379,593
CUST05248,Customer_05248,58,Gujarat,Salaried,Graduate,2079824,603
CUST05249,Customer_05249,48,Uttar Pradesh,Professional,Graduate,1710585,670
CUST05250,Customer_05250,21,Maharashtra,Business,Graduate,1433684,648
CUST05251,Customer_05251,55,Rajasthan,Professional,Graduate,1747940,724
CUST05252,Customer_05252,60,Maharashtra,Salaried,Graduate,1955489,720
CUST05253,Customer_05253,28,West Bengal,Salaried,Graduate,2269440,660
CUST05254,Customer_05254,27,Rajasthan,Self-Employed,Post Graduate,2145391,752
CUST05255,Customer_05255,31,Karnataka,Self-Employed,Graduate,720962,603
CUST05256,Customer_05256,59,Karnataka,Salaried,Post Graduate,1589453,596
CUST05257,Customer_05257,24,Haryana,Business,Post Graduate,1990290,728
CUST05258,Customer_05258,45,Uttar Pradesh,Professional,Graduate,348367,731
CUST05259,Customer_05259,32,West Bengal,Salaried,Under Graduate,1841573,754
CUST05260,Customer_05260,46,Uttar Pradesh,Salaried,Graduate,2461976,582
CUST05261,Customer_05261,58,Uttar Pradesh,Salaried,Graduate,974664,628
CUST05262,Customer_05262,32,Bihar,Self-Employed,Graduate,970911,713
CUST05263,Customer_05263,57,Maharashtra,Salaried,Under Graduate,264853,714
CUST05264,Customer_05264,44,Maharashtra,Self-Employed,Under Graduate,656450,832
CUST05265,Customer_05265,36,Maharashtra,Self-Employed,Under Graduate,1410615,613
CUST05266,Customer_05266,33,Maharashtra,Business,Graduate,2365979,850
CUST05267,Customer_05267,45,Gujarat,Salaried,Under Graduate,488822,729
CUST05268,Customer_05268,24,Maharashtra,Self-Employed,Graduate,2269097,777
CUST05269,Customer_05269,31,Madhya Pradesh,Business,Post Graduate,1466478,736
CUST05270,Customer_05270,52,West Bengal,Self-Employed,Under Graduate,644345,635
CUST05271,Customer_05271,27,Rajasthan,Professional,Post Graduate,2470239,648
CUST05272,Customer_05272,31,Gujarat,Self-Employed,Graduate,1165716,690
CUST05273,Customer_05273,48,West Bengal,Professional,Post Graduate,794300,576
CUST05274,Customer_05274,43,Uttar Pradesh,Salaried,Graduate,1680769,568
CUST05275,Customer_05275,43,Bihar,Self-Employed,Graduate,578481,644
CUST05276,Customer_05276,48,Karnataka,Self-Employed,Post Graduate,620728,743
CUST05277,Customer_05277,46,West Bengal,Professional,Graduate,1074461,641
CUST05278,Customer_05278,45,Madhya Pradesh,Salaried,Graduate,787316,685
CUST05279,Customer_05279,49,Uttar Pradesh,Salaried,Post Graduate,296274,679
CUST05280,Customer_05280,39,Karnataka,Self-Employed,Post Graduate,1708840,766
CUST05281,Customer_05281,53,Uttar Pradesh,Salaried,Graduate,508792,722
CUST05282,Customer_05282,56,Bihar,Self-Employed,Graduate,246648,754
CUST05283,Customer_05283,34,Bihar,Professional,Under Graduate,2385914,777
CUST05284,Customer_05284,34,Rajasthan,Professional,Graduate,422068,616
CUST05285,Customer_05285,55,Haryana,Salaried,Post Graduate,1842843,534
CUST05286,Customer_05286,50,Haryana,Salaried,Under Graduate,958013,659
CUST05287,Customer_05287,48,Delhi,Self-Employed,Graduate,1121216,775
CUST05288,Customer_05288,37,Uttar Pradesh,Self-Employed,Graduate,1949514,742
CUST05289,Customer_05289,23,Madhya Pradesh,Self-Employed,Graduate,421113,662
CUST05290,Customer_05290,36,Delhi,Business,Post Graduate,382485,834
CUST05291,Customer_05291,50,Rajasthan,Self-Employed,Post Graduate,862241,748
CUST05292,Customer_05292,49,West Bengal,Salaried,Post Graduate,1112995,645
CUST05293,Customer_05293,35,Haryana,Business,Graduate,1045324,777
CUST05294,Customer_05294,45,Gujarat,Salaried,Graduate,1798933,571
CUST05295,Customer_05295,58,Uttar Pradesh,Salaried,Graduate,2323425,715
CUST05296,Customer_05296,58,Gujarat,Business,Post Graduate,668965,650
CUST05297,Customer_05297,43,Karnataka,Self-Employed,Post Graduate,1410086,685
CUST05298,Customer_05298,45,Bihar,Self-Employed,Graduate,497302,735
CUST05299,Customer_05299,27,Haryana,Salaried,Post Graduate,322632,759
CUST05300,Customer_05300,42,Maharashtra,Salaried,Post Graduate,1834260,698
CUST05301,Customer_05301,37,Madhya Pradesh,Salaried,Under Graduate,1478026,673
CUST05302,Customer_05302,38,Gujarat,Self-Employed,Graduate,1681252,561
CUST05303,Customer_05303,30,Gujarat,Salaried,Graduate,1935703,573
CUST05304,Customer_05304,30,Karnataka,Self-Employed,Graduate,1703894,497
CUST05305,Customer_05305,27,Maharashtra,Business,Post Graduate,1572514,702
CUST05306,Customer_05306,58,Maharashtra,Self-Employed,Post Graduate,1787733,759
CUST05307,Customer_05307,47,Gujarat,Business,Post Graduate,2253680,511
CUST05308,Customer_05308,53,Uttar Pradesh,Business,Graduate,2490303,769
CUST05309,Customer_05309,21,Rajasthan,Business,Post Graduate,1718007,794
CUST05310,Customer_05310,54,Uttar Pradesh,Self-Employed,Graduate,1010849,704
CUST05311,Customer_05311,24,Uttar Pradesh,Salaried,Under Graduate,2020576,806
CUST05312,Customer_05312,37,Gujarat,Self-Employed,Graduate,1461332,687
CUST05313,Customer_05313,24,Delhi,Business,Graduate,2498536,596
CUST05314,Customer_05314,46,Uttar Pradesh,Salaried,Graduate,1754171,665
CUST05315,Customer_05315,24,Maharashtra,Business,Graduate,1042354,810
CUST05316,Customer_05316,21,Uttar Pradesh,Self-Employed,Graduate,464087,644
CUST05317,Customer_05317,27,Rajasthan,Salaried,Graduate,2101734,721
CUST05318,Customer_05318,50,Uttar Pradesh,Self-Employed,Graduate,779785,731
CUST05319,Customer_05319,29,Rajasthan,Salaried,Graduate,1969111,778
CUST05320,Customer_05320,55,Delhi,Salaried,Under Graduate,739650,550
CUST05321,Customer_05321,28,Gujarat,Business,Graduate,1484466,794
CUST05322,Customer_05322,44,Maharashtra,Self-Employed,Under Graduate,184967,619
CUST05323,Customer_05323,39,Gujarat,Self-Employed,Under Graduate,2318686,804
CUST05324,Customer_05324,56,Karnataka,Salaried,Graduate,1769329,663
CUST05325,Customer_05325,47,Bihar,Self-Employed,Graduate,567994,663
CUST05326,Customer_05326,52,Bihar,Salaried,Graduate,1073213,748
CUST05327,Customer_05327,34,Madhya Pradesh,Business,Post Graduate,1617267,788
CUST05328,Customer_05328,38,Maharashtra,Business,Post Graduate,724217,655
CUST05329,Customer_05329,48,Gujarat,Business,Graduate,1341199,669
CUST05330,Customer_05330,49,Haryana,Salaried,Graduate,397293,644
CUST05331,Customer_05331,36,Rajasthan,Self-Employed,Graduate,1148111,647
CUST05332,Customer_05332,55,Gujarat,Business,Graduate,2293630,727
CUST05333,Customer_05333,51,Gujarat,Salaried,Under Graduate,769374,683
CUST05334,Customer_05334,24,Uttar Pradesh,Salaried,Graduate,2110615,784
CUST05335,Customer_05335,57,Maharashtra,Business,Graduate,1195944,638
CUST05336,Customer_05336,37,Karnataka,Business,Graduate,1672981,746
CUST05337,Customer_05337,59,West Bengal,Salaried,Post Graduate,458132,743
CUST05338,Customer_05338,46,Haryana,Salaried,Graduate,1587678,669
CUST05339,Customer_05339,59,Karnataka,Self-Employed,Graduate,1363318,671
CUST05340,Customer_05340,24,Maharashtra,Salaried,Graduate,2352225,727
CUST05341,Customer_05341,50,Maharashtra,Self-Employed,Graduate,2298180,638
CUST05342,Customer_05342,50,Bihar,Salaried,Post Graduate,2197916,663
CUST05343,Customer_05343,42,Uttar Pradesh,Self-Employed,Graduate,2155296,592
CUST05344,Customer_05344,31,Haryana,Business,Post Graduate,332913,622
CUST05345,Customer_05345,22,West Bengal,Business,Graduate,1118054,612
CUST05346,Customer_05346,32,Haryana,Self-Employed,Graduate,774027,620
CUST05347,Customer_05347,50,Madhya Pradesh,Salaried,Post Graduate,228617,558
CUST05348,Customer_05348,56,Maharashtra,Salaried,Graduate,2470868,566
CUST05349,Customer_05349,38,Maharashtra,Salaried,Post Graduate,1477432,755
CUST05350,Customer_05350,46,Bihar,Self-Employed,Graduate,1132105,679
CUST05351,Customer_05351,27,Gujarat,Professional,Under Graduate,1460202,783
CUST05352,Customer_05352,21,Rajasthan,Self-Employed,Graduate,1160187,768
CUST05353,Customer_05353,46,West Bengal,Salaried,Graduate,2228568,655
CUST05354,Customer_05354,43,Karnataka,Salaried,Graduate,1912771,621
CUST05355,Customer_05355,46,Uttar Pradesh,Salaried,Graduate,987841,701
CUST05356,Customer_05356,26,Uttar Pradesh,Salaried,Post Graduate,898765,657
CUST05357,Customer_05357,26,Gujarat,Self-Employed,Graduate,1363923,738
CUST05358,Customer_05358,28,Maharashtra,Salaried,Under Graduate,2244349,541
CUST05359,Customer_05359,44,Haryana,Salaried,Graduate,1952117,715
CUST05360,Customer_05360,42,Madhya Pradesh,Salaried,Graduate,1225614,809
CUST05361,Customer_05361,39,Maharashtra,Self-Employed,Post Graduate,1433021,660
CUST05362,Customer_05362,57,Rajasthan,Self-Employed,Under Graduate,2338117,736
CUST05363,Customer_05363,38,Bihar,Business,Graduate,288485,598
CUST05364,Customer_05364,51,Karnataka,Salaried,Under Graduate,2350213,645
CUST05365,Customer_05365,57,Uttar Pradesh,Business,Under Graduate,615258,624
CUST05366,Customer_05366,50,Karnataka,Self-Employed,Under Graduate,762606,805
CUST05367,Customer_05367,53,Gujarat,Salaried,Under Graduate,274266,837
CUST05368,Customer_05368,30,Delhi,Salaried,Under Graduate,1069863,653
CUST05369,Customer_05369,57,Uttar Pradesh,Salaried,Post Graduate,536757,788
CUST05370,Customer_05370,32,Gujarat,Self-Employed,Under Graduate,666871,734
CUST05371,Customer_05371,50,Madhya Pradesh,Salaried,Graduate,2405172,661
CUST05372,Customer_05372,47,Madhya Pradesh,Business,Graduate,204987,809
CUST05373,Customer_05373,59,Haryana,Salaried,Post Graduate,2395216,647
CUST05374,Customer_05374,29,Madhya Pradesh,Self-Employed,Under Graduate,972470,642
CUST05375,Customer_05375,41,Karnataka,Salaried,Graduate,1231351,613
CUST05376,Customer_05376,32,Maharashtra,Self-Employed,Under Graduate,2153557,757
CUST05377,Customer_05377,49,Haryana,Business,Graduate,247819,619
CUST05378,Customer_05378,53,Uttar Pradesh,Professional,Graduate,1769910,679
CUST05379,Customer_05379,35,Haryana,Salaried,Graduate,2408975,664
CUST05380,Customer_05380,22,West Bengal,Salaried,Graduate,1592178,651
CUST05381,Customer_05381,59,Bihar,Business,Under Graduate,1016852,673
CUST05382,Customer_05382,38,Rajasthan,Salaried,Graduate,1726814,659
CUST05383,Customer_05383,23,Gujarat,Self-Employed,Post Graduate,495401,809
CUST05384,Customer_05384,27,Uttar Pradesh,Professional,Graduate,747384,723
CUST05385,Customer_05385,38,Rajasthan,Self-Employed,Under Graduate,1129132,697
CUST05386,Customer_05386,58,Bihar,Salaried,Under Graduate,919653,659
CUST05387,Customer_05387,57,Karnataka,Business,Graduate,256061,596
CUST05388,Customer_05388,53,Karnataka,Professional,Graduate,1777654,643
CUST05389,Customer_05389,51,Gujarat,Business,Graduate,819971,688
CUST05390,Customer_05390,31,Gujarat,Salaried,Graduate,2221679,685
CUST05391,Customer_05391,24,Delhi,Professional,Graduate,1389415,701
CUST05392,Customer_05392,38,Bihar,Professional,Under Graduate,1496047,800
CUST05393,Customer_05393,24,Bihar,Professional,Under Graduate,1608618,656
CUST05394,Customer_05394,54,Madhya Pradesh,Salaried,Graduate,1457685,796
CUST05395,Customer_05395,49,West Bengal,Business,Under Graduate,1207450,675
CUST05396,Customer_05396,44,Delhi,Self-Employed,Graduate,893685,705
CUST05397,Customer_05397,42,Madhya Pradesh,Salaried,Graduate,1933489,683
CUST05398,Customer_05398,22,Delhi,Self-Employed,Post Graduate,2136362,790
CUST05399,Customer_05399,26,Bihar,Business,Graduate,2273884,627
CUST05400,Customer_05400,45,Delhi,Business,Graduate,454788,750
CUST05401,Customer_05401,41,Bihar,Business,Graduate,783451,821
CUST05402,Customer_05402,36,Maharashtra,Salaried,Post Graduate,2107025,682
CUST05403,Customer_05403,51,Madhya Pradesh,Self-Employed,Under Graduate,668546,473
CUST05404,Customer_05404,34,Gujarat,Self-Employed,Post Graduate,1093672,606
CUST05405,Customer_05405,59,Rajasthan,Business,Post Graduate,604846,658
CUST05406,Customer_05406,48,Madhya Pradesh,Salaried,Graduate,1481493,720
CUST05407,Customer_05407,52,Gujarat,Business,Graduate,251410,789
CUST05408,Customer_05408,48,Delhi,Self-Employed,Under Graduate,2010911,682
CUST05409,Customer_05409,29,Karnataka,Professional,Graduate,1603140,657
CUST05410,Customer_05410,42,Bihar,Self-Employed,Graduate,1981899,740
CUST05411,Customer_05411,52,West Bengal,Self-Employed,Graduate,1345252,678
CUST05412,Customer_05412,25,Gujarat,Professional,Under Graduate,498473,692
CUST05413,Customer_05413,43,Haryana,Business,Graduate,1793772,654
CUST05414,Customer_05414,25,Gujarat,Salaried,Under Graduate,727043,813
CUST05415,Customer_05415,52,Maharashtra,Salaried,Graduate,1153044,704
CUST05416,Customer_05416,30,Uttar Pradesh,Business,Post Graduate,732644,778
CUST05417,Customer_05417,59,Delhi,Salaried,Graduate,677452,718
CUST05418,Customer_05418,35,Rajasthan,Business,Under Graduate,2354412,774
CUST05419,Customer_05419,27,Gujarat,Self-Employed,Graduate,975559,754
CUST05420,Customer_05420,49,Rajasthan,Professional,Graduate,1044637,753
CUST05421,Customer_05421,23,Maharashtra,Self-Employed,Graduate,1894814,725
CUST05422,Customer_05422,39,Maharashtra,Business,Graduate,1663273,576
CUST05423,Customer_05423,30,Delhi,Salaried,Under Graduate,542324,573
CUST05424,Customer_05424,48,Maharashtra,Self-Employed,Post Graduate,1252977,613
CUST05425,Customer_05425,49,Delhi,Salaried,Under Graduate,401350,778
CUST05426,Customer_05426,35,Bihar,Business,Graduate,2332514,739
CUST05427,Customer_05427,55,Delhi,Business,Post Graduate,276867,665
CUST05428,Customer_05428,26,Uttar Pradesh,Salaried,Under Graduate,2260450,799
CUST05429,Customer_05429,32,Maharashtra,Salaried,Post Graduate,2227587,766
CUST05430,Customer_05430,58,Gujarat,Business,Graduate,1579370,730
CUST05431,Customer_05431,33,Madhya Pradesh,Business,Post Graduate,2460311,744
CUST05432,Customer_05432,49,Maharashtra,Self-Employed,Post Graduate,1059803,735
CUST05433,Customer_05433,39,Karnataka,Professional,Graduate,2002075,598
CUST05434,Customer_05434,23,Maharashtra,Business,Graduate,1161231,694
CUST05435,Customer_05435,28,Bihar,Salaried,Graduate,414968,731
CUST05436,Customer_05436,28,Maharashtra,Salaried,Under Graduate,1372111,688
CUST05437,Customer_05437,40,Bihar,Self-Employed,Graduate,850008,637
CUST05438,Customer_05438,24,Rajasthan,Business,Graduate,2122047,561
CUST05439,Customer_05439,41,Maharashtra,Self-Employed,Post Graduate,2467950,629
CUST05440,Customer_05440,23,Delhi,Business,Post Graduate,265370,759
CUST05441,Customer_05441,28,Bihar,Salaried,Under Graduate,2166169,732
CUST05442,Customer_05442,43,Delhi,Professional,Graduate,1662267,571
CUST05443,Customer_05443,36,Maharashtra,Business,Post Graduate,1886684,747
CUST05444,Customer_05444,33,Bihar,Salaried,Graduate,398251,592
CUST05445,Customer_05445,23,Uttar Pradesh,Salaried,Graduate,1476142,676
CUST05446,Customer_05446,29,Delhi,Salaried,Graduate,2450550,751
CUST05447,Customer_05447,34,Gujarat,Business,Post Graduate,1955884,666
CUST05448,Customer_05448,33,Haryana,Business,Post Graduate,1321541,586
CUST05449,Customer_05449,27,Rajasthan,Self-Employed,Graduate,2133901,494
CUST05450,Customer_05450,35,Haryana,Salaried,Graduate,860702,619
CUST05451,Customer_05451,27,Gujarat,Salaried,Post Graduate,1023810,657
CUST05452,Customer_05452,58,Uttar Pradesh,Self-Employed,Graduate,2248299,720
CUST05453,Customer_05453,54,Maharashtra,Salaried,Graduate,2336141,645
CUST05454,Customer_05454,42,Rajasthan,Salaried,Graduate,2381321,651
CUST05455,Customer_05455,44,Madhya Pradesh,Salaried,Graduate,334722,651
CUST05456,Customer_05456,57,Uttar Pradesh,Salaried,Graduate,1481110,637
CUST05457,Customer_05457,21,Gujarat,Self-Employed,Post Graduate,1421097,829
CUST05458,Customer_05458,30,Madhya Pradesh,Business,Graduate,1767293,709
CUST05459,Customer_05459,36,Rajasthan,Salaried,Under Graduate,1718289,619
CUST05460,Customer_05460,28,Maharashtra,Self-Employed,Post Graduate,1927625,532
CUST05461,Customer_05461,45,Madhya Pradesh,Salaried,Graduate,1654480,699
CUST05462,Customer_05462,32,Uttar Pradesh,Self-Employed,Post Graduate,2075015,799
CUST05463,Customer_05463,45,Uttar Pradesh,Professional,Graduate,2379754,728
CUST05464,Customer_05464,37,Delhi,Salaried,Post Graduate,1232051,850
CUST05465,Customer_05465,46,Bihar,Salaried,Post Graduate,1619710,647
CUST05466,Customer_05466,34,Bihar,Salaried,Under Graduate,1595584,730
CUST05467,Customer_05467,56,Maharashtra,Self-Employed,Under Graduate,1747521,577
CUST05468,Customer_05468,43,Rajasthan,Self-Employed,Graduate,1512145,558
CUST05469,Customer_05469,26,Uttar Pradesh,Salaried,Post Graduate,657320,676
CUST05470,Customer_05470,25,Maharashtra,Salaried,Graduate,1667622,777
CUST05471,Customer_05471,45,Rajasthan,Business,Under Graduate,2069160,816
CUST05472,Customer_05472,38,Rajasthan,Self-Employed,Graduate,356745,694
CUST05473,Customer_05473,33,West Bengal,Self-Employed,Post Graduate,947748,622
CUST05474,Customer_05474,34,Bihar,Professional,Graduate,951187,525
CUST05475,Customer_05475,48,Bihar,Salaried,Graduate,249769,645
CUST05476,Customer_05476,38,Rajasthan,Business,Graduate,1510336,686
CUST05477,Customer_05477,48,Maharashtra,Professional,Graduate,2320779,646
CUST05478,Customer_05478,47,Karnataka,Salaried,Graduate,401431,555
CUST05479,Customer_05479,52,Madhya Pradesh,Self-Employed,Graduate,474158,689
CUST05480,Customer_05480,29,Maharashtra,Self-Employed,Graduate,888832,663
CUST05481,Customer_05481,60,Haryana,Business,Graduate,2401176,723
CUST05482,Customer_05482,52,Uttar Pradesh,Salaried,Graduate,417482,628
CUST05483,Customer_05483,40,West Bengal,Business,Graduate,1327342,661
CUST05484,Customer_05484,48,Karnataka,Professional,Under Graduate,2165427,690
CUST05485,Customer_05485,53,Madhya Pradesh,Business,Post Graduate,825359,716
CUST05486,Customer_05486,24,Uttar Pradesh,Professional,Graduate,552756,652
CUST05487,Customer_05487,54,Maharashtra,Business,Graduate,1955388,630
CUST05488,Customer_05488,23,Maharashtra,Professional,Graduate,2047356,605
CUST05489,Customer_05489,46,Maharashtra,Salaried,Under Graduate,2008001,694
CUST05490,Customer_05490,28,Rajasthan,Business,Graduate,836136,659
CUST05491,Customer_05491,26,West Bengal,Business,Post Graduate,1422141,815
CUST05492,Customer_05492,36,Rajasthan,Salaried,Graduate,1197267,673
CUST05493,Customer_05493,44,Gujarat,Salaried,Graduate,1333910,698
CUST05494,Customer_05494,59,Gujarat,Self-Employed,Post Graduate,2029731,757
CUST05495,Customer_05495,50,Karnataka,Salaried,Graduate,2445767,766
CUST05496,Customer_05496,33,Uttar Pradesh,Salaried,Graduate,735615,654
CUST05497,Customer_05497,25,Bihar,Salaried,Under Graduate,2469798,829
CUST05498,Customer_05498,45,Haryana,Professional,Graduate,1543511,847
CUST05499,Customer_05499,40,Haryana,Salaried,Graduate,1728945,662
CUST05500,Customer_05500,38,Karnataka,Business,Graduate,1674029,688
CUST05501,Customer_05501,38,Gujarat,Salaried,Under Graduate,1989953,711
CUST05502,Customer_05502,22,Maharashtra,Self-Employed,Post Graduate,2270699,629
CUST05503,Customer_05503,30,Rajasthan,Self-Employed,Graduate,1963381,683
CUST05504,Customer_05504,32,Uttar Pradesh,Self-Employed,Under Graduate,1479324,613
CUST05505,Customer_05505,33,Gujarat,Business,Graduate,1083321,682
CUST05506,Customer_05506,31,Madhya Pradesh,Business,Graduate,2407132,675
CUST05507,Customer_05507,39,Gujarat,Business,Graduate,2428065,715
CUST05508,Customer_05508,55,West Bengal,Salaried,Post Graduate,2295889,727
CUST05509,Customer_05509,59,Gujarat,Business,Post Graduate,1705360,684
CUST05510,Customer_05510,46,Bihar,Self-Employed,Graduate,1197487,784
CUST05511,Customer_05511,34,Maharashtra,Salaried,Graduate,1374337,617
CUST05512,Customer_05512,44,Karnataka,Business,Under Graduate,2445994,659
CUST05513,Customer_05513,21,Maharashtra,Business,Under Graduate,1422778,635
CUST05514,Customer_05514,42,Uttar Pradesh,Salaried,Post Graduate,1442421,801
CUST05515,Customer_05515,43,Maharashtra,Professional,Graduate,1597808,674
CUST05516,Customer_05516,39,Rajasthan,Business,Under Graduate,1772654,675
CUST05517,Customer_05517,38,Uttar Pradesh,Salaried,Post Graduate,1280680,786
CUST05518,Customer_05518,32,West Bengal,Salaried,Under Graduate,294507,574
CUST05519,Customer_05519,48,West Bengal,Professional,Graduate,365287,612
CUST05520,Customer_05520,48,West Bengal,Business,Post Graduate,1503905,679
CUST05521,Customer_05521,53,Uttar Pradesh,Salaried,Under Graduate,2483536,646
CUST05522,Customer_05522,39,West Bengal,Self-Employed,Graduate,1987151,755
CUST05523,Customer_05523,48,West Bengal,Self-Employed,Post Graduate,1763670,582
CUST05524,Customer_05524,57,West Bengal,Self-Employed,Under Graduate,828258,734
CUST05525,Customer_05525,46,Gujarat,Self-Employed,Graduate,1507730,615
CUST05526,Customer_05526,55,Gujarat,Self-Employed,Post Graduate,675727,709
CUST05527,Customer_05527,54,Uttar Pradesh,Self-Employed,Graduate,666506,756
CUST05528,Customer_05528,55,Karnataka,Professional,Graduate,1395464,830
CUST05529,Customer_05529,60,Uttar Pradesh,Professional,Graduate,385516,577
CUST05530,Customer_05530,36,Maharashtra,Business,Graduate,1608480,698
CUST05531,Customer_05531,58,West Bengal,Professional,Post Graduate,482815,761
CUST05532,Customer_05532,33,Bihar,Business,Graduate,809317,695
CUST05533,Customer_05533,43,Uttar Pradesh,Salaried,Under Graduate,2035125,719
CUST05534,Customer_05534,42,West Bengal,Professional,Graduate,1560720,637
CUST05535,Customer_05535,36,West Bengal,Salaried,Post Graduate,1550838,666
CUST05536,Customer_05536,48,Maharashtra,Salaried,Graduate,2410069,632
CUST05537,Customer_05537,55,Karnataka,Self-Employed,Graduate,782253,736
CUST05538,Customer_05538,28,Bihar,Self-Employed,Graduate,761017,829
CUST05539,Customer_05539,42,Bihar,Self-Employed,Graduate,1440346,702
CUST05540,Customer_05540,41,Maharashtra,Business,Under Graduate,629685,695
CUST05541,Customer_05541,46,Uttar Pradesh,Salaried,Post Graduate,2498085,530
CUST05542,Customer_05542,60,Maharashtra,Professional,Under Graduate,1641054,685
CUST05543,Customer_05543,41,Uttar Pradesh,Salaried,Post Graduate,753822,733
CUST05544,Customer_05544,45,Karnataka,Professional,Post Graduate,2057257,566
CUST05545,Customer_05545,21,Gujarat,Salaried,Graduate,840428,702
CUST05546,Customer_05546,26,Karnataka,Self-Employed,Graduate,2156309,689
CUST05547,Customer_05547,43,Delhi,Self-Employed,Post Graduate,2235164,539
CUST05548,Customer_05548,43,Uttar Pradesh,Self-Employed,Graduate,1057429,721
CUST05549,Customer_05549,43,West Bengal,Salaried,Graduate,1797318,658
CUST05550,Customer_05550,52,Karnataka,Salaried,Graduate,1952486,699
CUST05551,Customer_05551,50,Bihar,Salaried,Graduate,1056852,714
CUST05552,Customer_05552,33,Uttar Pradesh,Self-Employed,Graduate,2073078,633
CUST05553,Customer_05553,38,Gujarat,Professional,Graduate,510784,716
CUST05554,Customer_05554,43,Delhi,Salaried,Graduate,1961535,652
CUST05555,Customer_05555,35,Karnataka,Self-Employed,Graduate,1080550,700
CUST05556,Customer_05556,53,Uttar Pradesh,Business,Graduate,2261480,641
CUST05557,Customer_05557,41,Uttar Pradesh,Salaried,Graduate,2491094,771
CUST05558,Customer_05558,59,Madhya Pradesh,Salaried,Graduate,1206612,742
CUST05559,Customer_05559,43,Madhya Pradesh,Salaried,Under Graduate,1804216,664
CUST05560,Customer_05560,47,Uttar Pradesh,Salaried,Post Graduate,1488376,743
CUST05561,Customer_05561,38,Bihar,Salaried,Under Graduate,2435851,659
CUST05562,Customer_05562,44,Madhya Pradesh,Salaried,Graduate,1279398,706
CUST05563,Customer_05563,60,Delhi,Salaried,Graduate,1929565,626
CUST05564,Customer_05564,27,Maharashtra,Business,Post Graduate,404318,762
CUST05565,Customer_05565,40,Rajasthan,Business,Graduate,1705827,681
CUST05566,Customer_05566,47,Haryana,Business,Graduate,836206,639
CUST05567,Customer_05567,26,West Bengal,Self-Employed,Post Graduate,1129896,707
CUST05568,Customer_05568,47,Maharashtra,Salaried,Post Graduate,2276581,559
CUST05569,Customer_05569,29,Maharashtra,Salaried,Graduate,2243966,614
CUST05570,Customer_05570,51,West Bengal,Salaried,Graduate,2128523,668
CUST05571,Customer_05571,41,Bihar,Self-Employed,Post Graduate,391190,699
CUST05572,Customer_05572,46,Delhi,Professional,Graduate,1938523,699
CUST05573,Customer_05573,60,Madhya Pradesh,Salaried,Under Graduate,233539,649
CUST05574,Customer_05574,33,Maharashtra,Self-Employed,Under Graduate,534517,734
CUST05575,Customer_05575,43,Gujarat,Self-Employed,Under Graduate,317983,598
CUST05576,Customer_05576,40,Gujarat,Business,Graduate,1402191,670
CUST05577,Customer_05577,57,Madhya Pradesh,Salaried,Graduate,2398588,770
CUST05578,Customer_05578,48,Uttar Pradesh,Salaried,Under Graduate,1970962,733
CUST05579,Customer_05579,37,West Bengal,Business,Graduate,1873105,786
CUST05580,Customer_05580,48,Bihar,Salaried,Graduate,1383273,850
CUST05581,Customer_05581,22,Gujarat,Self-Employed,Graduate,2355600,644
CUST05582,Customer_05582,45,Karnataka,Business,Graduate,297399,716
CUST05583,Customer_05583,26,Bihar,Professional,Post Graduate,2352166,629
CUST05584,Customer_05584,31,Delhi,Salaried,Under Graduate,2441049,608
CUST05585,Customer_05585,58,West Bengal,Salaried,Post Graduate,1959348,722
CUST05586,Customer_05586,26,Bihar,Salaried,Post Graduate,1944768,692
CUST05587,Customer_05587,31,Bihar,Self-Employed,Graduate,1754168,660
CUST05588,Customer_05588,34,Karnataka,Self-Employed,Graduate,1803646,733
CUST05589,Customer_05589,22,Uttar Pradesh,Professional,Graduate,1314799,663
CUST05590,Customer_05590,60,Uttar Pradesh,Self-Employed,Graduate,2152083,577
CUST05591,Customer_05591,23,Karnataka,Self-Employed,Graduate,1614766,741
CUST05592,Customer_05592,55,Haryana,Salaried,Post Graduate,1638588,639
CUST05593,Customer_05593,53,West Bengal,Salaried,Graduate,1017202,746
CUST05594,Customer_05594,44,Uttar Pradesh,Salaried,Under Graduate,1299248,717
CUST05595,Customer_05595,39,Uttar Pradesh,Salaried,Under Graduate,1950211,493
CUST05596,Customer_05596,38,Uttar Pradesh,Business,Graduate,1675843,668
CUST05597,Customer_05597,44,Gujarat,Self-Employed,Graduate,1061058,619
CUST05598,Customer_05598,55,Madhya Pradesh,Salaried,Post Graduate,2392758,760
CUST05599,Customer_05599,21,Bihar,Self-Employed,Under Graduate,2317505,647
CUST05600,Customer_05600,56,Uttar Pradesh,Salaried,Under Graduate,2043666,754
CUST05601,Customer_05601,45,Gujarat,Salaried,Graduate,1299733,695
CUST05602,Customer_05602,54,Madhya Pradesh,Business,Graduate,1129329,647
CUST05603,Customer_05603,45,Uttar Pradesh,Professional,Graduate,1383839,728
CUST05604,Customer_05604,36,Karnataka,Salaried,Graduate,1896303,756
CUST05605,Customer_05605,54,Maharashtra,Business,Graduate,2234332,601
CUST05606,Customer_05606,49,Delhi,Self-Employed,Post Graduate,2067387,575
CUST05607,Customer_05607,39,Karnataka,Salaried,Graduate,2418033,684
CUST05608,Customer_05608,43,Madhya Pradesh,Self-Employed,Under Graduate,1205684,660
CUST05609,Customer_05609,39,Maharashtra,Salaried,Graduate,1188125,726
CUST05610,Customer_05610,45,Maharashtra,Salaried,Graduate,2020640,749
CUST05611,Customer_05611,36,Karnataka,Salaried,Graduate,975318,565
CUST05612,Customer_05612,29,Maharashtra,Salaried,Graduate,1773264,662
CUST05613,Customer_05613,21,Delhi,Salaried,Post Graduate,603008,573
CUST05614,Customer_05614,39,West Bengal,Salaried,Graduate,1345332,588
CUST05615,Customer_05615,53,West Bengal,Self-Employed,Under Graduate,2372738,564
CUST05616,Customer_05616,54,Madhya Pradesh,Business,Under Graduate,2340566,661
CUST05617,Customer_05617,36,Haryana,Salaried,Under Graduate,1774872,571
CUST05618,Customer_05618,60,West Bengal,Salaried,Graduate,2417662,640
CUST05619,Customer_05619,38,Bihar,Salaried,Graduate,417967,625
CUST05620,Customer_05620,54,Maharashtra,Business,Graduate,1538879,664
CUST05621,Customer_05621,45,Uttar Pradesh,Salaried,Post Graduate,605975,690
CUST05622,Customer_05622,26,Uttar Pradesh,Business,Under Graduate,1945864,684
CUST05623,Customer_05623,41,Karnataka,Salaried,Graduate,1818687,598
CUST05624,Customer_05624,26,Madhya Pradesh,Professional,Post Graduate,1506516,687
CUST05625,Customer_05625,52,Karnataka,Salaried,Under Graduate,2085076,658
CUST05626,Customer_05626,59,Haryana,Salaried,Under Graduate,2048216,724
CUST05627,Customer_05627,51,Gujarat,Self-Employed,Graduate,398084,640
CUST05628,Customer_05628,30,Madhya Pradesh,Self-Employed,Graduate,711152,734
CUST05629,Customer_05629,50,Uttar Pradesh,Self-Employed,Graduate,2160645,617
CUST05630,Customer_05630,38,Karnataka,Salaried,Post Graduate,1190128,620
CUST05631,Customer_05631,44,Bihar,Salaried,Graduate,507865,682
CUST05632,Customer_05632,29,Madhya Pradesh,Self-Employed,Graduate,266177,561
CUST05633,Customer_05633,51,Uttar Pradesh,Professional,Graduate,327420,624
CUST05634,Customer_05634,35,West Bengal,Professional,Graduate,1860839,776
CUST05635,Customer_05635,24,Karnataka,Self-Employed,Graduate,1397302,740
CUST05636,Customer_05636,60,Madhya Pradesh,Salaried,Post Graduate,1593664,661
CUST05637,Customer_05637,29,Madhya Pradesh,Salaried,Under Graduate,1353916,850
CUST05638,Customer_05638,29,Gujarat,Business,Graduate,803736,677
CUST05639,Customer_05639,46,Maharashtra,Business,Post Graduate,1380196,701
CUST05640,Customer_05640,24,Maharashtra,Professional,Post Graduate,2439236,799
CUST05641,Customer_05641,37,Gujarat,Self-Employed,Graduate,2209270,714
CUST05642,Customer_05642,36,Uttar Pradesh,Business,Under Graduate,1819034,666
CUST05643,Customer_05643,35,Rajasthan,Business,Graduate,2163767,742
CUST05644,Customer_05644,55,Rajasthan,Self-Employed,Post Graduate,1704244,736
CUST05645,Customer_05645,25,Bihar,Business,Post Graduate,1025657,635
CUST05646,Customer_05646,25,Maharashtra,Salaried,Post Graduate,553289,674
CUST05647,Customer_05647,40,Bihar,Self-Employed,Graduate,1128124,700
CUST05648,Customer_05648,35,Bihar,Professional,Post Graduate,377560,701
CUST05649,Customer_05649,38,Rajasthan,Salaried,Post Graduate,739861,625
CUST05650,Customer_05650,22,Gujarat,Business,Post Graduate,1537851,712
CUST05651,Customer_05651,49,West Bengal,Salaried,Under Graduate,1857950,663
CUST05652,Customer_05652,33,Uttar Pradesh,Business,Post Graduate,1847499,726
CUST05653,Customer_05653,24,Karnataka,Self-Employed,Graduate,420783,757
CUST05654,Customer_05654,30,Maharashtra,Professional,Graduate,2019138,629
CUST05655,Customer_05655,51,Madhya Pradesh,Business,Post Graduate,376187,663
CUST05656,Customer_05656,28,Madhya Pradesh,Salaried,Post Graduate,2432550,704
CUST05657,Customer_05657,23,Madhya Pradesh,Salaried,Graduate,1543413,745
CUST05658,Customer_05658,29,Delhi,Business,Graduate,1927469,647
CUST05659,Customer_05659,50,Bihar,Salaried,Graduate,2280538,693
CUST05660,Customer_05660,31,Maharashtra,Self-Employed,Graduate,830723,811
CUST05661,Customer_05661,55,Karnataka,Salaried,Graduate,746985,752
CUST05662,Customer_05662,57,Maharashtra,Business,Graduate,2304151,671
CUST05663,Customer_05663,33,Maharashtra,Salaried,Graduate,1157551,830
CUST05664,Customer_05664,56,Uttar Pradesh,Professional,Graduate,1045262,725
CUST05665,Customer_05665,33,Maharashtra,Business,Post Graduate,437519,821
CUST05666,Customer_05666,32,Rajasthan,Salaried,Graduate,1823895,774
CUST05667,Customer_05667,57,Madhya Pradesh,Self-Employed,Graduate,1744138,850
CUST05668,Customer_05668,30,Maharashtra,Professional,Post Graduate,1356874,801
CUST05669,Customer_05669,29,Uttar Pradesh,Business,Under Graduate,1716353,656
CUST05670,Customer_05670,27,Delhi,Salaried,Graduate,1502867,751
CUST05671,Customer_05671,22,Delhi,Professional,Under Graduate,1953024,623
CUST05672,Customer_05672,43,West Bengal,Salaried,Graduate,2425586,759
CUST05673,Customer_05673,59,Karnataka,Salaried,Graduate,660649,818
CUST05674,Customer_05674,60,Karnataka,Business,Graduate,1646770,628
CUST05675,Customer_05675,59,Haryana,Salaried,Post Graduate,721065,745
CUST05676,Customer_05676,41,Madhya Pradesh,Self-Employed,Graduate,559462,738
CUST05677,Customer_05677,43,Uttar Pradesh,Business,Post Graduate,2391943,740
CUST05678,Customer_05678,49,Gujarat,Self-Employed,Graduate,455680,601
CUST05679,Customer_05679,34,Uttar Pradesh,Salaried,Graduate,311493,655
CUST05680,Customer_05680,46,Karnataka,Self-Employed,Graduate,940080,714
CUST05681,Customer_05681,25,Rajasthan,Self-Employed,Graduate,2069452,663
CUST05682,Customer_05682,51,Gujarat,Self-Employed,Graduate,751638,618
CUST05683,Customer_05683,45,Uttar Pradesh,Business,Post Graduate,1628600,762
CUST05684,Customer_05684,51,Madhya Pradesh,Salaried,Graduate,439230,642
CUST05685,Customer_05685,40,Maharashtra,Business,Post Graduate,740832,688
CUST05686,Customer_05686,37,Maharashtra,Business,Graduate,565299,850
CUST05687,Customer_05687,22,Bihar,Business,Under Graduate,399720,767
CUST05688,Customer_05688,45,Uttar Pradesh,Self-Employed,Post Graduate,1579850,693
CUST05689,Customer_05689,33,Rajasthan,Salaried,Post Graduate,532449,720
CUST05690,Customer_05690,59,Rajasthan,Salaried,Post Graduate,441760,712
CUST05691,Customer_05691,48,Karnataka,Business,Graduate,1175638,581
CUST05692,Customer_05692,26,Rajasthan,Self-Employed,Graduate,1257170,716
CUST05693,Customer_05693,23,Bihar,Salaried,Post Graduate,981412,776
CUST05694,Customer_05694,55,West Bengal,Self-Employed,Graduate,753689,684
CUST05695,Customer_05695,38,Madhya Pradesh,Business,Graduate,2473350,746
CUST05696,Customer_05696,31,Rajasthan,Salaried,Post Graduate,2316031,729
CUST05697,Customer_05697,40,Rajasthan,Professional,Graduate,401421,739
CUST05698,Customer_05698,25,Haryana,Salaried,Under Graduate,1858955,611
CUST05699,Customer_05699,39,Bihar,Self-Employed,Post Graduate,2362792,720
CUST05700,Customer_05700,42,Bihar,Self-Employed,Post Graduate,250441,819
CUST05701,Customer_05701,39,Delhi,Salaried,Graduate,2328888,688
CUST05702,Customer_05702,36,Uttar Pradesh,Professional,Post Graduate,2065925,670
CUST05703,Customer_05703,44,Karnataka,Self-Employed,Graduate,675437,752
CUST05704,Customer_05704,24,Rajasthan,Salaried,Graduate,1687318,760
CUST05705,Customer_05705,35,Madhya Pradesh,Business,Under Graduate,1030175,781
CUST05706,Customer_05706,45,Delhi,Self-Employed,Graduate,1484694,681
CUST05707,Customer_05707,55,Maharashtra,Professional,Post Graduate,1189835,730
CUST05708,Customer_05708,34,Karnataka,Salaried,Under Graduate,1726136,836
CUST05709,Customer_05709,39,West Bengal,Salaried,Under Graduate,1409939,629
CUST05710,Customer_05710,58,Rajasthan,Salaried,Graduate,2154047,586
CUST05711,Customer_05711,56,West Bengal,Business,Graduate,2257147,749
CUST05712,Customer_05712,27,Uttar Pradesh,Self-Employed,Under Graduate,616152,722
CUST05713,Customer_05713,50,Karnataka,Professional,Under Graduate,358764,659
CUST05714,Customer_05714,39,Maharashtra,Business,Post Graduate,1336668,642
CUST05715,Customer_05715,45,Maharashtra,Professional,Post Graduate,1000345,684
CUST05716,Customer_05716,36,Maharashtra,Professional,Graduate,247163,766
CUST05717,Customer_05717,60,Maharashtra,Salaried,Graduate,2393085,761
CUST05718,Customer_05718,28,Maharashtra,Salaried,Graduate,1697002,707
CUST05719,Customer_05719,38,Karnataka,Salaried,Post Graduate,2495905,654
CUST05720,Customer_05720,48,Karnataka,Salaried,Graduate,2204945,502
CUST05721,Customer_05721,36,Uttar Pradesh,Self-Employed,Post Graduate,456408,724
CUST05722,Customer_05722,39,Uttar Pradesh,Salaried,Post Graduate,1184744,740
CUST05723,Customer_05723,37,Karnataka,Salaried,Graduate,1215424,679
CUST05724,Customer_05724,33,Bihar,Salaried,Graduate,558617,850
CUST05725,Customer_05725,27,Uttar Pradesh,Salaried,Post Graduate,1391609,635
CUST05726,Customer_05726,47,Rajasthan,Salaried,Under Graduate,1474040,801
CUST05727,Customer_05727,30,Bihar,Salaried,Post Graduate,406427,747
CUST05728,Customer_05728,54,Maharashtra,Salaried,Graduate,1359280,676
CUST05729,Customer_05729,56,Delhi,Salaried,Graduate,2341959,570
CUST05730,Customer_05730,45,Gujarat,Business,Under Graduate,2246956,794
CUST05731,Customer_05731,26,Uttar Pradesh,Salaried,Post Graduate,2430513,694
CUST05732,Customer_05732,44,Karnataka,Business,Graduate,1484430,825
CUST05733,Customer_05733,38,Madhya Pradesh,Self-Employed,Graduate,1711149,695
CUST05734,Customer_05734,43,Maharashtra,Self-Employed,Graduate,2420495,799
CUST05735,Customer_05735,26,Maharashtra,Self-Employed,Graduate,811940,583
CUST05736,Customer_05736,49,Uttar Pradesh,Salaried,Graduate,630720,589
CUST05737,Customer_05737,45,Bihar,Salaried,Post Graduate,1663510,660
CUST05738,Customer_05738,37,Uttar Pradesh,Business,Graduate,674268,527
CUST05739,Customer_05739,44,Bihar,Professional,Post Graduate,1916643,714
CUST05740,Customer_05740,31,Uttar Pradesh,Professional,Graduate,490717,633
CUST05741,Customer_05741,46,Gujarat,Self-Employed,Graduate,1761885,746
CUST05742,Customer_05742,54,Haryana,Salaried,Post Graduate,2481659,545
CUST05743,Customer_05743,48,Madhya Pradesh,Self-Employed,Under Graduate,285285,776
CUST05744,Customer_05744,23,Gujarat,Self-Employed,Graduate,288025,696
CUST05745,Customer_05745,31,West Bengal,Business,Graduate,182892,758
CUST05746,Customer_05746,58,Gujarat,Salaried,Graduate,2100552,677
CUST05747,Customer_05747,34,Bihar,Professional,Post Graduate,1235263,565
CUST05748,Customer_05748,46,Rajasthan,Salaried,Under Graduate,1615277,789
CUST05749,Customer_05749,41,Karnataka,Self-Employed,Graduate,1907743,746
CUST05750,Customer_05750,59,Uttar Pradesh,Professional,Under Graduate,1254451,762
CUST05751,Customer_05751,50,Bihar,Professional,Graduate,1193592,699
CUST05752,Customer_05752,28,Madhya Pradesh,Self-Employed,Graduate,2360095,828
CUST05753,Customer_05753,40,Gujarat,Salaried,Under Graduate,1421163,850
CUST05754,Customer_05754,52,Delhi,Salaried,Graduate,1057743,793
CUST05755,Customer_05755,42,Maharashtra,Salaried,Graduate,2066140,584
CUST05756,Customer_05756,27,Uttar Pradesh,Business,Under Graduate,1869142,709
CUST05757,Customer_05757,29,West Bengal,Self-Employed,Graduate,671789,640
CUST05758,Customer_05758,21,Uttar Pradesh,Self-Employed,Graduate,1029151,589
CUST05759,Customer_05759,49,Uttar Pradesh,Self-Employed,Graduate,1209633,681
CUST05760,Customer_05760,28,Rajasthan,Self-Employed,Graduate,533642,776
CUST05761,Customer_05761,24,Haryana,Self-Employed,Graduate,423138,658
CUST05762,Customer_05762,55,Delhi,Professional,Graduate,713014,647
CUST05763,Customer_05763,23,West Bengal,Salaried,Post Graduate,1067134,667
CUST05764,Customer_05764,60,Uttar Pradesh,Business,Under Graduate,400187,847
CUST05765,Customer_05765,27,Bihar,Salaried,Graduate,2468482,730
CUST05766,Customer_05766,47,Maharashtra,Business,Post Graduate,1530720,637
CUST05767,Customer_05767,21,Karnataka,Professional,Post Graduate,2243566,821
CUST05768,Customer_05768,47,Rajasthan,Salaried,Graduate,621642,700
CUST05769,Customer_05769,36,Uttar Pradesh,Salaried,Graduate,1204463,627
CUST05770,Customer_05770,58,Gujarat,Salaried,Post Graduate,745936,653
CUST05771,Customer_05771,27,Bihar,Salaried,Post Graduate,1748738,629
CUST05772,Customer_05772,43,Madhya Pradesh,Business,Graduate,2178599,680
CUST05773,Customer_05773,31,Karnataka,Salaried,Graduate,1879967,685
CUST05774,Customer_05774,53,Maharashtra,Salaried,Graduate,181286,705
CUST05775,Customer_05775,56,Maharashtra,Self-Employed,Graduate,846086,650
CUST05776,Customer_05776,57,Maharashtra,Self-Employed,Post Graduate,1027972,736
CUST05777,Customer_05777,37,Bihar,Salaried,Post Graduate,1212928,810
CUST05778,Customer_05778,55,Uttar Pradesh,Self-Employed,Post Graduate,1481220,646
CUST05779,Customer_05779,25,Gujarat,Business,Under Graduate,405890,787
CUST05780,Customer_05780,52,Maharashtra,Salaried,Under Graduate,2303068,705
CUST05781,Customer_05781,23,Karnataka,Self-Employed,Post Graduate,1832690,679
CUST05782,Customer_05782,55,Maharashtra,Business,Graduate,706665,746
CUST05783,Customer_05783,34,Maharashtra,Salaried,Graduate,534717,728
CUST05784,Customer_05784,51,Maharashtra,Business,Graduate,1539724,739
CUST05785,Customer_05785,51,Delhi,Business,Post Graduate,1283356,638
CUST05786,Customer_05786,37,Bihar,Business,Under Graduate,2328419,615
CUST05787,Customer_05787,44,Haryana,Self-Employed,Graduate,1774666,532
CUST05788,Customer_05788,43,Haryana,Business,Post Graduate,1142488,721
CUST05789,Customer_05789,38,Karnataka,Business,Under Graduate,532440,622
CUST05790,Customer_05790,34,Delhi,Business,Under Graduate,910777,647
CUST05791,Customer_05791,35,Uttar Pradesh,Self-Employed,Post Graduate,743280,683
CUST05792,Customer_05792,35,Haryana,Salaried,Graduate,2401694,598
CUST05793,Customer_05793,26,West Bengal,Salaried,Graduate,2150700,799
CUST05794,Customer_05794,47,West Bengal,Salaried,Graduate,432372,669
CUST05795,Customer_05795,35,Uttar Pradesh,Salaried,Post Graduate,661458,731
CUST05796,Customer_05796,56,Madhya Pradesh,Self-Employed,Graduate,567182,757
CUST05797,Customer_05797,28,Maharashtra,Professional,Graduate,1535997,556
CUST05798,Customer_05798,35,Maharashtra,Professional,Post Graduate,2040380,663
CUST05799,Customer_05799,23,Delhi,Business,Post Graduate,1102460,754
CUST05800,Customer_05800,33,West Bengal,Professional,Graduate,2251149,616
CUST05801,Customer_05801,54,Madhya Pradesh,Professional,Under Graduate,1945330,715
CUST05802,Customer_05802,44,Karnataka,Business,Graduate,1080203,624
CUST05803,Customer_05803,60,Uttar Pradesh,Salaried,Graduate,1542123,721
CUST05804,Customer_05804,52,Uttar Pradesh,Salaried,Graduate,579886,649
CUST05805,Customer_05805,52,Madhya Pradesh,Self-Employed,Graduate,243137,697
CUST05806,Customer_05806,50,Bihar,Salaried,Graduate,933587,787
CUST05807,Customer_05807,33,Karnataka,Business,Post Graduate,1252049,744
CUST05808,Customer_05808,21,Maharashtra,Salaried,Post Graduate,1275874,636
CUST05809,Customer_05809,54,Rajasthan,Salaried,Graduate,682020,730
CUST05810,Customer_05810,35,Rajasthan,Salaried,Under Graduate,205608,720
CUST05811,Customer_05811,34,Maharashtra,Self-Employed,Under Graduate,2116496,779
CUST05812,Customer_05812,49,Karnataka,Self-Employed,Graduate,913996,697
CUST05813,Customer_05813,54,Rajasthan,Business,Graduate,1139809,695
CUST05814,Customer_05814,38,Bihar,Salaried,Graduate,1401398,750
CUST05815,Customer_05815,27,Haryana,Self-Employed,Graduate,2366337,751
CUST05816,Customer_05816,49,Maharashtra,Business,Graduate,1797340,850
CUST05817,Customer_05817,51,Haryana,Business,Graduate,1404796,806
CUST05818,Customer_05818,45,Uttar Pradesh,Salaried,Under Graduate,1975882,692
CUST05819,Customer_05819,58,Maharashtra,Salaried,Graduate,1710434,684
CUST05820,Customer_05820,34,West Bengal,Salaried,Under Graduate,2486185,634
CUST05821,Customer_05821,28,Haryana,Business,Graduate,2461783,578
CUST05822,Customer_05822,47,Bihar,Salaried,Graduate,383041,699
CUST05823,Customer_05823,22,Gujarat,Salaried,Graduate,1564197,530
CUST05824,Customer_05824,37,West Bengal,Salaried,Under Graduate,2493413,838
CUST05825,Customer_05825,57,Maharashtra,Business,Post Graduate,951754,630
CUST05826,Customer_05826,34,Uttar Pradesh,Self-Employed,Post Graduate,2166063,787
CUST05827,Customer_05827,45,Madhya Pradesh,Self-Employed,Graduate,1536736,682
CUST05828,Customer_05828,50,Uttar Pradesh,Self-Employed,Graduate,2031268,734
CUST05829,Customer_05829,49,Maharashtra,Salaried,Post Graduate,1840440,595
CUST05830,Customer_05830,40,Karnataka,Salaried,Post Graduate,2180121,734
CUST05831,Customer_05831,41,Uttar Pradesh,Salaried,Graduate,2059721,701
CUST05832,Customer_05832,42,Haryana,Salaried,Graduate,1444507,837
CUST05833,Customer_05833,55,Rajasthan,Business,Graduate,1648982,595
CUST05834,Customer_05834,57,Madhya Pradesh,Self-Employed,Graduate,2375941,592
CUST05835,Customer_05835,36,Gujarat,Business,Post Graduate,853130,614
CUST05836,Customer_05836,37,Rajasthan,Salaried,Graduate,1851951,538
CUST05837,Customer_05837,36,Uttar Pradesh,Salaried,Post Graduate,1876363,628
CUST05838,Customer_05838,22,Uttar Pradesh,Salaried,Post Graduate,1482513,619
CUST05839,Customer_05839,24,Delhi,Self-Employed,Post Graduate,1711481,688
CUST05840,Customer_05840,41,Maharashtra,Salaried,Post Graduate,1619076,694
CUST05841,Customer_05841,59,Uttar Pradesh,Salaried,Under Graduate,1129659,579
CUST05842,Customer_05842,54,West Bengal,Business,Post Graduate,767227,781
CUST05843,Customer_05843,50,West Bengal,Professional,Under Graduate,1716413,734
CUST05844,Customer_05844,26,Bihar,Salaried,Post Graduate,712349,760
CUST05845,Customer_05845,37,Uttar Pradesh,Salaried,Graduate,412908,780
CUST05846,Customer_05846,59,Delhi,Salaried,Graduate,1462476,618
CUST05847,Customer_05847,45,Haryana,Business,Graduate,1880082,648
CUST05848,Customer_05848,25,Uttar Pradesh,Salaried,Graduate,1639980,720
CUST05849,Customer_05849,25,Uttar Pradesh,Self-Employed,Post Graduate,1644571,788
CUST05850,Customer_05850,40,Haryana,Self-Employed,Post Graduate,926570,715
CUST05851,Customer_05851,36,Karnataka,Salaried,Post Graduate,1646006,691
CUST05852,Customer_05852,57,Haryana,Salaried,Graduate,307757,641
CUST05853,Customer_05853,60,Maharashtra,Salaried,Graduate,1967489,593
CUST05854,Customer_05854,29,Bihar,Salaried,Graduate,1990791,778
CUST05855,Customer_05855,25,Madhya Pradesh,Salaried,Graduate,2167326,664
CUST05856,Customer_05856,22,Uttar Pradesh,Self-Employed,Post Graduate,2293703,696
CUST05857,Customer_05857,29,Maharashtra,Self-Employed,Graduate,1379353,819
CUST05858,Customer_05858,56,Maharashtra,Salaried,Graduate,1813013,665
CUST05859,Customer_05859,42,Rajasthan,Self-Employed,Graduate,851162,697
CUST05860,Customer_05860,42,Rajasthan,Salaried,Graduate,1746541,657
CUST05861,Customer_05861,42,Haryana,Self-Employed,Graduate,1632823,595
CUST05862,Customer_05862,54,Delhi,Business,Graduate,1774385,717
CUST05863,Customer_05863,49,Karnataka,Business,Graduate,1053326,545
CUST05864,Customer_05864,58,Haryana,Salaried,Graduate,1778197,801
CUST05865,Customer_05865,53,Maharashtra,Self-Employed,Post Graduate,1340541,538
CUST05866,Customer_05866,38,Bihar,Business,Graduate,1293307,672
CUST05867,Customer_05867,27,Rajasthan,Salaried,Post Graduate,1659343,653
CUST05868,Customer_05868,21,Uttar Pradesh,Self-Employed,Graduate,348333,776
CUST05869,Customer_05869,53,Karnataka,Business,Under Graduate,723748,639
CUST05870,Customer_05870,21,Uttar Pradesh,Salaried,Post Graduate,1058463,573
CUST05871,Customer_05871,44,Bihar,Self-Employed,Graduate,1687414,594
CUST05872,Customer_05872,24,Madhya Pradesh,Self-Employed,Graduate,452102,534
CUST05873,Customer_05873,24,Rajasthan,Salaried,Graduate,453527,758
CUST05874,Customer_05874,38,Gujarat,Salaried,Post Graduate,677835,830
CUST05875,Customer_05875,47,Rajasthan,Salaried,Graduate,1215839,784
CUST05876,Customer_05876,52,Maharashtra,Salaried,Graduate,773501,696
CUST05877,Customer_05877,53,Maharashtra,Salaried,Under Graduate,338117,718
CUST05878,Customer_05878,48,Karnataka,Salaried,Graduate,2416550,666
CUST05879,Customer_05879,56,Maharashtra,Salaried,Graduate,1781850,651
CUST05880,Customer_05880,26,Maharashtra,Self-Employed,Under Graduate,1464164,730
CUST05881,Customer_05881,36,Bihar,Salaried,Under Graduate,452581,593
CUST05882,Customer_05882,54,Uttar Pradesh,Salaried,Post Graduate,1333840,733
CUST05883,Customer_05883,43,Rajasthan,Salaried,Under Graduate,1674733,689
CUST05884,Customer_05884,44,Gujarat,Salaried,Under Graduate,1978154,742
CUST05885,Customer_05885,33,Haryana,Salaried,Under Graduate,994209,731
CUST05886,Customer_05886,38,Delhi,Salaried,Graduate,2302462,601
CUST05887,Customer_05887,33,Uttar Pradesh,Self-Employed,Graduate,1737613,749
CUST05888,Customer_05888,57,Rajasthan,Salaried,Graduate,1168479,807
CUST05889,Customer_05889,59,Uttar Pradesh,Salaried,Under Graduate,1919969,750
CUST05890,Customer_05890,37,Uttar Pradesh,Business,Graduate,2213584,624
CUST05891,Customer_05891,35,Rajasthan,Self-Employed,Graduate,1072249,758
CUST05892,Customer_05892,38,Maharashtra,Self-Employed,Graduate,896815,726
CUST05893,Customer_05893,43,Gujarat,Business,Post Graduate,363368,551
CUST05894,Customer_05894,50,Delhi,Salaried,Post Graduate,1071827,675
CUST05895,Customer_05895,54,Karnataka,Professional,Graduate,1570195,754
CUST05896,Customer_05896,24,Delhi,Professional,Post Graduate,1131496,686
CUST05897,Customer_05897,23,Uttar Pradesh,Salaried,Graduate,2227327,732
CUST05898,Customer_05898,27,Bihar,Business,Graduate,2495164,648
CUST05899,Customer_05899,38,Maharashtra,Business,Under Graduate,1551586,714
CUST05900,Customer_05900,27,Bihar,Professional,Post Graduate,1934023,785
CUST05901,Customer_05901,60,Uttar Pradesh,Self-Employed,Graduate,334654,729
CUST05902,Customer_05902,26,Uttar Pradesh,Self-Employed,Under Graduate,1057103,711
CUST05903,Customer_05903,42,Rajasthan,Salaried,Graduate,991453,699
CUST05904,Customer_05904,21,Delhi,Self-Employed,Post Graduate,443452,685
CUST05905,Customer_05905,24,Gujarat,Salaried,Post Graduate,2396885,636
CUST05906,Customer_05906,49,Rajasthan,Salaried,Graduate,1686899,667
CUST05907,Customer_05907,41,Rajasthan,Professional,Graduate,198289,705
CUST05908,Customer_05908,46,Rajasthan,Salaried,Graduate,1993642,542
CUST05909,Customer_05909,34,Gujarat,Business,Graduate,2242098,786
CUST05910,Customer_05910,29,Uttar Pradesh,Salaried,Graduate,1286249,652
CUST05911,Customer_05911,32,Gujarat,Salaried,Graduate,449926,602
CUST05912,Customer_05912,26,Madhya Pradesh,Self-Employed,Post Graduate,1857270,841
CUST05913,Customer_05913,40,Maharashtra,Salaried,Post Graduate,429157,705
CUST05914,Customer_05914,44,Uttar Pradesh,Professional,Post Graduate,2172209,771
CUST05915,Customer_05915,47,Uttar Pradesh,Salaried,Graduate,1169070,640
CUST05916,Customer_05916,58,Rajasthan,Salaried,Graduate,1592026,775
CUST05917,Customer_05917,28,Delhi,Salaried,Graduate,956670,745
CUST05918,Customer_05918,21,Bihar,Salaried,Under Graduate,2387177,666
CUST05919,Customer_05919,44,Bihar,Salaried,Under Graduate,1591589,562
CUST05920,Customer_05920,27,West Bengal,Self-Employed,Under Graduate,1362231,769
CUST05921,Customer_05921,39,Maharashtra,Self-Employed,Graduate,1698139,675
CUST05922,Customer_05922,42,Uttar Pradesh,Salaried,Post Graduate,2389563,778
CUST05923,Customer_05923,55,Bihar,Salaried,Post Graduate,1250811,664
CUST05924,Customer_05924,50,Delhi,Business,Post Graduate,1907817,684
CUST05925,Customer_05925,49,Gujarat,Self-Employed,Post Graduate,2393654,717
CUST05926,Customer_05926,42,Bihar,Salaried,Graduate,1373764,838
CUST05927,Customer_05927,31,West Bengal,Self-Employed,Post Graduate,1788845,630
CUST05928,Customer_05928,40,Delhi,Business,Post Graduate,1429071,658
CUST05929,Customer_05929,49,Uttar Pradesh,Business,Graduate,1426406,649
CUST05930,Customer_05930,54,Delhi,Business,Under Graduate,2479506,643
CUST05931,Customer_05931,21,Uttar Pradesh,Salaried,Graduate,1706819,686
CUST05932,Customer_05932,51,Gujarat,Salaried,Post Graduate,1864046,774
CUST05933,Customer_05933,50,Maharashtra,Salaried,Post Graduate,1636224,662
CUST05934,Customer_05934,38,Gujarat,Business,Post Graduate,2337047,831
CUST05935,Customer_05935,37,Maharashtra,Salaried,Graduate,774807,789
CUST05936,Customer_05936,58,Karnataka,Self-Employed,Post Graduate,1959861,682
CUST05937,Customer_05937,34,Bihar,Business,Graduate,854110,635
CUST05938,Customer_05938,43,Madhya Pradesh,Self-Employed,Under Graduate,1158638,746
CUST05939,Customer_05939,45,Maharashtra,Salaried,Graduate,2365361,802
CUST05940,Customer_05940,35,Karnataka,Salaried,Graduate,231527,768
CUST05941,Customer_05941,42,Haryana,Salaried,Under Graduate,952661,639
CUST05942,Customer_05942,23,Maharashtra,Salaried,Graduate,1830806,679
CUST05943,Customer_05943,39,West Bengal,Salaried,Graduate,1326610,581
CUST05944,Customer_05944,54,Bihar,Business,Under Graduate,2421677,591
CUST05945,Customer_05945,55,Gujarat,Business,Graduate,1025438,762
CUST05946,Customer_05946,21,Delhi,Self-Employed,Graduate,1720320,734
CUST05947,Customer_05947,41,Uttar Pradesh,Self-Employed,Graduate,1389213,814
CUST05948,Customer_05948,49,West Bengal,Self-Employed,Under Graduate,2251780,602
CUST05949,Customer_05949,26,Bihar,Salaried,Graduate,1690128,792
CUST05950,Customer_05950,57,Maharashtra,Salaried,Post Graduate,1486868,788
CUST05951,Customer_05951,21,Karnataka,Salaried,Graduate,2098546,846
CUST05952,Customer_05952,21,Gujarat,Business,Graduate,1258410,756
CUST05953,Customer_05953,47,Uttar Pradesh,Professional,Graduate,722273,498
CUST05954,Customer_05954,41,Uttar Pradesh,Salaried,Under Graduate,1624098,732
CUST05955,Customer_05955,36,Delhi,Salaried,Graduate,2416046,551
CUST05956,Customer_05956,60,Uttar Pradesh,Salaried,Graduate,422234,526
CUST05957,Customer_05957,46,Karnataka,Salaried,Graduate,863763,711
CUST05958,Customer_05958,36,Delhi,Self-Employed,Graduate,443086,750
CUST05959,Customer_05959,48,Bihar,Business,Graduate,478843,562
CUST05960,Customer_05960,21,Bihar,Business,Graduate,2253729,526
CUST05961,Customer_05961,56,Rajasthan,Self-Employed,Graduate,337853,658
CUST05962,Customer_05962,30,Bihar,Salaried,Post Graduate,216517,729
CUST05963,Customer_05963,37,Haryana,Professional,Graduate,1187876,689
CUST05964,Customer_05964,43,West Bengal,Business,Graduate,2085284,665
CUST05965,Customer_05965,27,Madhya Pradesh,Salaried,Graduate,2456875,600
CUST05966,Customer_05966,27,Rajasthan,Salaried,Graduate,1896355,664
CUST05967,Customer_05967,35,Maharashtra,Business,Graduate,1573047,765
CUST05968,Customer_05968,54,Gujarat,Salaried,Graduate,1541915,704
CUST05969,Customer_05969,24,Gujarat,Self-Employed,Post Graduate,775096,715
CUST05970,Customer_05970,34,Gujarat,Salaried,Graduate,516438,823
CUST05971,Customer_05971,34,Uttar Pradesh,Business,Graduate,1545629,839
CUST05972,Customer_05972,36,Karnataka,Self-Employed,Post Graduate,620365,832
CUST05973,Customer_05973,27,Bihar,Self-Employed,Post Graduate,1372621,850
CUST05974,Customer_05974,52,Delhi,Business,Graduate,2442971,626
CUST05975,Customer_05975,39,Delhi,Professional,Graduate,1844928,601
CUST05976,Customer_05976,22,Gujarat,Business,Graduate,665334,731
CUST05977,Customer_05977,30,Bihar,Salaried,Under Graduate,1596164,670
CUST05978,Customer_05978,37,Madhya Pradesh,Salaried,Post Graduate,2159556,693
CUST05979,Customer_05979,57,Uttar Pradesh,Salaried,Graduate,2121604,536
CUST05980,Customer_05980,32,Delhi,Salaried,Graduate,1268140,715
CUST05981,Customer_05981,26,Uttar Pradesh,Professional,Post Graduate,1308426,659
CUST05982,Customer_05982,42,Bihar,Business,Graduate,2321556,661
CUST05983,Customer_05983,52,Uttar Pradesh,Self-Employed,Post Graduate,900928,679
CUST05984,Customer_05984,40,Haryana,Salaried,Under Graduate,1112037,570
CUST05985,Customer_05985,21,Madhya Pradesh,Salaried,Graduate,2142490,644
CUST05986,Customer_05986,26,Gujarat,Salaried,Graduate,2464266,801
CUST05987,Customer_05987,39,Gujarat,Salaried,Graduate,1171563,715
CUST05988,Customer_05988,38,Haryana,Self-Employed,Graduate,1477852,798
CUST05989,Customer_05989,26,Uttar Pradesh,Self-Employed,Post Graduate,2494725,601
CUST05990,Customer_05990,53,Gujarat,Business,Graduate,567215,709
CUST05991,Customer_05991,43,Madhya Pradesh,Salaried,Graduate,1084748,610
CUST05992,Customer_05992,43,Uttar Pradesh,Salaried,Graduate,1253844,849
CUST05993,Customer_05993,46,Maharashtra,Business,Under Graduate,1594068,606
CUST05994,Customer_05994,33,Maharashtra,Self-Employed,Graduate,2305611,766
CUST05995,Customer_05995,27,Uttar Pradesh,Salaried,Graduate,832866,660
CUST05996,Customer_05996,35,Bihar,Salaried,Graduate,1980945,778
CUST05997,Customer_05997,47,Uttar Pradesh,Business,Post Graduate,1141386,590
CUST05998,Customer_05998,46,Madhya Pradesh,Business,Graduate,1162259,652
CUST05999,Customer_05999,53,Maharashtra,Business,Graduate,974278,738
CUST06000,Customer_06000,35,Maharashtra,Salaried,Under Graduate,2446377,684
CUST06001,Customer_06001,56,Karnataka,Business,Graduate,1621165,703
CUST06002,Customer_06002,47,Rajasthan,Self-Employed,Graduate,2413678,659
CUST06003,Customer_06003,25,Maharashtra,Salaried,Under Graduate,401317,675
CUST06004,Customer_06004,22,Madhya Pradesh,Professional,Graduate,429510,671
CUST06005,Customer_06005,53,Maharashtra,Self-Employed,Graduate,276236,634
CUST06006,Customer_06006,36,Uttar Pradesh,Professional,Graduate,1787759,842
CUST06007,Customer_06007,43,Uttar Pradesh,Business,Post Graduate,1457538,813
CUST06008,Customer_06008,58,West Bengal,Salaried,Under Graduate,1339599,798
CUST06009,Customer_06009,36,Delhi,Self-Employed,Post Graduate,1284759,744
CUST06010,Customer_06010,34,Haryana,Salaried,Graduate,1219648,766
CUST06011,Customer_06011,49,West Bengal,Business,Graduate,2022770,639
CUST06012,Customer_06012,46,West Bengal,Self-Employed,Graduate,708714,610
CUST06013,Customer_06013,55,Delhi,Business,Post Graduate,2344162,787
CUST06014,Customer_06014,35,Gujarat,Salaried,Post Graduate,2028059,727
CUST06015,Customer_06015,23,Bihar,Self-Employed,Post Graduate,1465440,788
CUST06016,Customer_06016,43,Uttar Pradesh,Salaried,Under Graduate,897223,725
CUST06017,Customer_06017,49,Madhya Pradesh,Salaried,Graduate,2210136,637
CUST06018,Customer_06018,54,Madhya Pradesh,Business,Graduate,218275,605
CUST06019,Customer_06019,53,West Bengal,Salaried,Under Graduate,296854,736
CUST06020,Customer_06020,43,Rajasthan,Salaried,Graduate,2192751,755
CUST06021,Customer_06021,27,Gujarat,Salaried,Graduate,1384885,736
CUST06022,Customer_06022,23,Madhya Pradesh,Salaried,Graduate,2218909,619
CUST06023,Customer_06023,52,Uttar Pradesh,Salaried,Graduate,1278016,711
CUST06024,Customer_06024,51,Madhya Pradesh,Business,Graduate,1853768,715
CUST06025,Customer_06025,38,Madhya Pradesh,Self-Employed,Under Graduate,2160412,644
CUST06026,Customer_06026,27,Rajasthan,Salaried,Graduate,342231,795
CUST06027,Customer_06027,21,Rajasthan,Salaried,Graduate,1286494,683
CUST06028,Customer_06028,34,Uttar Pradesh,Salaried,Graduate,1130988,808
CUST06029,Customer_06029,52,Rajasthan,Self-Employed,Under Graduate,1313908,724
CUST06030,Customer_06030,26,Madhya Pradesh,Salaried,Graduate,2348011,683
CUST06031,Customer_06031,59,Rajasthan,Salaried,Post Graduate,339670,704
CUST06032,Customer_06032,30,Rajasthan,Salaried,Graduate,1209298,538
CUST06033,Customer_06033,27,Uttar Pradesh,Salaried,Graduate,493689,694
CUST06034,Customer_06034,46,Maharashtra,Business,Post Graduate,584470,519
CUST06035,Customer_06035,54,Bihar,Salaried,Graduate,825224,655
CUST06036,Customer_06036,50,Bihar,Salaried,Graduate,1826518,725
CUST06037,Customer_06037,56,Madhya Pradesh,Salaried,Post Graduate,555265,665
CUST06038,Customer_06038,41,Karnataka,Professional,Graduate,961137,808
CUST06039,Customer_06039,37,Uttar Pradesh,Business,Under Graduate,330531,696
CUST06040,Customer_06040,53,Uttar Pradesh,Salaried,Graduate,1773152,745
CUST06041,Customer_06041,30,Rajasthan,Salaried,Post Graduate,1223639,686
CUST06042,Customer_06042,32,Rajasthan,Business,Under Graduate,1613268,723
CUST06043,Customer_06043,36,Madhya Pradesh,Salaried,Graduate,1442095,673
CUST06044,Customer_06044,52,Haryana,Professional,Graduate,193467,743
CUST06045,Customer_06045,35,Haryana,Salaried,Graduate,226436,783
CUST06046,Customer_06046,47,Uttar Pradesh,Salaried,Under Graduate,1205281,705
CUST06047,Customer_06047,48,West Bengal,Self-Employed,Post Graduate,700746,799
CUST06048,Customer_06048,37,Uttar Pradesh,Self-Employed,Graduate,1454945,675
CUST06049,Customer_06049,22,Gujarat,Professional,Graduate,489087,793
CUST06050,Customer_06050,56,Gujarat,Business,Graduate,2477039,754
CUST06051,Customer_06051,27,Gujarat,Salaried,Post Graduate,1751060,678
CUST06052,Customer_06052,33,Maharashtra,Self-Employed,Under Graduate,1775980,748
CUST06053,Customer_06053,35,Bihar,Business,Graduate,364240,747
CUST06054,Customer_06054,45,Madhya Pradesh,Self-Employed,Post Graduate,586234,762
CUST06055,Customer_06055,43,Maharashtra,Salaried,Graduate,2124798,537
CUST06056,Customer_06056,42,Uttar Pradesh,Salaried,Post Graduate,2166400,611
CUST06057,Customer_06057,46,Madhya Pradesh,Salaried,Graduate,2488242,673
CUST06058,Customer_06058,53,Rajasthan,Business,Post Graduate,1728603,713
CUST06059,Customer_06059,31,Gujarat,Salaried,Under Graduate,1164930,738
CUST06060,Customer_06060,30,Uttar Pradesh,Salaried,Post Graduate,503106,661
CUST06061,Customer_06061,45,Haryana,Business,Under Graduate,1776226,753
CUST06062,Customer_06062,57,Uttar Pradesh,Salaried,Graduate,1777935,532
CUST06063,Customer_06063,58,Karnataka,Self-Employed,Under Graduate,1675783,588
CUST06064,Customer_06064,44,Rajasthan,Business,Under Graduate,337740,653
CUST06065,Customer_06065,60,Madhya Pradesh,Salaried,Graduate,785514,848
CUST06066,Customer_06066,53,Karnataka,Salaried,Graduate,2011747,760
CUST06067,Customer_06067,37,Maharashtra,Self-Employed,Under Graduate,1847982,662
CUST06068,Customer_06068,44,Maharashtra,Business,Graduate,2148987,817
CUST06069,Customer_06069,57,Rajasthan,Self-Employed,Graduate,2375427,617
CUST06070,Customer_06070,22,Maharashtra,Salaried,Post Graduate,1821543,636
CUST06071,Customer_06071,52,Rajasthan,Salaried,Graduate,516599,711
CUST06072,Customer_06072,44,Maharashtra,Business,Post Graduate,1053742,699
CUST06073,Customer_06073,29,Karnataka,Salaried,Graduate,1236150,721
CUST06074,Customer_06074,24,Madhya Pradesh,Business,Graduate,1631098,664
CUST06075,Customer_06075,37,Uttar Pradesh,Self-Employed,Post Graduate,214811,742
CUST06076,Customer_06076,37,Haryana,Self-Employed,Graduate,567188,700
CUST06077,Customer_06077,50,Bihar,Professional,Under Graduate,379722,782
CUST06078,Customer_06078,60,Bihar,Salaried,Post Graduate,2002790,751
CUST06079,Customer_06079,31,Bihar,Salaried,Graduate,1489839,641
CUST06080,Customer_06080,41,Gujarat,Self-Employed,Post Graduate,840213,602
CUST06081,Customer_06081,41,Rajasthan,Salaried,Post Graduate,1466047,771
CUST06082,Customer_06082,38,Gujarat,Self-Employed,Under Graduate,1518182,608
CUST06083,Customer_06083,49,Uttar Pradesh,Professional,Post Graduate,973031,770
CUST06084,Customer_06084,44,West Bengal,Business,Graduate,837701,670
CUST06085,Customer_06085,30,Delhi,Self-Employed,Graduate,1021903,737
CUST06086,Customer_06086,37,Maharashtra,Business,Under Graduate,1535732,644
CUST06087,Customer_06087,38,Delhi,Salaried,Post Graduate,1420573,725
CUST06088,Customer_06088,40,Madhya Pradesh,Self-Employed,Graduate,1868802,777
CUST06089,Customer_06089,57,Uttar Pradesh,Salaried,Post Graduate,469361,657
CUST06090,Customer_06090,38,Uttar Pradesh,Salaried,Graduate,792680,624
CUST06091,Customer_06091,37,Uttar Pradesh,Salaried,Graduate,711696,631
CUST06092,Customer_06092,29,Haryana,Business,Post Graduate,477985,514
CUST06093,Customer_06093,34,Madhya Pradesh,Business,Graduate,594970,627
CUST06094,Customer_06094,49,Maharashtra,Self-Employed,Post Graduate,2008905,782
CUST06095,Customer_06095,51,Uttar Pradesh,Salaried,Graduate,1922249,563
CUST06096,Customer_06096,24,Rajasthan,Salaried,Graduate,1875824,650
CUST06097,Customer_06097,38,Rajasthan,Professional,Graduate,1337607,701
CUST06098,Customer_06098,40,Gujarat,Self-Employed,Graduate,1426099,699
CUST06099,Customer_06099,29,West Bengal,Self-Employed,Graduate,2062820,628
CUST06100,Customer_06100,33,Rajasthan,Professional,Under Graduate,1084439,789
CUST06101,Customer_06101,35,Bihar,Self-Employed,Graduate,832617,747
CUST06102,Customer_06102,47,Bihar,Self-Employed,Under Graduate,1723136,618
CUST06103,Customer_06103,35,Haryana,Salaried,Graduate,2347591,679
CUST06104,Customer_06104,48,Uttar Pradesh,Salaried,Under Graduate,1469138,646
CUST06105,Customer_06105,57,Bihar,Self-Employed,Graduate,1922945,727
CUST06106,Customer_06106,39,Delhi,Salaried,Graduate,693168,801
CUST06107,Customer_06107,46,Uttar Pradesh,Self-Employed,Post Graduate,739028,728
CUST06108,Customer_06108,46,Maharashtra,Salaried,Post Graduate,1132446,811
CUST06109,Customer_06109,45,Gujarat,Salaried,Graduate,2458703,682
CUST06110,Customer_06110,46,Maharashtra,Self-Employed,Graduate,463418,569
CUST06111,Customer_06111,46,Maharashtra,Salaried,Graduate,863821,636
CUST06112,Customer_06112,48,Rajasthan,Business,Graduate,924594,745
CUST06113,Customer_06113,38,Bihar,Salaried,Graduate,2024039,685
CUST06114,Customer_06114,52,Uttar Pradesh,Self-Employed,Graduate,416624,699
CUST06115,Customer_06115,23,West Bengal,Salaried,Post Graduate,2059804,657
CUST06116,Customer_06116,22,Uttar Pradesh,Salaried,Under Graduate,1022310,649
CUST06117,Customer_06117,53,Delhi,Salaried,Graduate,983363,776
CUST06118,Customer_06118,39,Uttar Pradesh,Professional,Post Graduate,487266,830
CUST06119,Customer_06119,37,Rajasthan,Salaried,Graduate,1160442,655
CUST06120,Customer_06120,53,Uttar Pradesh,Business,Graduate,1026402,643
CUST06121,Customer_06121,32,Uttar Pradesh,Salaried,Post Graduate,923009,755
CUST06122,Customer_06122,23,Uttar Pradesh,Salaried,Post Graduate,1529040,807
CUST06123,Customer_06123,46,Rajasthan,Business,Under Graduate,1429060,773
CUST06124,Customer_06124,55,Rajasthan,Self-Employed,Post Graduate,1971737,836
CUST06125,Customer_06125,28,Uttar Pradesh,Self-Employed,Graduate,2073677,777
CUST06126,Customer_06126,56,West Bengal,Salaried,Graduate,347631,752
CUST06127,Customer_06127,27,Maharashtra,Salaried,Post Graduate,2361943,785
CUST06128,Customer_06128,56,Rajasthan,Self-Employed,Graduate,547990,725
CUST06129,Customer_06129,36,Maharashtra,Business,Graduate,1229150,701
CUST06130,Customer_06130,44,Rajasthan,Salaried,Graduate,574317,735
CUST06131,Customer_06131,21,Delhi,Professional,Under Graduate,799326,731
CUST06132,Customer_06132,45,Rajasthan,Salaried,Post Graduate,1314444,642
CUST06133,Customer_06133,30,Maharashtra,Self-Employed,Graduate,980751,731
CUST06134,Customer_06134,36,Maharashtra,Salaried,Under Graduate,1601846,704
CUST06135,Customer_06135,36,Delhi,Salaried,Post Graduate,2363536,729
CUST06136,Customer_06136,28,Uttar Pradesh,Salaried,Graduate,2301061,694
CUST06137,Customer_06137,49,Bihar,Salaried,Graduate,2189394,723
CUST06138,Customer_06138,59,Uttar Pradesh,Professional,Post Graduate,445894,715
CUST06139,Customer_06139,48,Maharashtra,Business,Graduate,1149790,608
CUST06140,Customer_06140,26,Uttar Pradesh,Business,Under Graduate,1347870,639
CUST06141,Customer_06141,36,Karnataka,Salaried,Under Graduate,2370329,581
CUST06142,Customer_06142,40,Delhi,Professional,Graduate,1371647,798
CUST06143,Customer_06143,36,Madhya Pradesh,Self-Employed,Post Graduate,2255561,690
CUST06144,Customer_06144,27,Maharashtra,Business,Graduate,372200,715
CUST06145,Customer_06145,34,Rajasthan,Salaried,Graduate,1521826,690
CUST06146,Customer_06146,46,Rajasthan,Salaried,Post Graduate,285306,615
CUST06147,Customer_06147,46,Madhya Pradesh,Professional,Post Graduate,2135663,677
CUST06148,Customer_06148,34,Uttar Pradesh,Salaried,Post Graduate,1758391,691
CUST06149,Customer_06149,27,West Bengal,Business,Graduate,366120,558
CUST06150,Customer_06150,53,Rajasthan,Salaried,Post Graduate,2255876,729
CUST06151,Customer_06151,46,Karnataka,Self-Employed,Graduate,478210,717
CUST06152,Customer_06152,40,Uttar Pradesh,Business,Graduate,1698918,664
CUST06153,Customer_06153,23,Maharashtra,Self-Employed,Graduate,1154158,800
CUST06154,Customer_06154,24,Uttar Pradesh,Business,Post Graduate,2273285,720
CUST06155,Customer_06155,46,Delhi,Salaried,Graduate,627644,758
CUST06156,Customer_06156,31,Bihar,Salaried,Graduate,812844,720
CUST06157,Customer_06157,22,Haryana,Salaried,Graduate,1406948,721
CUST06158,Customer_06158,34,Haryana,Self-Employed,Under Graduate,1601926,528
CUST06159,Customer_06159,50,Gujarat,Business,Graduate,690054,651
CUST06160,Customer_06160,32,Gujarat,Salaried,Post Graduate,488393,682
CUST06161,Customer_06161,46,Gujarat,Self-Employed,Graduate,2344844,608
CUST06162,Customer_06162,53,Gujarat,Business,Post Graduate,256151,672
CUST06163,Customer_06163,33,Bihar,Salaried,Post Graduate,2013085,759
CUST06164,Customer_06164,34,Gujarat,Business,Graduate,1194144,691
CUST06165,Customer_06165,44,Karnataka,Professional,Graduate,282547,592
CUST06166,Customer_06166,54,Bihar,Salaried,Graduate,1186250,726
CUST06167,Customer_06167,46,West Bengal,Salaried,Post Graduate,2325280,546
CUST06168,Customer_06168,41,Uttar Pradesh,Salaried,Graduate,1363739,734
CUST06169,Customer_06169,48,Bihar,Business,Graduate,830246,651
CUST06170,Customer_06170,56,Uttar Pradesh,Salaried,Graduate,271569,832
CUST06171,Customer_06171,60,Uttar Pradesh,Business,Graduate,1919076,581
CUST06172,Customer_06172,22,Haryana,Salaried,Post Graduate,2113423,687
CUST06173,Customer_06173,29,Karnataka,Business,Graduate,1919738,607
CUST06174,Customer_06174,43,Delhi,Business,Under Graduate,1303400,662
CUST06175,Customer_06175,35,West Bengal,Professional,Under Graduate,1168089,850
CUST06176,Customer_06176,33,Maharashtra,Salaried,Graduate,2382816,660
CUST06177,Customer_06177,43,Uttar Pradesh,Salaried,Post Graduate,992304,600
CUST06178,Customer_06178,37,Rajasthan,Salaried,Graduate,1704669,737
CUST06179,Customer_06179,22,Haryana,Salaried,Post Graduate,1495688,663
CUST06180,Customer_06180,40,Uttar Pradesh,Self-Employed,Graduate,1847062,663
CUST06181,Customer_06181,40,West Bengal,Professional,Under Graduate,1531773,664
CUST06182,Customer_06182,23,Madhya Pradesh,Business,Graduate,592366,665
CUST06183,Customer_06183,32,West Bengal,Salaried,Under Graduate,1726921,777
CUST06184,Customer_06184,60,Bihar,Business,Post Graduate,610273,573
CUST06185,Customer_06185,22,Rajasthan,Salaried,Graduate,1917515,695
CUST06186,Customer_06186,56,Delhi,Salaried,Graduate,883696,710
CUST06187,Customer_06187,34,Haryana,Business,Post Graduate,464235,702
CUST06188,Customer_06188,36,Maharashtra,Professional,Graduate,1513176,606
CUST06189,Customer_06189,39,Karnataka,Salaried,Under Graduate,1934608,613
CUST06190,Customer_06190,54,Karnataka,Business,Under Graduate,1617463,666
CUST06191,Customer_06191,26,Uttar Pradesh,Business,Post Graduate,1945721,615
CUST06192,Customer_06192,33,Uttar Pradesh,Salaried,Graduate,2345757,713
CUST06193,Customer_06193,56,Rajasthan,Salaried,Graduate,1617905,778
CUST06194,Customer_06194,42,Rajasthan,Business,Under Graduate,1579510,695
CUST06195,Customer_06195,38,Gujarat,Business,Graduate,1151447,667
CUST06196,Customer_06196,32,Uttar Pradesh,Salaried,Graduate,1865807,530
CUST06197,Customer_06197,50,Gujarat,Salaried,Graduate,2180112,712
CUST06198,Customer_06198,60,Madhya Pradesh,Self-Employed,Under Graduate,1082677,631
CUST06199,Customer_06199,27,Maharashtra,Business,Graduate,1235310,665
CUST06200,Customer_06200,52,Madhya Pradesh,Self-Employed,Under Graduate,2095183,635
CUST06201,Customer_06201,39,Maharashtra,Salaried,Graduate,2006681,674
CUST06202,Customer_06202,26,Uttar Pradesh,Business,Graduate,1339278,706
CUST06203,Customer_06203,40,Madhya Pradesh,Self-Employed,Post Graduate,701345,720
CUST06204,Customer_06204,47,West Bengal,Business,Graduate,232585,769
CUST06205,Customer_06205,57,Maharashtra,Professional,Graduate,976931,675
CUST06206,Customer_06206,27,Bihar,Business,Post Graduate,249193,673
CUST06207,Customer_06207,25,Maharashtra,Professional,Graduate,621557,783
CUST06208,Customer_06208,31,Maharashtra,Professional,Graduate,659284,756
CUST06209,Customer_06209,35,Bihar,Self-Employed,Graduate,1079261,787
CUST06210,Customer_06210,23,Gujarat,Business,Post Graduate,521632,760
CUST06211,Customer_06211,25,Uttar Pradesh,Self-Employed,Post Graduate,1206191,850
CUST06212,Customer_06212,43,West Bengal,Self-Employed,Graduate,2087447,746
CUST06213,Customer_06213,57,Uttar Pradesh,Salaried,Graduate,1070035,610
CUST06214,Customer_06214,29,Karnataka,Salaried,Graduate,1113719,746
CUST06215,Customer_06215,35,Karnataka,Salaried,Graduate,928322,718
CUST06216,Customer_06216,23,Rajasthan,Salaried,Graduate,297827,662
CUST06217,Customer_06217,49,Uttar Pradesh,Salaried,Graduate,838280,654
CUST06218,Customer_06218,26,Madhya Pradesh,Professional,Post Graduate,926603,677
CUST06219,Customer_06219,37,Gujarat,Self-Employed,Under Graduate,2414552,530
CUST06220,Customer_06220,46,Karnataka,Salaried,Under Graduate,2304950,499
CUST06221,Customer_06221,41,Madhya Pradesh,Self-Employed,Graduate,1482226,696
CUST06222,Customer_06222,28,Bihar,Salaried,Graduate,825709,653
CUST06223,Customer_06223,41,Haryana,Business,Under Graduate,1789443,649
CUST06224,Customer_06224,31,West Bengal,Salaried,Graduate,427509,664
CUST06225,Customer_06225,58,Gujarat,Salaried,Under Graduate,1480153,575
CUST06226,Customer_06226,28,Karnataka,Business,Under Graduate,1365759,746
CUST06227,Customer_06227,44,Madhya Pradesh,Self-Employed,Graduate,960776,667
CUST06228,Customer_06228,55,Gujarat,Business,Graduate,2360153,693
CUST06229,Customer_06229,34,Gujarat,Salaried,Graduate,1225625,761
CUST06230,Customer_06230,34,Gujarat,Salaried,Graduate,1422178,664
CUST06231,Customer_06231,30,Bihar,Self-Employed,Under Graduate,314273,757
CUST06232,Customer_06232,32,Madhya Pradesh,Salaried,Under Graduate,973430,717
CUST06233,Customer_06233,58,Madhya Pradesh,Salaried,Under Graduate,337735,756
CUST06234,Customer_06234,54,Maharashtra,Salaried,Graduate,2315251,762
CUST06235,Customer_06235,30,Bihar,Business,Under Graduate,1352535,728
CUST06236,Customer_06236,37,Delhi,Business,Under Graduate,1567614,683
CUST06237,Customer_06237,37,Madhya Pradesh,Salaried,Under Graduate,662940,727
CUST06238,Customer_06238,23,Uttar Pradesh,Salaried,Under Graduate,2036960,612
CUST06239,Customer_06239,51,Haryana,Professional,Graduate,393835,718
CUST06240,Customer_06240,21,Karnataka,Salaried,Graduate,2259357,750
CUST06241,Customer_06241,32,Rajasthan,Self-Employed,Graduate,524977,618
CUST06242,Customer_06242,59,Maharashtra,Self-Employed,Graduate,1578307,786
CUST06243,Customer_06243,24,West Bengal,Business,Post Graduate,2276130,685
CUST06244,Customer_06244,33,Karnataka,Salaried,Graduate,353008,719
CUST06245,Customer_06245,54,Maharashtra,Professional,Graduate,1944606,600
CUST06246,Customer_06246,41,Uttar Pradesh,Salaried,Graduate,1648460,523
CUST06247,Customer_06247,42,Rajasthan,Salaried,Under Graduate,2147280,781
CUST06248,Customer_06248,24,Gujarat,Salaried,Graduate,769945,680
CUST06249,Customer_06249,38,Uttar Pradesh,Salaried,Graduate,1860319,764
CUST06250,Customer_06250,25,Rajasthan,Salaried,Graduate,375460,677
CUST06251,Customer_06251,39,Bihar,Professional,Graduate,839175,625
CUST06252,Customer_06252,22,Karnataka,Salaried,Post Graduate,1003607,820
CUST06253,Customer_06253,32,Bihar,Business,Graduate,1669313,684
CUST06254,Customer_06254,37,Madhya Pradesh,Salaried,Graduate,2472472,699
CUST06255,Customer_06255,30,West Bengal,Salaried,Under Graduate,791430,677
CUST06256,Customer_06256,54,Maharashtra,Salaried,Graduate,1621515,583
CUST06257,Customer_06257,26,Maharashtra,Self-Employed,Under Graduate,1517625,731
CUST06258,Customer_06258,28,Haryana,Self-Employed,Under Graduate,2421780,722
CUST06259,Customer_06259,31,Maharashtra,Business,Under Graduate,2062782,757
CUST06260,Customer_06260,32,Haryana,Self-Employed,Graduate,587319,629
CUST06261,Customer_06261,29,Uttar Pradesh,Self-Employed,Graduate,1883957,572
CUST06262,Customer_06262,22,Uttar Pradesh,Salaried,Graduate,1899909,733
CUST06263,Customer_06263,28,Karnataka,Professional,Graduate,1115892,788
CUST06264,Customer_06264,31,Madhya Pradesh,Professional,Graduate,1546685,569
CUST06265,Customer_06265,56,Delhi,Salaried,Graduate,1633936,585
CUST06266,Customer_06266,30,Maharashtra,Salaried,Graduate,208462,649
CUST06267,Customer_06267,41,Uttar Pradesh,Business,Graduate,1000169,578
CUST06268,Customer_06268,40,Haryana,Business,Under Graduate,1428962,661
CUST06269,Customer_06269,28,Bihar,Self-Employed,Post Graduate,957382,718
CUST06270,Customer_06270,56,Rajasthan,Salaried,Graduate,533985,745
CUST06271,Customer_06271,49,Uttar Pradesh,Business,Under Graduate,955628,731
CUST06272,Customer_06272,32,Bihar,Salaried,Under Graduate,1488506,679
CUST06273,Customer_06273,34,Delhi,Salaried,Graduate,2367149,786
CUST06274,Customer_06274,41,Haryana,Salaried,Graduate,2280483,547
CUST06275,Customer_06275,42,Gujarat,Salaried,Graduate,249831,611
CUST06276,Customer_06276,41,Gujarat,Professional,Under Graduate,2070308,692
CUST06277,Customer_06277,50,Rajasthan,Self-Employed,Graduate,890378,632
CUST06278,Customer_06278,59,Madhya Pradesh,Business,Post Graduate,2357761,680
CUST06279,Customer_06279,40,Delhi,Self-Employed,Post Graduate,1807287,726
CUST06280,Customer_06280,44,Maharashtra,Business,Post Graduate,961878,649
CUST06281,Customer_06281,43,Maharashtra,Self-Employed,Graduate,2441277,649
CUST06282,Customer_06282,27,West Bengal,Salaried,Graduate,710021,670
CUST06283,Customer_06283,29,Uttar Pradesh,Business,Graduate,497778,756
CUST06284,Customer_06284,21,Uttar Pradesh,Salaried,Graduate,623605,738
CUST06285,Customer_06285,46,Madhya Pradesh,Self-Employed,Post Graduate,293584,750
CUST06286,Customer_06286,58,Delhi,Self-Employed,Under Graduate,1462385,701
CUST06287,Customer_06287,58,Madhya Pradesh,Salaried,Under Graduate,1482617,703
CUST06288,Customer_06288,42,Bihar,Salaried,Graduate,1713403,777
CUST06289,Customer_06289,30,West Bengal,Business,Graduate,2039940,626
CUST06290,Customer_06290,26,Gujarat,Salaried,Under Graduate,1315050,779
CUST06291,Customer_06291,37,Haryana,Salaried,Under Graduate,395906,703
CUST06292,Customer_06292,58,Uttar Pradesh,Self-Employed,Graduate,1723082,694
CUST06293,Customer_06293,44,Maharashtra,Salaried,Post Graduate,2443612,652
CUST06294,Customer_06294,30,Bihar,Business,Graduate,1874721,781
CUST06295,Customer_06295,28,Maharashtra,Business,Graduate,1265747,753
CUST06296,Customer_06296,41,Uttar Pradesh,Salaried,Post Graduate,1773907,589
CUST06297,Customer_06297,26,Maharashtra,Self-Employed,Under Graduate,1245998,714
CUST06298,Customer_06298,41,Madhya Pradesh,Salaried,Graduate,2142593,636
CUST06299,Customer_06299,59,Gujarat,Self-Employed,Post Graduate,1572694,670
CUST06300,Customer_06300,44,Delhi,Self-Employed,Post Graduate,1810129,577
CUST06301,Customer_06301,53,Uttar Pradesh,Salaried,Graduate,2303029,702
CUST06302,Customer_06302,38,Bihar,Salaried,Post Graduate,1863868,706
CUST06303,Customer_06303,48,Uttar Pradesh,Self-Employed,Graduate,1137684,710
CUST06304,Customer_06304,52,Rajasthan,Salaried,Graduate,323175,660
CUST06305,Customer_06305,32,Rajasthan,Salaried,Post Graduate,1297579,669
CUST06306,Customer_06306,47,Rajasthan,Professional,Graduate,266785,549
CUST06307,Customer_06307,30,Karnataka,Salaried,Graduate,753622,762
CUST06308,Customer_06308,52,Haryana,Self-Employed,Graduate,1191837,557
CUST06309,Customer_06309,46,Gujarat,Salaried,Post Graduate,1801470,720
CUST06310,Customer_06310,45,Karnataka,Business,Graduate,1025320,673
CUST06311,Customer_06311,31,Gujarat,Salaried,Graduate,937791,733
CUST06312,Customer_06312,43,Haryana,Salaried,Post Graduate,245770,701
CUST06313,Customer_06313,54,Madhya Pradesh,Self-Employed,Graduate,536823,616
CUST06314,Customer_06314,60,Rajasthan,Business,Graduate,2213405,732
CUST06315,Customer_06315,43,Delhi,Business,Graduate,1134295,687
CUST06316,Customer_06316,49,Uttar Pradesh,Salaried,Graduate,958833,673
CUST06317,Customer_06317,51,Gujarat,Business,Post Graduate,895370,707
CUST06318,Customer_06318,27,West Bengal,Business,Graduate,1128852,777
CUST06319,Customer_06319,60,Delhi,Professional,Graduate,1341124,663
CUST06320,Customer_06320,53,Uttar Pradesh,Professional,Graduate,2052038,718
CUST06321,Customer_06321,41,Bihar,Self-Employed,Post Graduate,2308944,706
CUST06322,Customer_06322,22,Haryana,Business,Graduate,580604,658
CUST06323,Customer_06323,38,West Bengal,Self-Employed,Graduate,1153201,646
CUST06324,Customer_06324,53,Bihar,Self-Employed,Post Graduate,678454,614
CUST06325,Customer_06325,57,Haryana,Salaried,Graduate,550667,728
CUST06326,Customer_06326,54,Karnataka,Salaried,Graduate,858058,645
CUST06327,Customer_06327,40,Uttar Pradesh,Salaried,Under Graduate,284421,595
CUST06328,Customer_06328,55,Haryana,Professional,Under Graduate,1165091,686
CUST06329,Customer_06329,38,Bihar,Salaried,Graduate,2125039,763
CUST06330,Customer_06330,44,Madhya Pradesh,Salaried,Post Graduate,543388,778
CUST06331,Customer_06331,28,Madhya Pradesh,Salaried,Post Graduate,2091553,476
CUST06332,Customer_06332,50,Gujarat,Self-Employed,Under Graduate,877551,699
CUST06333,Customer_06333,30,Delhi,Professional,Graduate,413074,729
CUST06334,Customer_06334,43,Rajasthan,Self-Employed,Post Graduate,476871,726
CUST06335,Customer_06335,31,Karnataka,Salaried,Under Graduate,1730465,684
CUST06336,Customer_06336,22,Haryana,Professional,Graduate,1252799,810
CUST06337,Customer_06337,46,Haryana,Salaried,Post Graduate,863008,784
CUST06338,Customer_06338,56,Rajasthan,Professional,Graduate,1062672,683
CUST06339,Customer_06339,53,Uttar Pradesh,Salaried,Under Graduate,1775144,659
CUST06340,Customer_06340,33,Rajasthan,Business,Under Graduate,357911,715
CUST06341,Customer_06341,60,Karnataka,Salaried,Graduate,1535799,726
CUST06342,Customer_06342,45,Maharashtra,Professional,Graduate,2408600,694
CUST06343,Customer_06343,24,West Bengal,Salaried,Graduate,2409002,700
CUST06344,Customer_06344,39,Haryana,Salaried,Graduate,1856443,805
CUST06345,Customer_06345,38,Gujarat,Business,Graduate,1395759,807
CUST06346,Customer_06346,57,Gujarat,Salaried,Graduate,2488188,749
CUST06347,Customer_06347,50,Madhya Pradesh,Business,Post Graduate,2430600,759
CUST06348,Customer_06348,39,Delhi,Business,Post Graduate,1180010,754
CUST06349,Customer_06349,43,Bihar,Self-Employed,Graduate,1090366,675
CUST06350,Customer_06350,36,Haryana,Salaried,Post Graduate,2178257,724
CUST06351,Customer_06351,21,Gujarat,Professional,Under Graduate,2480504,710
CUST06352,Customer_06352,32,Delhi,Business,Graduate,2482561,782
CUST06353,Customer_06353,44,Haryana,Salaried,Graduate,1419168,712
CUST06354,Customer_06354,54,Uttar Pradesh,Salaried,Graduate,2222308,754
CUST06355,Customer_06355,28,Uttar Pradesh,Salaried,Graduate,238150,681
CUST06356,Customer_06356,38,Haryana,Salaried,Post Graduate,226686,742
CUST06357,Customer_06357,25,Maharashtra,Self-Employed,Graduate,2006533,710
CUST06358,Customer_06358,46,Madhya Pradesh,Business,Under Graduate,744540,634
CUST06359,Customer_06359,50,Rajasthan,Business,Under Graduate,1254503,744
CUST06360,Customer_06360,33,Uttar Pradesh,Business,Graduate,1467093,768
CUST06361,Customer_06361,39,Uttar Pradesh,Salaried,Graduate,2373799,566
CUST06362,Customer_06362,49,Haryana,Salaried,Post Graduate,1803683,559
CUST06363,Customer_06363,23,Madhya Pradesh,Business,Under Graduate,2329488,708
CUST06364,Customer_06364,46,Rajasthan,Business,Graduate,1680760,720
CUST06365,Customer_06365,60,West Bengal,Self-Employed,Under Graduate,2481188,622
CUST06366,Customer_06366,32,Uttar Pradesh,Salaried,Post Graduate,2365933,712
CUST06367,Customer_06367,22,Maharashtra,Self-Employed,Graduate,1782445,683
CUST06368,Customer_06368,31,Delhi,Salaried,Graduate,2114369,537
CUST06369,Customer_06369,48,Delhi,Salaried,Graduate,1316808,703
CUST06370,Customer_06370,38,Bihar,Self-Employed,Graduate,1639544,617
CUST06371,Customer_06371,33,West Bengal,Salaried,Post Graduate,1253062,733
CUST06372,Customer_06372,57,West Bengal,Professional,Graduate,670641,652
CUST06373,Customer_06373,42,Uttar Pradesh,Salaried,Graduate,943527,716
CUST06374,Customer_06374,32,Uttar Pradesh,Self-Employed,Graduate,1544505,778
CUST06375,Customer_06375,22,Haryana,Business,Graduate,1047573,659
CUST06376,Customer_06376,57,Bihar,Salaried,Graduate,277620,680
CUST06377,Customer_06377,27,Uttar Pradesh,Business,Post Graduate,2390481,784
CUST06378,Customer_06378,46,Haryana,Business,Graduate,2429808,732
CUST06379,Customer_06379,46,Rajasthan,Professional,Graduate,625104,684
CUST06380,Customer_06380,44,Rajasthan,Salaried,Graduate,2187744,800
CUST06381,Customer_06381,32,Maharashtra,Salaried,Graduate,2013150,674
CUST06382,Customer_06382,36,Gujarat,Salaried,Graduate,1445251,673
CUST06383,Customer_06383,43,Madhya Pradesh,Business,Under Graduate,1606378,622
CUST06384,Customer_06384,60,Maharashtra,Self-Employed,Post Graduate,584514,732
CUST06385,Customer_06385,29,Bihar,Salaried,Under Graduate,859205,612
CUST06386,Customer_06386,52,Madhya Pradesh,Salaried,Graduate,812873,791
CUST06387,Customer_06387,35,Karnataka,Salaried,Under Graduate,2219977,647
CUST06388,Customer_06388,57,Karnataka,Business,Post Graduate,1008984,724
CUST06389,Customer_06389,33,Maharashtra,Salaried,Post Graduate,1846343,693
CUST06390,Customer_06390,25,Delhi,Salaried,Graduate,1581216,729
CUST06391,Customer_06391,31,Delhi,Salaried,Graduate,1930903,720
CUST06392,Customer_06392,30,Haryana,Business,Under Graduate,2034527,697
CUST06393,Customer_06393,33,Madhya Pradesh,Business,Post Graduate,2101104,663
CUST06394,Customer_06394,35,Uttar Pradesh,Self-Employed,Post Graduate,989739,709
CUST06395,Customer_06395,27,Delhi,Salaried,Graduate,1248216,784
CUST06396,Customer_06396,60,Uttar Pradesh,Salaried,Graduate,859256,667
CUST06397,Customer_06397,48,Uttar Pradesh,Salaried,Under Graduate,243001,606
CUST06398,Customer_06398,52,Madhya Pradesh,Self-Employed,Graduate,236615,739
CUST06399,Customer_06399,55,West Bengal,Self-Employed,Post Graduate,687366,710
CUST06400,Customer_06400,35,Maharashtra,Professional,Graduate,1502352,791
CUST06401,Customer_06401,56,Gujarat,Professional,Post Graduate,963175,731
CUST06402,Customer_06402,41,Maharashtra,Salaried,Graduate,1631916,783
CUST06403,Customer_06403,26,Karnataka,Salaried,Graduate,1780601,820
CUST06404,Customer_06404,21,Madhya Pradesh,Salaried,Graduate,2438359,669
CUST06405,Customer_06405,24,Maharashtra,Salaried,Post Graduate,1787703,682
CUST06406,Customer_06406,31,Maharashtra,Self-Employed,Graduate,827499,773
CUST06407,Customer_06407,46,Rajasthan,Business,Post Graduate,1101788,696
CUST06408,Customer_06408,57,Uttar Pradesh,Salaried,Graduate,1264879,660
CUST06409,Customer_06409,43,Uttar Pradesh,Business,Under Graduate,2054141,670
CUST06410,Customer_06410,49,Gujarat,Self-Employed,Graduate,392891,643
CUST06411,Customer_06411,41,Bihar,Professional,Graduate,2030306,539
CUST06412,Customer_06412,47,Delhi,Self-Employed,Under Graduate,2280274,739
CUST06413,Customer_06413,59,Uttar Pradesh,Business,Post Graduate,1495927,635
CUST06414,Customer_06414,60,Madhya Pradesh,Salaried,Post Graduate,303739,581
CUST06415,Customer_06415,33,Rajasthan,Business,Graduate,412302,756
CUST06416,Customer_06416,43,Uttar Pradesh,Salaried,Under Graduate,2142150,582
CUST06417,Customer_06417,36,Madhya Pradesh,Self-Employed,Post Graduate,2477804,775
CUST06418,Customer_06418,50,Uttar Pradesh,Salaried,Post Graduate,880516,740
CUST06419,Customer_06419,24,Haryana,Salaried,Under Graduate,1875433,724
CUST06420,Customer_06420,60,Gujarat,Salaried,Post Graduate,2137287,602
CUST06421,Customer_06421,36,Madhya Pradesh,Salaried,Graduate,1295282,553
CUST06422,Customer_06422,51,Uttar Pradesh,Salaried,Graduate,1883173,636
CUST06423,Customer_06423,45,Maharashtra,Professional,Post Graduate,2336624,500
CUST06424,Customer_06424,32,Rajasthan,Salaried,Post Graduate,2009443,515
CUST06425,Customer_06425,46,Gujarat,Business,Post Graduate,791453,754
CUST06426,Customer_06426,57,Maharashtra,Salaried,Graduate,1530794,841
CUST06427,Customer_06427,53,Uttar Pradesh,Self-Employed,Under Graduate,751318,699
CUST06428,Customer_06428,48,Bihar,Salaried,Post Graduate,191125,692
CUST06429,Customer_06429,29,Rajasthan,Salaried,Graduate,2282953,645
CUST06430,Customer_06430,32,Maharashtra,Salaried,Graduate,1808761,757
CUST06431,Customer_06431,25,Rajasthan,Salaried,Under Graduate,1843047,574
CUST06432,Customer_06432,48,Bihar,Salaried,Graduate,2279444,704
CUST06433,Customer_06433,55,Rajasthan,Professional,Graduate,2396514,828
CUST06434,Customer_06434,25,Bihar,Salaried,Graduate,1243553,702
CUST06435,Customer_06435,54,Gujarat,Business,Graduate,2109753,668
CUST06436,Customer_06436,54,Uttar Pradesh,Professional,Graduate,1405035,805
CUST06437,Customer_06437,33,Uttar Pradesh,Self-Employed,Under Graduate,471108,833
CUST06438,Customer_06438,59,Rajasthan,Professional,Graduate,2038580,803
CUST06439,Customer_06439,34,Bihar,Salaried,Under Graduate,2356646,684
CUST06440,Customer_06440,31,Bihar,Business,Graduate,2318356,753
CUST06441,Customer_06441,58,Haryana,Salaried,Under Graduate,2485719,804
CUST06442,Customer_06442,24,Karnataka,Self-Employed,Graduate,1103449,653
CUST06443,Customer_06443,53,Maharashtra,Self-Employed,Post Graduate,1234895,624
CUST06444,Customer_06444,27,Haryana,Professional,Graduate,862790,722
CUST06445,Customer_06445,28,Rajasthan,Professional,Graduate,1778655,614
CUST06446,Customer_06446,57,Maharashtra,Salaried,Graduate,1046627,600
CUST06447,Customer_06447,30,West Bengal,Salaried,Post Graduate,1774522,648
CUST06448,Customer_06448,35,Haryana,Business,Graduate,1712357,627
CUST06449,Customer_06449,58,West Bengal,Business,Under Graduate,945160,617
CUST06450,Customer_06450,35,Uttar Pradesh,Salaried,Graduate,1066267,702
CUST06451,Customer_06451,25,Uttar Pradesh,Salaried,Graduate,259975,711
CUST06452,Customer_06452,49,Rajasthan,Business,Graduate,1511665,587
CUST06453,Customer_06453,39,Gujarat,Business,Post Graduate,949851,719
CUST06454,Customer_06454,30,Uttar Pradesh,Salaried,Graduate,687805,704
CUST06455,Customer_06455,32,Karnataka,Business,Graduate,1514509,614
CUST06456,Customer_06456,24,Madhya Pradesh,Self-Employed,Post Graduate,685073,692
CUST06457,Customer_06457,51,Bihar,Professional,Graduate,1290148,710
CUST06458,Customer_06458,38,Madhya Pradesh,Self-Employed,Post Graduate,2306715,718
CUST06459,Customer_06459,36,Gujarat,Salaried,Graduate,2429954,757
CUST06460,Customer_06460,60,Uttar Pradesh,Business,Post Graduate,1388715,751
CUST06461,Customer_06461,56,West Bengal,Salaried,Under Graduate,227358,693
CUST06462,Customer_06462,45,Bihar,Professional,Graduate,883419,623
CUST06463,Customer_06463,43,Uttar Pradesh,Self-Employed,Graduate,982898,654
CUST06464,Customer_06464,32,Karnataka,Professional,Under Graduate,1677738,706
CUST06465,Customer_06465,54,West Bengal,Salaried,Post Graduate,1928276,787
CUST06466,Customer_06466,56,Haryana,Self-Employed,Graduate,2189619,518
CUST06467,Customer_06467,57,Karnataka,Business,Post Graduate,1427258,698
CUST06468,Customer_06468,23,Gujarat,Business,Graduate,899862,679
CUST06469,Customer_06469,29,Karnataka,Salaried,Under Graduate,2085018,711
CUST06470,Customer_06470,38,Uttar Pradesh,Salaried,Post Graduate,222884,587
CUST06471,Customer_06471,55,Delhi,Self-Employed,Post Graduate,307192,759
CUST06472,Customer_06472,54,Gujarat,Salaried,Under Graduate,409196,688
CUST06473,Customer_06473,34,Uttar Pradesh,Business,Post Graduate,385180,670
CUST06474,Customer_06474,24,Madhya Pradesh,Salaried,Graduate,1491356,720
CUST06475,Customer_06475,49,Rajasthan,Business,Under Graduate,1617383,714
CUST06476,Customer_06476,35,Gujarat,Salaried,Graduate,2435355,692
CUST06477,Customer_06477,48,Uttar Pradesh,Salaried,Graduate,884794,649
CUST06478,Customer_06478,36,Haryana,Salaried,Graduate,2232309,674
CUST06479,Customer_06479,32,Uttar Pradesh,Self-Employed,Under Graduate,1677617,692
CUST06480,Customer_06480,25,Bihar,Self-Employed,Post Graduate,1213046,827
CUST06481,Customer_06481,54,Karnataka,Self-Employed,Graduate,2310536,699
CUST06482,Customer_06482,21,Madhya Pradesh,Business,Graduate,953278,740
CUST06483,Customer_06483,59,Bihar,Salaried,Graduate,626982,755
CUST06484,Customer_06484,52,Uttar Pradesh,Professional,Graduate,1516324,692
CUST06485,Customer_06485,46,Gujarat,Professional,Under Graduate,639796,793
CUST06486,Customer_06486,37,West Bengal,Salaried,Post Graduate,2490789,564
CUST06487,Customer_06487,47,Karnataka,Business,Under Graduate,2228940,713
CUST06488,Customer_06488,44,Delhi,Self-Employed,Graduate,2276759,773
CUST06489,Customer_06489,55,Uttar Pradesh,Self-Employed,Post Graduate,1273873,729
CUST06490,Customer_06490,59,Maharashtra,Self-Employed,Graduate,406210,556
CUST06491,Customer_06491,46,Maharashtra,Business,Under Graduate,312738,712
CUST06492,Customer_06492,58,Bihar,Professional,Under Graduate,1394880,687
CUST06493,Customer_06493,43,Maharashtra,Self-Employed,Under Graduate,921711,695
CUST06494,Customer_06494,42,Maharashtra,Salaried,Post Graduate,686328,666
CUST06495,Customer_06495,24,Madhya Pradesh,Self-Employed,Graduate,1927056,753
CUST06496,Customer_06496,29,Maharashtra,Salaried,Post Graduate,950298,679
CUST06497,Customer_06497,24,Gujarat,Self-Employed,Graduate,1184431,786
CUST06498,Customer_06498,27,West Bengal,Business,Graduate,1093257,702
CUST06499,Customer_06499,43,Gujarat,Salaried,Graduate,2404708,645
CUST06500,Customer_06500,22,Delhi,Salaried,Graduate,2184734,835
CUST06501,Customer_06501,44,Delhi,Self-Employed,Post Graduate,1385638,631
CUST06502,Customer_06502,60,Bihar,Salaried,Graduate,935285,665
CUST06503,Customer_06503,51,Uttar Pradesh,Salaried,Graduate,1909073,715
CUST06504,Customer_06504,51,Uttar Pradesh,Self-Employed,Graduate,1543454,579
CUST06505,Customer_06505,60,Maharashtra,Professional,Post Graduate,2446500,705
CUST06506,Customer_06506,54,Gujarat,Business,Post Graduate,1172997,645
CUST06507,Customer_06507,44,Karnataka,Self-Employed,Graduate,1838940,850
CUST06508,Customer_06508,46,West Bengal,Self-Employed,Post Graduate,1871387,672
CUST06509,Customer_06509,36,Uttar Pradesh,Salaried,Post Graduate,185861,615
CUST06510,Customer_06510,33,West Bengal,Business,Graduate,439422,716
CUST06511,Customer_06511,35,Bihar,Self-Employed,Post Graduate,1878873,698
CUST06512,Customer_06512,47,Haryana,Professional,Graduate,277173,751
CUST06513,Customer_06513,24,Maharashtra,Professional,Graduate,653017,625
CUST06514,Customer_06514,36,Uttar Pradesh,Salaried,Post Graduate,798664,805
CUST06515,Customer_06515,50,Bihar,Professional,Graduate,328501,718
CUST06516,Customer_06516,50,Karnataka,Professional,Graduate,1105519,635
CUST06517,Customer_06517,56,Maharashtra,Self-Employed,Post Graduate,756297,699
CUST06518,Customer_06518,23,Uttar Pradesh,Salaried,Post Graduate,2005069,738
CUST06519,Customer_06519,42,Karnataka,Business,Graduate,1777826,727
CUST06520,Customer_06520,42,West Bengal,Salaried,Post Graduate,2360684,599
CUST06521,Customer_06521,32,Uttar Pradesh,Self-Employed,Graduate,2327869,545
CUST06522,Customer_06522,41,Delhi,Salaried,Graduate,1461307,588
CUST06523,Customer_06523,24,Maharashtra,Self-Employed,Post Graduate,2254952,706
CUST06524,Customer_06524,51,Bihar,Professional,Post Graduate,1427691,718
CUST06525,Customer_06525,51,Rajasthan,Salaried,Graduate,1543876,490
CUST06526,Customer_06526,43,Bihar,Business,Under Graduate,440690,711
CUST06527,Customer_06527,40,Rajasthan,Salaried,Under Graduate,1014533,634
CUST06528,Customer_06528,35,Madhya Pradesh,Business,Under Graduate,355061,599
CUST06529,Customer_06529,43,Rajasthan,Self-Employed,Graduate,1851808,643
CUST06530,Customer_06530,48,Gujarat,Salaried,Under Graduate,2035478,694
CUST06531,Customer_06531,36,Delhi,Self-Employed,Under Graduate,289491,683
CUST06532,Customer_06532,57,Rajasthan,Business,Under Graduate,1894770,522
CUST06533,Customer_06533,41,Uttar Pradesh,Salaried,Under Graduate,2465243,799
CUST06534,Customer_06534,35,Gujarat,Business,Graduate,260396,738
CUST06535,Customer_06535,37,Delhi,Self-Employed,Graduate,782101,701
CUST06536,Customer_06536,57,Gujarat,Salaried,Graduate,1220625,562
CUST06537,Customer_06537,33,Madhya Pradesh,Professional,Graduate,2227315,628
CUST06538,Customer_06538,39,Maharashtra,Self-Employed,Under Graduate,1578429,685
CUST06539,Customer_06539,50,Gujarat,Salaried,Post Graduate,1025210,748
CUST06540,Customer_06540,38,Bihar,Salaried,Post Graduate,1350459,771
CUST06541,Customer_06541,34,Karnataka,Self-Employed,Graduate,623801,850
CUST06542,Customer_06542,56,Gujarat,Business,Graduate,2013979,701
CUST06543,Customer_06543,56,Maharashtra,Self-Employed,Graduate,1270975,641
CUST06544,Customer_06544,40,Rajasthan,Business,Post Graduate,1069013,746
CUST06545,Customer_06545,39,Haryana,Business,Post Graduate,1593911,616
CUST06546,Customer_06546,27,Bihar,Salaried,Under Graduate,1896949,717
CUST06547,Customer_06547,24,Rajasthan,Self-Employed,Graduate,400499,850
CUST06548,Customer_06548,54,Gujarat,Professional,Under Graduate,1880164,667
CUST06549,Customer_06549,22,Delhi,Professional,Graduate,666893,643
CUST06550,Customer_06550,25,Uttar Pradesh,Salaried,Graduate,1225660,586
CUST06551,Customer_06551,30,Madhya Pradesh,Self-Employed,Graduate,185194,701
CUST06552,Customer_06552,52,Karnataka,Salaried,Graduate,751678,578
CUST06553,Customer_06553,33,West Bengal,Salaried,Under Graduate,1627488,607
CUST06554,Customer_06554,59,Gujarat,Business,Under Graduate,1850414,589
CUST06555,Customer_06555,25,West Bengal,Salaried,Graduate,946252,769
CUST06556,Customer_06556,30,Madhya Pradesh,Salaried,Graduate,992029,678
CUST06557,Customer_06557,30,Rajasthan,Business,Graduate,738981,792
CUST06558,Customer_06558,58,Madhya Pradesh,Professional,Graduate,602247,706
CUST06559,Customer_06559,47,Uttar Pradesh,Professional,Post Graduate,2356299,656
CUST06560,Customer_06560,41,Bihar,Self-Employed,Post Graduate,2110652,736
CUST06561,Customer_06561,28,Rajasthan,Self-Employed,Graduate,983964,738
CUST06562,Customer_06562,21,Haryana,Salaried,Graduate,1489451,780
CUST06563,Customer_06563,48,Delhi,Business,Graduate,1520118,624
CUST06564,Customer_06564,59,Madhya Pradesh,Professional,Graduate,2227857,691
CUST06565,Customer_06565,34,Bihar,Business,Post Graduate,644049,603
CUST06566,Customer_06566,41,Maharashtra,Business,Under Graduate,1713706,708
CUST06567,Customer_06567,50,Bihar,Salaried,Graduate,384804,488
CUST06568,Customer_06568,41,Gujarat,Salaried,Graduate,1619433,616
CUST06569,Customer_06569,29,Maharashtra,Salaried,Graduate,2130126,633
CUST06570,Customer_06570,37,Bihar,Business,Graduate,1204389,689
CUST06571,Customer_06571,25,Bihar,Salaried,Graduate,2023023,767
CUST06572,Customer_06572,51,Delhi,Self-Employed,Under Graduate,191742,559
CUST06573,Customer_06573,60,Karnataka,Salaried,Under Graduate,1232118,754
CUST06574,Customer_06574,58,Gujarat,Self-Employed,Graduate,2330483,715
CUST06575,Customer_06575,39,Bihar,Business,Graduate,781314,721
CUST06576,Customer_06576,56,Rajasthan,Self-Employed,Graduate,1999076,669
CUST06577,Customer_06577,53,Uttar Pradesh,Business,Graduate,670942,744
CUST06578,Customer_06578,33,Uttar Pradesh,Self-Employed,Post Graduate,603022,676
CUST06579,Customer_06579,34,Uttar Pradesh,Salaried,Post Graduate,2269282,623
CUST06580,Customer_06580,53,Uttar Pradesh,Salaried,Graduate,2414273,675
CUST06581,Customer_06581,49,Uttar Pradesh,Professional,Under Graduate,949547,698
CUST06582,Customer_06582,56,Maharashtra,Salaried,Post Graduate,1381690,612
CUST06583,Customer_06583,30,Uttar Pradesh,Salaried,Graduate,1140452,508
CUST06584,Customer_06584,51,Gujarat,Salaried,Graduate,2040712,740
CUST06585,Customer_06585,26,West Bengal,Salaried,Graduate,2302837,633
CUST06586,Customer_06586,21,Karnataka,Self-Employed,Post Graduate,2341603,499
CUST06587,Customer_06587,27,Uttar Pradesh,Self-Employed,Post Graduate,1804566,699
CUST06588,Customer_06588,47,Bihar,Professional,Under Graduate,2089241,678
CUST06589,Customer_06589,41,Karnataka,Business,Under Graduate,2316948,588
CUST06590,Customer_06590,48,Uttar Pradesh,Salaried,Under Graduate,1516475,641
CUST06591,Customer_06591,36,Haryana,Business,Graduate,1619430,763
CUST06592,Customer_06592,43,Madhya Pradesh,Business,Post Graduate,2441487,572
CUST06593,Customer_06593,40,West Bengal,Business,Post Graduate,545484,649
CUST06594,Customer_06594,58,Karnataka,Salaried,Graduate,1783208,723
CUST06595,Customer_06595,45,Gujarat,Salaried,Graduate,2223342,575
CUST06596,Customer_06596,48,Gujarat,Business,Graduate,853640,827
CUST06597,Customer_06597,25,Maharashtra,Business,Graduate,2436654,755
CUST06598,Customer_06598,41,Uttar Pradesh,Self-Employed,Under Graduate,367232,818
CUST06599,Customer_06599,38,Bihar,Salaried,Graduate,1199325,688
CUST06600,Customer_06600,26,Maharashtra,Self-Employed,Post Graduate,733882,804
CUST06601,Customer_06601,49,Uttar Pradesh,Salaried,Graduate,1455649,700
CUST06602,Customer_06602,39,Maharashtra,Salaried,Under Graduate,1917514,669
CUST06603,Customer_06603,53,Karnataka,Salaried,Post Graduate,2368666,605
CUST06604,Customer_06604,21,Uttar Pradesh,Salaried,Under Graduate,565921,710
CUST06605,Customer_06605,23,Maharashtra,Self-Employed,Graduate,993412,640
CUST06606,Customer_06606,41,Bihar,Salaried,Under Graduate,1817616,636
CUST06607,Customer_06607,55,Rajasthan,Salaried,Graduate,646873,700
CUST06608,Customer_06608,60,Maharashtra,Salaried,Post Graduate,2020237,821
CUST06609,Customer_06609,23,West Bengal,Salaried,Graduate,2195193,789
CUST06610,Customer_06610,45,Madhya Pradesh,Salaried,Post Graduate,1430368,751
CUST06611,Customer_06611,58,Rajasthan,Salaried,Under Graduate,328544,687
CUST06612,Customer_06612,40,Uttar Pradesh,Salaried,Post Graduate,454154,696
CUST06613,Customer_06613,54,Rajasthan,Self-Employed,Post Graduate,1890174,800
CUST06614,Customer_06614,41,Haryana,Salaried,Graduate,848106,728
CUST06615,Customer_06615,43,Maharashtra,Salaried,Graduate,2203202,490
CUST06616,Customer_06616,26,Bihar,Business,Graduate,2212010,850
CUST06617,Customer_06617,33,Uttar Pradesh,Self-Employed,Graduate,1725411,688
CUST06618,Customer_06618,43,West Bengal,Business,Under Graduate,1500485,694
CUST06619,Customer_06619,29,Uttar Pradesh,Self-Employed,Under Graduate,1617553,705
CUST06620,Customer_06620,37,Karnataka,Professional,Under Graduate,305076,695
CUST06621,Customer_06621,22,Maharashtra,Salaried,Graduate,436365,675
CUST06622,Customer_06622,39,Madhya Pradesh,Self-Employed,Graduate,1783291,578
CUST06623,Customer_06623,39,Gujarat,Self-Employed,Post Graduate,495847,595
CUST06624,Customer_06624,27,Uttar Pradesh,Professional,Post Graduate,1953843,819
CUST06625,Customer_06625,40,Rajasthan,Salaried,Graduate,642333,636
CUST06626,Customer_06626,29,Bihar,Business,Under Graduate,2159629,773
CUST06627,Customer_06627,37,Uttar Pradesh,Self-Employed,Graduate,2021556,711
CUST06628,Customer_06628,47,Haryana,Business,Graduate,1391711,516
CUST06629,Customer_06629,22,Uttar Pradesh,Business,Under Graduate,288138,595
CUST06630,Customer_06630,56,Gujarat,Professional,Under Graduate,2087491,629
CUST06631,Customer_06631,39,Maharashtra,Business,Post Graduate,1088904,744
CUST06632,Customer_06632,37,Maharashtra,Salaried,Graduate,1661796,671
CUST06633,Customer_06633,25,Gujarat,Salaried,Graduate,978899,744
CUST06634,Customer_06634,59,Madhya Pradesh,Salaried,Graduate,2176931,669
CUST06635,Customer_06635,38,Maharashtra,Salaried,Under Graduate,1459494,737
CUST06636,Customer_06636,27,Rajasthan,Salaried,Graduate,737025,610
CUST06637,Customer_06637,37,Maharashtra,Self-Employed,Under Graduate,1985139,653
CUST06638,Customer_06638,59,Karnataka,Business,Under Graduate,1320722,713
CUST06639,Customer_06639,56,Maharashtra,Salaried,Under Graduate,2376934,668
CUST06640,Customer_06640,60,Maharashtra,Self-Employed,Graduate,2385079,692
CUST06641,Customer_06641,24,Delhi,Salaried,Graduate,1865140,693
CUST06642,Customer_06642,58,Uttar Pradesh,Business,Post Graduate,2105576,749
CUST06643,Customer_06643,45,Maharashtra,Salaried,Under Graduate,2167474,693
CUST06644,Customer_06644,25,Bihar,Self-Employed,Under Graduate,1665816,682
CUST06645,Customer_06645,50,Karnataka,Professional,Graduate,724248,715
CUST06646,Customer_06646,32,West Bengal,Salaried,Post Graduate,1187259,730
CUST06647,Customer_06647,24,Delhi,Business,Graduate,1384127,699
CUST06648,Customer_06648,44,Rajasthan,Business,Graduate,2332957,608
CUST06649,Customer_06649,49,Gujarat,Salaried,Post Graduate,1411092,752
CUST06650,Customer_06650,29,Bihar,Professional,Graduate,2169669,738
CUST06651,Customer_06651,24,Maharashtra,Business,Graduate,975984,665
CUST06652,Customer_06652,44,West Bengal,Salaried,Graduate,784618,729
CUST06653,Customer_06653,34,Uttar Pradesh,Salaried,Graduate,936854,833
CUST06654,Customer_06654,25,Bihar,Self-Employed,Graduate,1227171,670
CUST06655,Customer_06655,38,Karnataka,Business,Graduate,397511,687
CUST06656,Customer_06656,39,Delhi,Salaried,Graduate,2322257,710
CUST06657,Customer_06657,32,Uttar Pradesh,Business,Under Graduate,1127561,850
CUST06658,Customer_06658,38,Uttar Pradesh,Salaried,Under Graduate,2123633,704
CUST06659,Customer_06659,37,Rajasthan,Business,Under Graduate,2249361,642
CUST06660,Customer_06660,50,Rajasthan,Self-Employed,Graduate,481103,593
CUST06661,Customer_06661,44,Rajasthan,Self-Employed,Graduate,972197,664
CUST06662,Customer_06662,31,Maharashtra,Self-Employed,Under Graduate,346879,686
CUST06663,Customer_06663,55,West Bengal,Business,Graduate,883869,736
CUST06664,Customer_06664,43,Maharashtra,Salaried,Graduate,2334884,691
CUST06665,Customer_06665,37,Rajasthan,Business,Graduate,1450444,694
CUST06666,Customer_06666,21,Bihar,Salaried,Graduate,1538967,704
CUST06667,Customer_06667,35,Uttar Pradesh,Business,Under Graduate,600535,702
CUST06668,Customer_06668,52,Maharashtra,Business,Under Graduate,1821828,782
CUST06669,Customer_06669,29,Karnataka,Salaried,Under Graduate,1386634,619
CUST06670,Customer_06670,35,Karnataka,Business,Under Graduate,1596782,831
CUST06671,Customer_06671,48,Maharashtra,Self-Employed,Post Graduate,1390375,792
CUST06672,Customer_06672,44,Karnataka,Professional,Graduate,2234754,766
CUST06673,Customer_06673,55,Maharashtra,Salaried,Graduate,376451,627
CUST06674,Customer_06674,42,Gujarat,Salaried,Post Graduate,1062714,679
CUST06675,Customer_06675,47,Uttar Pradesh,Business,Graduate,1116822,635
CUST06676,Customer_06676,39,Karnataka,Business,Under Graduate,2339574,626
CUST06677,Customer_06677,32,Uttar Pradesh,Self-Employed,Graduate,1569368,669
CUST06678,Customer_06678,40,Madhya Pradesh,Professional,Post Graduate,1694262,680
CUST06679,Customer_06679,21,Delhi,Self-Employed,Post Graduate,1971843,663
CUST06680,Customer_06680,41,Uttar Pradesh,Professional,Graduate,1781434,692
CUST06681,Customer_06681,21,Bihar,Self-Employed,Post Graduate,733436,752
CUST06682,Customer_06682,30,Uttar Pradesh,Salaried,Under Graduate,650193,747
CUST06683,Customer_06683,52,Gujarat,Salaried,Post Graduate,1366151,719
CUST06684,Customer_06684,59,Maharashtra,Professional,Post Graduate,2236736,684
CUST06685,Customer_06685,42,Madhya Pradesh,Salaried,Graduate,360553,660
CUST06686,Customer_06686,38,West Bengal,Professional,Under Graduate,2197401,712
CUST06687,Customer_06687,52,Maharashtra,Business,Graduate,1329886,764
CUST06688,Customer_06688,47,Uttar Pradesh,Salaried,Under Graduate,988656,788
CUST06689,Customer_06689,48,Gujarat,Self-Employed,Under Graduate,1083643,595
CUST06690,Customer_06690,38,Haryana,Self-Employed,Graduate,723587,684
CUST06691,Customer_06691,59,West Bengal,Self-Employed,Under Graduate,586713,623
CUST06692,Customer_06692,49,Uttar Pradesh,Salaried,Under Graduate,2336634,580
CUST06693,Customer_06693,38,Bihar,Professional,Post Graduate,2331978,776
CUST06694,Customer_06694,28,Haryana,Self-Employed,Post Graduate,2000580,784
CUST06695,Customer_06695,51,Haryana,Professional,Under Graduate,2140284,675
CUST06696,Customer_06696,54,Gujarat,Self-Employed,Graduate,1229448,656
CUST06697,Customer_06697,27,Maharashtra,Salaried,Under Graduate,2299540,662
CUST06698,Customer_06698,56,Maharashtra,Self-Employed,Post Graduate,618517,558
CUST06699,Customer_06699,38,Uttar Pradesh,Business,Under Graduate,1184341,772
CUST06700,Customer_06700,58,Karnataka,Salaried,Graduate,1003232,654
CUST06701,Customer_06701,29,Uttar Pradesh,Professional,Graduate,700981,673
CUST06702,Customer_06702,29,Madhya Pradesh,Self-Employed,Under Graduate,1985500,712
CUST06703,Customer_06703,28,Madhya Pradesh,Professional,Graduate,2276825,537
CUST06704,Customer_06704,55,Bihar,Business,Graduate,514846,691
CUST06705,Customer_06705,38,Bihar,Business,Post Graduate,1317938,700
CUST06706,Customer_06706,25,Gujarat,Self-Employed,Graduate,193026,648
CUST06707,Customer_06707,34,Bihar,Self-Employed,Graduate,1281765,850
CUST06708,Customer_06708,48,Maharashtra,Business,Graduate,1737035,599
CUST06709,Customer_06709,50,Bihar,Self-Employed,Graduate,2283794,726
CUST06710,Customer_06710,24,Haryana,Business,Graduate,1897492,613
CUST06711,Customer_06711,59,West Bengal,Business,Graduate,1790860,711
CUST06712,Customer_06712,40,Gujarat,Self-Employed,Post Graduate,407650,607
CUST06713,Customer_06713,45,Haryana,Self-Employed,Post Graduate,1224593,760
CUST06714,Customer_06714,48,Madhya Pradesh,Salaried,Graduate,1347844,716
CUST06715,Customer_06715,32,Gujarat,Salaried,Graduate,914956,567
CUST06716,Customer_06716,22,West Bengal,Professional,Post Graduate,1032365,701
CUST06717,Customer_06717,34,Rajasthan,Business,Graduate,952413,651
CUST06718,Customer_06718,42,Uttar Pradesh,Salaried,Graduate,1543826,678
CUST06719,Customer_06719,51,West Bengal,Business,Graduate,1512832,565
CUST06720,Customer_06720,43,Haryana,Salaried,Graduate,1358999,795
CUST06721,Customer_06721,40,Bihar,Self-Employed,Under Graduate,2375795,618
CUST06722,Customer_06722,58,West Bengal,Salaried,Post Graduate,1965862,672
CUST06723,Customer_06723,24,Bihar,Professional,Graduate,2396119,624
CUST06724,Customer_06724,35,Bihar,Professional,Graduate,1392985,671
CUST06725,Customer_06725,44,Madhya Pradesh,Self-Employed,Under Graduate,2298254,682
CUST06726,Customer_06726,45,Maharashtra,Salaried,Graduate,243673,684
CUST06727,Customer_06727,21,Gujarat,Self-Employed,Graduate,467362,795
CUST06728,Customer_06728,27,Uttar Pradesh,Business,Under Graduate,1669375,682
CUST06729,Customer_06729,51,Uttar Pradesh,Salaried,Graduate,563823,810
CUST06730,Customer_06730,32,Madhya Pradesh,Salaried,Post Graduate,306208,584
CUST06731,Customer_06731,25,Madhya Pradesh,Business,Graduate,985367,779
CUST06732,Customer_06732,58,Uttar Pradesh,Salaried,Graduate,786317,764
CUST06733,Customer_06733,32,West Bengal,Salaried,Post Graduate,1985890,772
CUST06734,Customer_06734,59,Madhya Pradesh,Self-Employed,Graduate,2322421,850
CUST06735,Customer_06735,38,Uttar Pradesh,Business,Graduate,1174275,500
CUST06736,Customer_06736,22,Maharashtra,Professional,Under Graduate,1840477,534
CUST06737,Customer_06737,30,Haryana,Salaried,Graduate,581975,694
CUST06738,Customer_06738,35,Rajasthan,Self-Employed,Post Graduate,283860,533
CUST06739,Customer_06739,50,Maharashtra,Salaried,Graduate,596704,540
CUST06740,Customer_06740,37,Uttar Pradesh,Salaried,Under Graduate,1419863,673
CUST06741,Customer_06741,24,Rajasthan,Self-Employed,Under Graduate,1238125,653
CUST06742,Customer_06742,27,Bihar,Salaried,Graduate,1913454,554
CUST06743,Customer_06743,51,Gujarat,Salaried,Post Graduate,2218879,643
CUST06744,Customer_06744,59,Karnataka,Business,Post Graduate,424369,746
CUST06745,Customer_06745,54,Maharashtra,Self-Employed,Graduate,1950543,726
CUST06746,Customer_06746,26,Karnataka,Professional,Post Graduate,499269,745
CUST06747,Customer_06747,58,Karnataka,Salaried,Under Graduate,1694773,655
CUST06748,Customer_06748,54,Karnataka,Self-Employed,Graduate,346086,780
CUST06749,Customer_06749,35,West Bengal,Salaried,Under Graduate,890855,827
CUST06750,Customer_06750,34,Haryana,Salaried,Graduate,1818474,705
CUST06751,Customer_06751,26,Madhya Pradesh,Professional,Post Graduate,575204,655
CUST06752,Customer_06752,57,Bihar,Business,Graduate,2177111,687
CUST06753,Customer_06753,52,Rajasthan,Salaried,Graduate,1539654,596
CUST06754,Customer_06754,23,Karnataka,Business,Graduate,749227,664
CUST06755,Customer_06755,23,Maharashtra,Professional,Graduate,1111360,736
CUST06756,Customer_06756,42,Uttar Pradesh,Salaried,Post Graduate,1217431,717
CUST06757,Customer_06757,42,Uttar Pradesh,Salaried,Graduate,1408543,727
CUST06758,Customer_06758,30,Haryana,Salaried,Graduate,1679218,568
CUST06759,Customer_06759,23,Delhi,Business,Graduate,2191828,742
CUST06760,Customer_06760,32,Rajasthan,Salaried,Graduate,187954,649
CUST06761,Customer_06761,49,Maharashtra,Salaried,Post Graduate,2443225,673
CUST06762,Customer_06762,37,Gujarat,Self-Employed,Graduate,2051944,635
CUST06763,Customer_06763,27,Uttar Pradesh,Self-Employed,Post Graduate,870442,803
CUST06764,Customer_06764,33,Madhya Pradesh,Business,Graduate,2483415,591
CUST06765,Customer_06765,22,Bihar,Salaried,Under Graduate,1381279,682
CUST06766,Customer_06766,24,West Bengal,Self-Employed,Graduate,1624706,591
CUST06767,Customer_06767,30,Rajasthan,Professional,Post Graduate,814308,762
CUST06768,Customer_06768,59,Madhya Pradesh,Salaried,Graduate,746589,700
CUST06769,Customer_06769,44,Delhi,Salaried,Graduate,1146689,608
CUST06770,Customer_06770,37,Rajasthan,Business,Post Graduate,635889,696
CUST06771,Customer_06771,26,Maharashtra,Business,Post Graduate,497755,628
CUST06772,Customer_06772,39,Madhya Pradesh,Salaried,Graduate,913893,753
CUST06773,Customer_06773,25,West Bengal,Salaried,Under Graduate,2069833,842
CUST06774,Customer_06774,52,Bihar,Business,Post Graduate,2064564,590
CUST06775,Customer_06775,30,Gujarat,Self-Employed,Graduate,214692,795
CUST06776,Customer_06776,29,West Bengal,Business,Graduate,269541,782
CUST06777,Customer_06777,47,Haryana,Business,Graduate,1553372,665
CUST06778,Customer_06778,33,Gujarat,Salaried,Graduate,1300135,743
CUST06779,Customer_06779,39,Delhi,Business,Graduate,1747553,708
CUST06780,Customer_06780,41,West Bengal,Salaried,Graduate,1353395,687
CUST06781,Customer_06781,44,West Bengal,Business,Graduate,1572003,654
CUST06782,Customer_06782,58,West Bengal,Business,Graduate,254167,743
CUST06783,Customer_06783,24,Gujarat,Self-Employed,Graduate,617000,651
CUST06784,Customer_06784,44,Bihar,Self-Employed,Graduate,2260883,765
CUST06785,Customer_06785,55,Uttar Pradesh,Salaried,Graduate,440069,625
CUST06786,Customer_06786,23,Bihar,Salaried,Post Graduate,1942558,847
CUST06787,Customer_06787,24,West Bengal,Salaried,Graduate,1313444,605
CUST06788,Customer_06788,57,Karnataka,Business,Post Graduate,2350815,850
CUST06789,Customer_06789,60,Rajasthan,Self-Employed,Under Graduate,400913,664
CUST06790,Customer_06790,55,Madhya Pradesh,Salaried,Graduate,2360166,748
CUST06791,Customer_06791,51,Maharashtra,Business,Graduate,553701,764
CUST06792,Customer_06792,45,Rajasthan,Salaried,Post Graduate,1652570,704
CUST06793,Customer_06793,60,Delhi,Business,Graduate,1875794,774
CUST06794,Customer_06794,33,Bihar,Self-Employed,Graduate,1850879,645
CUST06795,Customer_06795,24,Maharashtra,Self-Employed,Graduate,1531288,598
CUST06796,Customer_06796,34,Madhya Pradesh,Salaried,Graduate,1600252,694
CUST06797,Customer_06797,33,Maharashtra,Professional,Graduate,259027,748
CUST06798,Customer_06798,47,West Bengal,Salaried,Under Graduate,2222593,646
CUST06799,Customer_06799,26,Bihar,Salaried,Graduate,1328872,711
CUST06800,Customer_06800,37,Karnataka,Self-Employed,Post Graduate,559785,592
CUST06801,Customer_06801,56,Maharashtra,Business,Graduate,2479582,709
CUST06802,Customer_06802,60,Maharashtra,Salaried,Graduate,754371,658
CUST06803,Customer_06803,55,Madhya Pradesh,Business,Graduate,689919,704
CUST06804,Customer_06804,37,Delhi,Business,Under Graduate,1382476,699
CUST06805,Customer_06805,22,Madhya Pradesh,Self-Employed,Graduate,941082,619
CUST06806,Customer_06806,33,Maharashtra,Self-Employed,Graduate,1503525,701
CUST06807,Customer_06807,22,Uttar Pradesh,Salaried,Graduate,2099066,651
CUST06808,Customer_06808,48,Madhya Pradesh,Salaried,Graduate,577505,759
CUST06809,Customer_06809,46,Uttar Pradesh,Self-Employed,Graduate,2067560,760
CUST06810,Customer_06810,42,Bihar,Salaried,Post Graduate,2421829,705
CUST06811,Customer_06811,23,Gujarat,Self-Employed,Graduate,581633,697
CUST06812,Customer_06812,55,Uttar Pradesh,Salaried,Graduate,1433820,746
CUST06813,Customer_06813,32,Uttar Pradesh,Self-Employed,Under Graduate,190573,761
CUST06814,Customer_06814,44,Uttar Pradesh,Self-Employed,Post Graduate,946448,807
CUST06815,Customer_06815,25,West Bengal,Business,Graduate,838963,672
CUST06816,Customer_06816,40,Bihar,Self-Employed,Post Graduate,1564692,596
CUST06817,Customer_06817,59,Karnataka,Salaried,Graduate,1691376,762
CUST06818,Customer_06818,59,Maharashtra,Salaried,Post Graduate,2110505,809
CUST06819,Customer_06819,33,Delhi,Self-Employed,Graduate,994124,695
CUST06820,Customer_06820,32,Maharashtra,Self-Employed,Post Graduate,1613406,686
CUST06821,Customer_06821,33,Rajasthan,Self-Employed,Post Graduate,1373740,810
CUST06822,Customer_06822,30,Haryana,Self-Employed,Graduate,1839179,609
CUST06823,Customer_06823,53,Haryana,Business,Graduate,438199,667
CUST06824,Customer_06824,60,Haryana,Professional,Graduate,981348,642
CUST06825,Customer_06825,36,Haryana,Salaried,Graduate,613865,692
CUST06826,Customer_06826,55,Maharashtra,Business,Post Graduate,1896198,768
CUST06827,Customer_06827,23,Rajasthan,Salaried,Graduate,2452346,597
CUST06828,Customer_06828,25,Rajasthan,Salaried,Graduate,1766737,767
CUST06829,Customer_06829,46,Karnataka,Self-Employed,Post Graduate,407187,628
CUST06830,Customer_06830,31,Maharashtra,Self-Employed,Under Graduate,489155,723
CUST06831,Customer_06831,27,West Bengal,Salaried,Graduate,1494907,519
CUST06832,Customer_06832,30,Rajasthan,Business,Under Graduate,1698439,536
CUST06833,Customer_06833,54,Gujarat,Salaried,Graduate,804002,679
CUST06834,Customer_06834,23,Maharashtra,Salaried,Post Graduate,1354942,785
CUST06835,Customer_06835,28,Bihar,Salaried,Under Graduate,604763,769
CUST06836,Customer_06836,51,Gujarat,Self-Employed,Post Graduate,740668,571
CUST06837,Customer_06837,31,Rajasthan,Salaried,Under Graduate,1776587,773
CUST06838,Customer_06838,27,West Bengal,Salaried,Graduate,1429964,729
CUST06839,Customer_06839,22,Delhi,Salaried,Graduate,1331347,723
CUST06840,Customer_06840,26,Madhya Pradesh,Salaried,Graduate,193460,850
CUST06841,Customer_06841,52,Karnataka,Salaried,Under Graduate,277055,643
CUST06842,Customer_06842,40,Gujarat,Salaried,Under Graduate,2202100,763
CUST06843,Customer_06843,54,Gujarat,Salaried,Graduate,844162,693
CUST06844,Customer_06844,36,Maharashtra,Self-Employed,Graduate,2087228,812
CUST06845,Customer_06845,45,Bihar,Salaried,Under Graduate,2480704,716
CUST06846,Customer_06846,32,Gujarat,Self-Employed,Graduate,2055390,651
CUST06847,Customer_06847,27,Karnataka,Salaried,Post Graduate,529763,641
CUST06848,Customer_06848,59,Maharashtra,Salaried,Under Graduate,186182,707
CUST06849,Customer_06849,37,Maharashtra,Business,Graduate,1909668,631
CUST06850,Customer_06850,31,Madhya Pradesh,Self-Employed,Graduate,1069155,472
CUST06851,Customer_06851,26,Uttar Pradesh,Professional,Under Graduate,2293436,789
CUST06852,Customer_06852,43,Delhi,Salaried,Graduate,1501095,775
CUST06853,Customer_06853,47,Gujarat,Business,Graduate,1730504,690
CUST06854,Customer_06854,26,Bihar,Business,Graduate,228709,743
CUST06855,Customer_06855,58,Karnataka,Business,Graduate,1939748,747
CUST06856,Customer_06856,22,Rajasthan,Professional,Graduate,331911,694
CUST06857,Customer_06857,42,Gujarat,Salaried,Post Graduate,1343331,559
CUST06858,Customer_06858,40,Maharashtra,Salaried,Under Graduate,1895942,716
CUST06859,Customer_06859,45,Bihar,Self-Employed,Graduate,2155445,671
CUST06860,Customer_06860,35,Karnataka,Salaried,Post Graduate,1544448,841
CUST06861,Customer_06861,49,Maharashtra,Business,Graduate,448200,739
CUST06862,Customer_06862,28,Bihar,Salaried,Graduate,827428,740
CUST06863,Customer_06863,57,Maharashtra,Business,Graduate,1288233,802
CUST06864,Customer_06864,53,Uttar Pradesh,Salaried,Under Graduate,1376708,698
CUST06865,Customer_06865,42,Maharashtra,Salaried,Under Graduate,1235799,839
CUST06866,Customer_06866,25,Maharashtra,Professional,Graduate,834073,613
CUST06867,Customer_06867,59,Karnataka,Salaried,Graduate,1055009,682
CUST06868,Customer_06868,38,Delhi,Salaried,Under Graduate,1272158,791
CUST06869,Customer_06869,58,Maharashtra,Salaried,Graduate,390352,598
CUST06870,Customer_06870,57,Delhi,Business,Post Graduate,1556921,664
CUST06871,Customer_06871,50,Uttar Pradesh,Business,Graduate,1390205,726
CUST06872,Customer_06872,51,Rajasthan,Business,Post Graduate,397854,730
CUST06873,Customer_06873,30,Maharashtra,Self-Employed,Graduate,714081,642
CUST06874,Customer_06874,35,Uttar Pradesh,Salaried,Graduate,1214101,799
CUST06875,Customer_06875,38,Karnataka,Salaried,Under Graduate,1284325,615
CUST06876,Customer_06876,43,Maharashtra,Salaried,Graduate,638939,707
CUST06877,Customer_06877,53,Haryana,Self-Employed,Graduate,994375,641
CUST06878,Customer_06878,36,Bihar,Self-Employed,Graduate,2186538,552
CUST06879,Customer_06879,58,Uttar Pradesh,Salaried,Graduate,1813661,638
CUST06880,Customer_06880,55,Delhi,Salaried,Graduate,1909878,666
CUST06881,Customer_06881,54,Madhya Pradesh,Salaried,Graduate,1268734,593
CUST06882,Customer_06882,48,Bihar,Salaried,Graduate,1704046,783
CUST06883,Customer_06883,22,Maharashtra,Salaried,Under Graduate,1435760,703
CUST06884,Customer_06884,50,Uttar Pradesh,Salaried,Graduate,1803938,712
CUST06885,Customer_06885,33,West Bengal,Salaried,Graduate,2150407,683
CUST06886,Customer_06886,36,Rajasthan,Business,Post Graduate,2097117,682
CUST06887,Customer_06887,25,Uttar Pradesh,Salaried,Post Graduate,1830735,733
CUST06888,Customer_06888,48,Karnataka,Business,Graduate,498747,653
CUST06889,Customer_06889,59,Maharashtra,Salaried,Graduate,1730390,520
CUST06890,Customer_06890,40,Maharashtra,Self-Employed,Graduate,2325281,551
CUST06891,Customer_06891,44,Maharashtra,Salaried,Graduate,1734655,713
CUST06892,Customer_06892,47,Madhya Pradesh,Self-Employed,Under Graduate,440843,669
CUST06893,Customer_06893,50,Uttar Pradesh,Salaried,Post Graduate,518122,850
CUST06894,Customer_06894,47,Rajasthan,Salaried,Post Graduate,1132330,758
CUST06895,Customer_06895,46,Karnataka,Professional,Graduate,2381526,720
CUST06896,Customer_06896,27,Maharashtra,Self-Employed,Post Graduate,2077886,568
CUST06897,Customer_06897,58,Bihar,Salaried,Graduate,1914808,641
CUST06898,Customer_06898,25,Bihar,Salaried,Graduate,1204133,764
CUST06899,Customer_06899,43,Madhya Pradesh,Salaried,Graduate,2446043,705
CUST06900,Customer_06900,48,Karnataka,Business,Under Graduate,330165,619
CUST06901,Customer_06901,54,Bihar,Self-Employed,Post Graduate,1651156,601
CUST06902,Customer_06902,35,Uttar Pradesh,Salaried,Graduate,399323,730
CUST06903,Customer_06903,52,Bihar,Salaried,Graduate,1255238,642
CUST06904,Customer_06904,46,Maharashtra,Self-Employed,Graduate,1633878,655
CUST06905,Customer_06905,51,Gujarat,Salaried,Post Graduate,1716479,675
CUST06906,Customer_06906,39,Uttar Pradesh,Self-Employed,Post Graduate,885665,794
CUST06907,Customer_06907,29,Maharashtra,Business,Graduate,1523089,672
CUST06908,Customer_06908,49,Madhya Pradesh,Self-Employed,Under Graduate,2084702,795
CUST06909,Customer_06909,59,Maharashtra,Salaried,Under Graduate,1852122,661
CUST06910,Customer_06910,24,Madhya Pradesh,Business,Under Graduate,783547,581
CUST06911,Customer_06911,23,Uttar Pradesh,Salaried,Graduate,2258537,670
CUST06912,Customer_06912,49,West Bengal,Self-Employed,Graduate,704197,689
CUST06913,Customer_06913,31,Maharashtra,Professional,Graduate,1643741,569
CUST06914,Customer_06914,53,Karnataka,Self-Employed,Graduate,481780,613
CUST06915,Customer_06915,58,Bihar,Self-Employed,Under Graduate,2192768,733
CUST06916,Customer_06916,31,Haryana,Salaried,Graduate,669238,653
CUST06917,Customer_06917,47,Maharashtra,Business,Under Graduate,1584583,753
CUST06918,Customer_06918,53,Gujarat,Salaried,Graduate,460324,585
CUST06919,Customer_06919,41,Bihar,Business,Graduate,1210498,627
CUST06920,Customer_06920,59,Rajasthan,Salaried,Graduate,1399811,745
CUST06921,Customer_06921,51,Gujarat,Salaried,Graduate,1178300,698
CUST06922,Customer_06922,58,Madhya Pradesh,Salaried,Graduate,2033603,564
CUST06923,Customer_06923,22,Madhya Pradesh,Salaried,Under Graduate,1591665,710
CUST06924,Customer_06924,47,Uttar Pradesh,Business,Post Graduate,2296764,796
CUST06925,Customer_06925,56,Maharashtra,Business,Graduate,2151902,675
CUST06926,Customer_06926,31,Madhya Pradesh,Self-Employed,Under Graduate,1602577,648
CUST06927,Customer_06927,38,Uttar Pradesh,Salaried,Graduate,2113021,768
CUST06928,Customer_06928,21,Maharashtra,Salaried,Graduate,634598,647
CUST06929,Customer_06929,55,Maharashtra,Self-Employed,Graduate,2038727,732
CUST06930,Customer_06930,55,Maharashtra,Salaried,Graduate,1409765,668
CUST06931,Customer_06931,51,Madhya Pradesh,Business,Graduate,960289,610
CUST06932,Customer_06932,48,Madhya Pradesh,Salaried,Under Graduate,937877,647
CUST06933,Customer_06933,59,Karnataka,Self-Employed,Under Graduate,1887655,521
CUST06934,Customer_06934,21,Bihar,Business,Under Graduate,790121,749
CUST06935,Customer_06935,45,Karnataka,Self-Employed,Post Graduate,1044894,740
CUST06936,Customer_06936,58,Gujarat,Business,Post Graduate,1814032,708
CUST06937,Customer_06937,40,Karnataka,Business,Graduate,1850650,645
CUST06938,Customer_06938,23,Haryana,Self-Employed,Graduate,356501,749
CUST06939,Customer_06939,22,Gujarat,Salaried,Post Graduate,625547,737
CUST06940,Customer_06940,38,Bihar,Salaried,Under Graduate,2403536,749
CUST06941,Customer_06941,30,Maharashtra,Business,Graduate,1014965,719
CUST06942,Customer_06942,25,Maharashtra,Self-Employed,Graduate,1683177,672
CUST06943,Customer_06943,29,West Bengal,Business,Graduate,276755,673
CUST06944,Customer_06944,22,West Bengal,Self-Employed,Graduate,1985331,539
CUST06945,Customer_06945,54,Delhi,Salaried,Post Graduate,1204771,598
CUST06946,Customer_06946,58,Karnataka,Professional,Graduate,1871129,723
CUST06947,Customer_06947,51,Karnataka,Salaried,Graduate,202681,805
CUST06948,Customer_06948,30,Rajasthan,Professional,Graduate,199251,752
CUST06949,Customer_06949,32,Gujarat,Salaried,Post Graduate,2332831,671
CUST06950,Customer_06950,56,Bihar,Salaried,Graduate,1682405,629
CUST06951,Customer_06951,41,Bihar,Salaried,Under Graduate,860550,742
CUST06952,Customer_06952,26,Uttar Pradesh,Professional,Graduate,509434,704
CUST06953,Customer_06953,23,Rajasthan,Business,Graduate,2154318,628
CUST06954,Customer_06954,30,Gujarat,Business,Graduate,956749,707
CUST06955,Customer_06955,25,Bihar,Salaried,Graduate,1939414,747
CUST06956,Customer_06956,46,Karnataka,Salaried,Graduate,2069925,570
CUST06957,Customer_06957,41,Bihar,Self-Employed,Graduate,2194216,682
CUST06958,Customer_06958,46,Uttar Pradesh,Salaried,Post Graduate,1192720,786
CUST06959,Customer_06959,58,Haryana,Business,Graduate,2046890,768
CUST06960,Customer_06960,46,Gujarat,Business,Under Graduate,840189,688
CUST06961,Customer_06961,28,Maharashtra,Salaried,Graduate,2185312,615
CUST06962,Customer_06962,25,Madhya Pradesh,Business,Graduate,993146,584
CUST06963,Customer_06963,35,Bihar,Business,Graduate,646809,757
CUST06964,Customer_06964,36,West Bengal,Professional,Under Graduate,798810,650
CUST06965,Customer_06965,21,Madhya Pradesh,Self-Employed,Graduate,345999,737
CUST06966,Customer_06966,36,Uttar Pradesh,Business,Graduate,658320,777
CUST06967,Customer_06967,57,Rajasthan,Self-Employed,Graduate,630933,632
CUST06968,Customer_06968,23,Karnataka,Salaried,Post Graduate,2031370,664
CUST06969,Customer_06969,51,Gujarat,Salaried,Post Graduate,794767,776
CUST06970,Customer_06970,33,Haryana,Salaried,Graduate,2019928,675
CUST06971,Customer_06971,36,Maharashtra,Salaried,Post Graduate,1986165,733
CUST06972,Customer_06972,41,Karnataka,Salaried,Graduate,1481201,666
CUST06973,Customer_06973,22,Delhi,Business,Graduate,621005,603
CUST06974,Customer_06974,47,Delhi,Self-Employed,Post Graduate,2473933,729
CUST06975,Customer_06975,58,Bihar,Salaried,Under Graduate,1290317,804
CUST06976,Customer_06976,46,Karnataka,Salaried,Post Graduate,1982025,721
CUST06977,Customer_06977,58,Gujarat,Self-Employed,Graduate,400317,736
CUST06978,Customer_06978,45,Karnataka,Salaried,Graduate,957866,737
CUST06979,Customer_06979,31,Bihar,Salaried,Under Graduate,2254656,815
CUST06980,Customer_06980,28,Uttar Pradesh,Business,Graduate,708122,666
CUST06981,Customer_06981,28,Bihar,Business,Post Graduate,2410653,524
CUST06982,Customer_06982,53,Rajasthan,Self-Employed,Post Graduate,1308301,785
CUST06983,Customer_06983,27,Madhya Pradesh,Self-Employed,Post Graduate,2236005,579
CUST06984,Customer_06984,58,Rajasthan,Salaried,Graduate,685514,654
CUST06985,Customer_06985,41,Madhya Pradesh,Self-Employed,Graduate,1668550,630
CUST06986,Customer_06986,28,Haryana,Self-Employed,Graduate,1174005,630
CUST06987,Customer_06987,41,Uttar Pradesh,Business,Under Graduate,1024468,758
CUST06988,Customer_06988,40,Maharashtra,Salaried,Graduate,962930,742
CUST06989,Customer_06989,28,Karnataka,Business,Graduate,207605,626
CUST06990,Customer_06990,51,Madhya Pradesh,Salaried,Post Graduate,241758,783
CUST06991,Customer_06991,49,Madhya Pradesh,Self-Employed,Graduate,396088,671
CUST06992,Customer_06992,29,Rajasthan,Self-Employed,Graduate,1576264,830
CUST06993,Customer_06993,35,Madhya Pradesh,Self-Employed,Post Graduate,709841,661
CUST06994,Customer_06994,50,Maharashtra,Self-Employed,Under Graduate,2090842,657
CUST06995,Customer_06995,46,Madhya Pradesh,Salaried,Graduate,559948,663
CUST06996,Customer_06996,30,West Bengal,Salaried,Under Graduate,2485475,622
CUST06997,Customer_06997,49,Madhya Pradesh,Salaried,Graduate,2301881,732
CUST06998,Customer_06998,36,Uttar Pradesh,Salaried,Post Graduate,2171622,639
CUST06999,Customer_06999,56,Haryana,Salaried,Graduate,800527,670
CUST07000,Customer_07000,40,Bihar,Self-Employed,Graduate,836523,726
CUST07001,Customer_07001,57,Uttar Pradesh,Salaried,Graduate,1810592,839
CUST07002,Customer_07002,42,Karnataka,Salaried,Graduate,552359,640
CUST07003,Customer_07003,27,Maharashtra,Self-Employed,Graduate,1804811,649
CUST07004,Customer_07004,43,Karnataka,Professional,Under Graduate,2371983,644
CUST07005,Customer_07005,60,Rajasthan,Business,Post Graduate,1186769,724
CUST07006,Customer_07006,49,Delhi,Professional,Post Graduate,714149,654
CUST07007,Customer_07007,36,Madhya Pradesh,Self-Employed,Graduate,306907,623
CUST07008,Customer_07008,58,Maharashtra,Salaried,Under Graduate,1230035,698
CUST07009,Customer_07009,48,Gujarat,Business,Under Graduate,374382,734
CUST07010,Customer_07010,58,West Bengal,Salaried,Graduate,1490725,654
CUST07011,Customer_07011,51,Delhi,Salaried,Graduate,308804,697
CUST07012,Customer_07012,34,Madhya Pradesh,Salaried,Graduate,1200594,710
CUST07013,Customer_07013,53,West Bengal,Salaried,Graduate,1172873,690
CUST07014,Customer_07014,29,Maharashtra,Self-Employed,Under Graduate,384776,714
CUST07015,Customer_07015,47,Uttar Pradesh,Self-Employed,Graduate,183829,626
CUST07016,Customer_07016,44,Uttar Pradesh,Salaried,Graduate,1922224,611
CUST07017,Customer_07017,33,Delhi,Professional,Post Graduate,1907190,630
CUST07018,Customer_07018,46,Haryana,Self-Employed,Graduate,631176,515
CUST07019,Customer_07019,49,Gujarat,Self-Employed,Graduate,1137222,601
CUST07020,Customer_07020,48,Karnataka,Professional,Graduate,1795041,743
CUST07021,Customer_07021,48,Gujarat,Salaried,Graduate,2248562,740
CUST07022,Customer_07022,28,Bihar,Business,Graduate,196551,592
CUST07023,Customer_07023,43,Maharashtra,Salaried,Post Graduate,1083722,562
CUST07024,Customer_07024,49,Karnataka,Self-Employed,Graduate,1495159,692
CUST07025,Customer_07025,25,Uttar Pradesh,Professional,Graduate,1969461,730
CUST07026,Customer_07026,27,Madhya Pradesh,Self-Employed,Graduate,1041713,631
CUST07027,Customer_07027,56,Maharashtra,Salaried,Graduate,819425,646
CUST07028,Customer_07028,47,Maharashtra,Salaried,Post Graduate,2445661,748
CUST07029,Customer_07029,22,Gujarat,Salaried,Graduate,439772,816
CUST07030,Customer_07030,45,Maharashtra,Business,Post Graduate,526601,646
CUST07031,Customer_07031,29,Karnataka,Salaried,Graduate,1457896,732
CUST07032,Customer_07032,47,Bihar,Salaried,Post Graduate,1984949,687
CUST07033,Customer_07033,21,Gujarat,Business,Post Graduate,2279816,772
CUST07034,Customer_07034,43,Delhi,Salaried,Graduate,607773,605
CUST07035,Customer_07035,30,Gujarat,Business,Under Graduate,1473294,691
CUST07036,Customer_07036,45,Karnataka,Salaried,Graduate,948801,641
CUST07037,Customer_07037,23,Maharashtra,Salaried,Under Graduate,1274850,685
CUST07038,Customer_07038,26,Uttar Pradesh,Salaried,Graduate,198561,756
CUST07039,Customer_07039,26,Uttar Pradesh,Professional,Graduate,911244,689
CUST07040,Customer_07040,22,Karnataka,Self-Employed,Graduate,1357818,633
CUST07041,Customer_07041,38,West Bengal,Salaried,Post Graduate,2244812,758
CUST07042,Customer_07042,43,Maharashtra,Self-Employed,Post Graduate,1357406,728
CUST07043,Customer_07043,22,Gujarat,Self-Employed,Graduate,1075413,708
CUST07044,Customer_07044,32,Uttar Pradesh,Salaried,Post Graduate,2027602,600
CUST07045,Customer_07045,42,Maharashtra,Business,Under Graduate,2307656,727
CUST07046,Customer_07046,57,Gujarat,Salaried,Post Graduate,2146980,641
CUST07047,Customer_07047,40,Uttar Pradesh,Salaried,Graduate,1615220,616
CUST07048,Customer_07048,59,Rajasthan,Self-Employed,Graduate,2310668,621
CUST07049,Customer_07049,44,Gujarat,Salaried,Graduate,1020456,734
CUST07050,Customer_07050,40,Delhi,Professional,Graduate,2120843,724
CUST07051,Customer_07051,21,Rajasthan,Salaried,Graduate,911499,691
CUST07052,Customer_07052,21,Gujarat,Business,Graduate,1524515,528
CUST07053,Customer_07053,37,Madhya Pradesh,Salaried,Under Graduate,305721,771
CUST07054,Customer_07054,21,Uttar Pradesh,Business,Post Graduate,1065876,754
CUST07055,Customer_07055,50,Delhi,Salaried,Under Graduate,818635,649
CUST07056,Customer_07056,23,Uttar Pradesh,Professional,Under Graduate,1145453,792
CUST07057,Customer_07057,31,Uttar Pradesh,Salaried,Post Graduate,286733,616
CUST07058,Customer_07058,44,Rajasthan,Business,Graduate,2372521,697
CUST07059,Customer_07059,42,Karnataka,Self-Employed,Post Graduate,2036217,698
CUST07060,Customer_07060,46,Uttar Pradesh,Salaried,Graduate,708841,708
CUST07061,Customer_07061,33,Uttar Pradesh,Salaried,Graduate,1861892,586
CUST07062,Customer_07062,21,Uttar Pradesh,Business,Graduate,326513,572
CUST07063,Customer_07063,44,Bihar,Salaried,Graduate,1803770,683
CUST07064,Customer_07064,30,Madhya Pradesh,Business,Post Graduate,1776240,624
CUST07065,Customer_07065,55,Maharashtra,Salaried,Under Graduate,1787242,715
CUST07066,Customer_07066,44,Haryana,Professional,Graduate,807031,700
CUST07067,Customer_07067,48,Delhi,Self-Employed,Graduate,980082,790
CUST07068,Customer_07068,56,Gujarat,Salaried,Graduate,1025263,787
CUST07069,Customer_07069,36,Rajasthan,Salaried,Post Graduate,2281910,694
CUST07070,Customer_07070,60,Bihar,Salaried,Graduate,563351,802
CUST07071,Customer_07071,36,Bihar,Salaried,Under Graduate,320541,706
CUST07072,Customer_07072,37,Rajasthan,Salaried,Graduate,391509,687
CUST07073,Customer_07073,35,Uttar Pradesh,Business,Under Graduate,645594,818
CUST07074,Customer_07074,36,Gujarat,Business,Graduate,935886,619
CUST07075,Customer_07075,35,Bihar,Salaried,Graduate,1040464,574
CUST07076,Customer_07076,54,Maharashtra,Self-Employed,Graduate,1600138,673
CUST07077,Customer_07077,31,Maharashtra,Salaried,Post Graduate,664120,704
CUST07078,Customer_07078,21,Maharashtra,Salaried,Graduate,1517333,737
CUST07079,Customer_07079,35,Karnataka,Salaried,Under Graduate,1373732,605
CUST07080,Customer_07080,46,Uttar Pradesh,Business,Graduate,731684,678
CUST07081,Customer_07081,24,Karnataka,Professional,Post Graduate,1207042,598
CUST07082,Customer_07082,25,Madhya Pradesh,Salaried,Graduate,511682,668
CUST07083,Customer_07083,55,Karnataka,Salaried,Graduate,967792,790
CUST07084,Customer_07084,33,Rajasthan,Salaried,Graduate,385853,701
CUST07085,Customer_07085,30,Karnataka,Professional,Under Graduate,1081559,619
CUST07086,Customer_07086,31,Maharashtra,Salaried,Graduate,2181458,542
CUST07087,Customer_07087,38,Madhya Pradesh,Self-Employed,Graduate,779830,662
CUST07088,Customer_07088,54,Uttar Pradesh,Business,Graduate,638985,688
CUST07089,Customer_07089,59,Rajasthan,Salaried,Post Graduate,468793,690
CUST07090,Customer_07090,43,Madhya Pradesh,Self-Employed,Graduate,780447,591
CUST07091,Customer_07091,27,Madhya Pradesh,Salaried,Under Graduate,1375543,704
CUST07092,Customer_07092,59,Bihar,Business,Graduate,2166952,556
CUST07093,Customer_07093,23,Uttar Pradesh,Salaried,Graduate,1810669,699
CUST07094,Customer_07094,32,Gujarat,Professional,Graduate,2132905,678
CUST07095,Customer_07095,27,Rajasthan,Professional,Graduate,1031808,740
CUST07096,Customer_07096,46,Uttar Pradesh,Business,Graduate,372621,773
CUST07097,Customer_07097,53,West Bengal,Self-Employed,Graduate,2102522,515
CUST07098,Customer_07098,57,West Bengal,Business,Graduate,836711,740
CUST07099,Customer_07099,35,Karnataka,Salaried,Post Graduate,2196326,769
CUST07100,Customer_07100,22,Haryana,Salaried,Graduate,2162648,741
CUST07101,Customer_07101,27,Uttar Pradesh,Salaried,Graduate,2349590,649
CUST07102,Customer_07102,52,West Bengal,Self-Employed,Post Graduate,2053278,772
CUST07103,Customer_07103,24,Bihar,Business,Graduate,1028762,648
CUST07104,Customer_07104,40,Uttar Pradesh,Professional,Graduate,2486446,609
CUST07105,Customer_07105,56,Haryana,Self-Employed,Post Graduate,694592,689
CUST07106,Customer_07106,52,Maharashtra,Business,Graduate,759218,681
CUST07107,Customer_07107,48,Rajasthan,Business,Graduate,897777,755
CUST07108,Customer_07108,33,Uttar Pradesh,Professional,Graduate,1154549,639
CUST07109,Customer_07109,21,Rajasthan,Self-Employed,Graduate,2251185,700
CUST07110,Customer_07110,55,Madhya Pradesh,Salaried,Under Graduate,1968949,604
CUST07111,Customer_07111,50,Rajasthan,Self-Employed,Graduate,2190997,790
CUST07112,Customer_07112,56,Uttar Pradesh,Self-Employed,Post Graduate,1721022,734
CUST07113,Customer_07113,45,Rajasthan,Self-Employed,Post Graduate,1231912,520
CUST07114,Customer_07114,36,Rajasthan,Professional,Post Graduate,1133393,779
CUST07115,Customer_07115,39,Maharashtra,Professional,Post Graduate,760325,702
CUST07116,Customer_07116,21,Karnataka,Salaried,Graduate,1268886,697
CUST07117,Customer_07117,25,Bihar,Salaried,Graduate,1255260,825
CUST07118,Customer_07118,42,Karnataka,Salaried,Under Graduate,1417528,567
CUST07119,Customer_07119,44,Uttar Pradesh,Salaried,Graduate,2169838,723
CUST07120,Customer_07120,57,Maharashtra,Salaried,Graduate,2461546,663
CUST07121,Customer_07121,56,Uttar Pradesh,Business,Graduate,1463724,621
CUST07122,Customer_07122,56,Bihar,Salaried,Graduate,632001,791
CUST07123,Customer_07123,24,Uttar Pradesh,Self-Employed,Under Graduate,2223160,624
CUST07124,Customer_07124,56,Rajasthan,Salaried,Post Graduate,406906,646
CUST07125,Customer_07125,38,Bihar,Self-Employed,Post Graduate,1993578,712
CUST07126,Customer_07126,36,Maharashtra,Business,Graduate,2004319,780
CUST07127,Customer_07127,38,Gujarat,Business,Graduate,448881,666
CUST07128,Customer_07128,42,West Bengal,Salaried,Graduate,2481689,751
CUST07129,Customer_07129,22,Maharashtra,Business,Graduate,1425792,816
CUST07130,Customer_07130,41,Delhi,Salaried,Graduate,655747,823
CUST07131,Customer_07131,56,Delhi,Self-Employed,Graduate,2376476,783
CUST07132,Customer_07132,59,Rajasthan,Salaried,Graduate,2454064,783
CUST07133,Customer_07133,59,Karnataka,Self-Employed,Post Graduate,709622,764
CUST07134,Customer_07134,49,West Bengal,Salaried,Graduate,804194,590
CUST07135,Customer_07135,46,Bihar,Self-Employed,Graduate,899334,721
CUST07136,Customer_07136,41,Gujarat,Self-Employed,Under Graduate,387204,723
CUST07137,Customer_07137,37,Gujarat,Salaried,Graduate,1380521,733
CUST07138,Customer_07138,36,Bihar,Professional,Graduate,442071,625
CUST07139,Customer_07139,51,Maharashtra,Salaried,Under Graduate,2335910,733
CUST07140,Customer_07140,29,West Bengal,Business,Post Graduate,2099004,767
CUST07141,Customer_07141,51,Haryana,Salaried,Post Graduate,521808,711
CUST07142,Customer_07142,34,Uttar Pradesh,Business,Graduate,1320134,610
CUST07143,Customer_07143,57,Uttar Pradesh,Self-Employed,Under Graduate,1548072,646
CUST07144,Customer_07144,22,Karnataka,Salaried,Graduate,1952988,720
CUST07145,Customer_07145,34,Uttar Pradesh,Salaried,Under Graduate,2462421,701
CUST07146,Customer_07146,53,Gujarat,Self-Employed,Under Graduate,2360923,583
CUST07147,Customer_07147,55,Maharashtra,Business,Post Graduate,2069587,715
CUST07148,Customer_07148,59,Uttar Pradesh,Professional,Post Graduate,2424472,608
CUST07149,Customer_07149,40,Uttar Pradesh,Salaried,Post Graduate,736362,614
CUST07150,Customer_07150,22,Bihar,Salaried,Graduate,1270314,606
CUST07151,Customer_07151,39,Uttar Pradesh,Self-Employed,Graduate,2182279,579
CUST07152,Customer_07152,57,Madhya Pradesh,Self-Employed,Under Graduate,828866,530
CUST07153,Customer_07153,38,Gujarat,Professional,Graduate,1703274,588
CUST07154,Customer_07154,36,Bihar,Salaried,Under Graduate,818755,701
CUST07155,Customer_07155,24,Delhi,Salaried,Post Graduate,1518550,706
CUST07156,Customer_07156,32,Rajasthan,Self-Employed,Post Graduate,314343,665
CUST07157,Customer_07157,49,Rajasthan,Salaried,Graduate,863188,666
CUST07158,Customer_07158,27,Bihar,Business,Graduate,2438679,694
CUST07159,Customer_07159,34,Rajasthan,Salaried,Under Graduate,1402453,641
CUST07160,Customer_07160,32,West Bengal,Self-Employed,Graduate,1530464,635
CUST07161,Customer_07161,55,Gujarat,Self-Employed,Post Graduate,1773140,710
CUST07162,Customer_07162,25,Maharashtra,Salaried,Post Graduate,2297853,774
CUST07163,Customer_07163,37,Delhi,Salaried,Graduate,1342917,626
CUST07164,Customer_07164,52,Bihar,Professional,Post Graduate,1541738,696
CUST07165,Customer_07165,30,Uttar Pradesh,Professional,Graduate,271164,618
CUST07166,Customer_07166,37,Rajasthan,Professional,Graduate,1721022,723
CUST07167,Customer_07167,25,Delhi,Professional,Graduate,1543644,850
CUST07168,Customer_07168,29,Bihar,Salaried,Post Graduate,731906,734
CUST07169,Customer_07169,53,Karnataka,Salaried,Under Graduate,1604348,719
CUST07170,Customer_07170,56,Bihar,Salaried,Graduate,1882372,723
CUST07171,Customer_07171,56,Bihar,Business,Graduate,1945505,701
CUST07172,Customer_07172,38,West Bengal,Business,Graduate,2469055,668
CUST07173,Customer_07173,29,Rajasthan,Self-Employed,Graduate,2179617,592
CUST07174,Customer_07174,49,Haryana,Professional,Graduate,989530,690
CUST07175,Customer_07175,34,Haryana,Self-Employed,Under Graduate,2174626,684
CUST07176,Customer_07176,45,Karnataka,Salaried,Under Graduate,1083895,681
CUST07177,Customer_07177,35,Uttar Pradesh,Salaried,Graduate,1284161,708
CUST07178,Customer_07178,26,Maharashtra,Salaried,Post Graduate,1249590,732
CUST07179,Customer_07179,49,Delhi,Salaried,Post Graduate,2366770,721
CUST07180,Customer_07180,35,Madhya Pradesh,Salaried,Under Graduate,665811,670
CUST07181,Customer_07181,49,Madhya Pradesh,Business,Graduate,653915,721
CUST07182,Customer_07182,24,Uttar Pradesh,Salaried,Under Graduate,1779738,630
CUST07183,Customer_07183,38,Maharashtra,Business,Under Graduate,1804987,569
CUST07184,Customer_07184,59,Rajasthan,Self-Employed,Under Graduate,1069136,651
CUST07185,Customer_07185,36,Maharashtra,Professional,Post Graduate,1145164,690
CUST07186,Customer_07186,31,Maharashtra,Business,Graduate,2356587,561
CUST07187,Customer_07187,34,Uttar Pradesh,Professional,Post Graduate,1114905,697
CUST07188,Customer_07188,23,Uttar Pradesh,Salaried,Graduate,243035,703
CUST07189,Customer_07189,58,Delhi,Salaried,Graduate,233194,752
CUST07190,Customer_07190,38,Delhi,Self-Employed,Graduate,1352919,717
CUST07191,Customer_07191,40,Uttar Pradesh,Salaried,Graduate,558343,591
CUST07192,Customer_07192,45,Maharashtra,Self-Employed,Graduate,694179,713
CUST07193,Customer_07193,58,Madhya Pradesh,Salaried,Graduate,2354353,692
CUST07194,Customer_07194,33,Bihar,Self-Employed,Graduate,2309564,721
CUST07195,Customer_07195,24,Haryana,Professional,Graduate,1486166,769
CUST07196,Customer_07196,34,Haryana,Salaried,Graduate,296409,637
CUST07197,Customer_07197,53,Karnataka,Professional,Under Graduate,1147342,668
CUST07198,Customer_07198,48,Madhya Pradesh,Salaried,Graduate,2166930,688
CUST07199,Customer_07199,57,Bihar,Salaried,Post Graduate,2256059,655
CUST07200,Customer_07200,28,Madhya Pradesh,Self-Employed,Graduate,2272592,545
CUST07201,Customer_07201,54,Uttar Pradesh,Business,Under Graduate,2355657,754
CUST07202,Customer_07202,25,Uttar Pradesh,Business,Under Graduate,1330157,532
CUST07203,Customer_07203,25,Uttar Pradesh,Business,Graduate,1502851,712
CUST07204,Customer_07204,51,Bihar,Salaried,Graduate,1051851,594
CUST07205,Customer_07205,29,Maharashtra,Salaried,Post Graduate,1501830,614
CUST07206,Customer_07206,52,Uttar Pradesh,Salaried,Post Graduate,2409668,737
CUST07207,Customer_07207,53,Madhya Pradesh,Salaried,Graduate,679799,784
CUST07208,Customer_07208,23,West Bengal,Professional,Under Graduate,1878983,714
CUST07209,Customer_07209,50,Uttar Pradesh,Professional,Graduate,2243548,670
CUST07210,Customer_07210,32,Madhya Pradesh,Salaried,Post Graduate,540460,678
CUST07211,Customer_07211,49,Uttar Pradesh,Business,Graduate,211713,785
CUST07212,Customer_07212,23,West Bengal,Self-Employed,Graduate,857020,778
CUST07213,Customer_07213,46,Maharashtra,Salaried,Graduate,2325460,728
CUST07214,Customer_07214,50,Karnataka,Salaried,Graduate,1905188,779
CUST07215,Customer_07215,29,Maharashtra,Self-Employed,Under Graduate,1942963,655
CUST07216,Customer_07216,46,Haryana,Self-Employed,Post Graduate,1807612,742
CUST07217,Customer_07217,22,Maharashtra,Salaried,Under Graduate,1463722,594
CUST07218,Customer_07218,23,Maharashtra,Professional,Under Graduate,2046567,652
CUST07219,Customer_07219,24,Maharashtra,Self-Employed,Graduate,1910961,661
CUST07220,Customer_07220,45,Maharashtra,Salaried,Graduate,1745055,777
CUST07221,Customer_07221,33,Haryana,Salaried,Under Graduate,362744,674
CUST07222,Customer_07222,59,Gujarat,Business,Post Graduate,1985491,761
CUST07223,Customer_07223,55,Bihar,Self-Employed,Post Graduate,1714748,647
CUST07224,Customer_07224,43,West Bengal,Business,Graduate,324119,746
CUST07225,Customer_07225,29,Rajasthan,Salaried,Under Graduate,2491396,730
CUST07226,Customer_07226,22,West Bengal,Salaried,Graduate,2238914,524
CUST07227,Customer_07227,51,Maharashtra,Salaried,Under Graduate,614266,765
CUST07228,Customer_07228,22,Karnataka,Salaried,Under Graduate,1273213,650
CUST07229,Customer_07229,52,Uttar Pradesh,Self-Employed,Post Graduate,1956715,598
CUST07230,Customer_07230,38,Madhya Pradesh,Salaried,Graduate,1848711,624
CUST07231,Customer_07231,33,Bihar,Salaried,Graduate,227548,648
CUST07232,Customer_07232,25,Rajasthan,Salaried,Graduate,478371,627
CUST07233,Customer_07233,30,Madhya Pradesh,Self-Employed,Post Graduate,1624161,624
CUST07234,Customer_07234,45,Bihar,Business,Graduate,747841,672
CUST07235,Customer_07235,54,West Bengal,Business,Under Graduate,2106777,722
CUST07236,Customer_07236,57,West Bengal,Business,Post Graduate,2439658,777
CUST07237,Customer_07237,50,West Bengal,Self-Employed,Under Graduate,1846857,810
CUST07238,Customer_07238,27,West Bengal,Salaried,Graduate,2065824,850
CUST07239,Customer_07239,26,Haryana,Business,Under Graduate,1805889,713
CUST07240,Customer_07240,23,West Bengal,Salaried,Post Graduate,698868,679
CUST07241,Customer_07241,33,Karnataka,Business,Under Graduate,1606057,744
CUST07242,Customer_07242,23,Bihar,Business,Graduate,1979513,604
CUST07243,Customer_07243,46,Haryana,Self-Employed,Graduate,1793483,673
CUST07244,Customer_07244,44,Karnataka,Salaried,Post Graduate,1780146,720
CUST07245,Customer_07245,26,Delhi,Professional,Graduate,645044,620
CUST07246,Customer_07246,32,Bihar,Business,Graduate,870040,764
CUST07247,Customer_07247,56,Uttar Pradesh,Business,Under Graduate,1071932,725
CUST07248,Customer_07248,22,Haryana,Salaried,Graduate,2077934,662
CUST07249,Customer_07249,31,West Bengal,Salaried,Graduate,1490503,720
CUST07250,Customer_07250,59,Bihar,Salaried,Graduate,2432658,674
CUST07251,Customer_07251,54,Uttar Pradesh,Salaried,Under Graduate,1552925,559
CUST07252,Customer_07252,46,Bihar,Self-Employed,Post Graduate,2074161,772
CUST07253,Customer_07253,38,Madhya Pradesh,Business,Graduate,1367706,685
CUST07254,Customer_07254,41,Maharashtra,Salaried,Graduate,2344800,711
CUST07255,Customer_07255,56,Madhya Pradesh,Self-Employed,Under Graduate,1030143,739
CUST07256,Customer_07256,60,West Bengal,Salaried,Graduate,344315,554
CUST07257,Customer_07257,42,Gujarat,Salaried,Graduate,704613,680
CUST07258,Customer_07258,50,Bihar,Professional,Graduate,2202918,636
CUST07259,Customer_07259,50,West Bengal,Business,Graduate,2100191,795
CUST07260,Customer_07260,28,Madhya Pradesh,Self-Employed,Post Graduate,2317959,686
CUST07261,Customer_07261,54,Uttar Pradesh,Salaried,Post Graduate,1773501,679
CUST07262,Customer_07262,29,Rajasthan,Salaried,Post Graduate,648240,659
CUST07263,Customer_07263,40,Gujarat,Salaried,Graduate,889547,808
CUST07264,Customer_07264,60,Haryana,Salaried,Graduate,548583,636
CUST07265,Customer_07265,45,West Bengal,Salaried,Graduate,999856,614
CUST07266,Customer_07266,39,Maharashtra,Business,Graduate,1584077,628
CUST07267,Customer_07267,25,Uttar Pradesh,Salaried,Graduate,1536106,643
CUST07268,Customer_07268,31,Uttar Pradesh,Salaried,Post Graduate,396361,687
CUST07269,Customer_07269,35,Delhi,Self-Employed,Graduate,609917,741
CUST07270,Customer_07270,28,Haryana,Professional,Post Graduate,2071515,628
CUST07271,Customer_07271,39,Bihar,Professional,Graduate,501975,801
CUST07272,Customer_07272,43,Bihar,Business,Graduate,2470899,713
CUST07273,Customer_07273,47,West Bengal,Salaried,Graduate,2058551,582
CUST07274,Customer_07274,60,Karnataka,Salaried,Post Graduate,1278377,546
CUST07275,Customer_07275,52,Maharashtra,Business,Under Graduate,463288,691
CUST07276,Customer_07276,46,Haryana,Business,Under Graduate,1313787,640
CUST07277,Customer_07277,47,Gujarat,Self-Employed,Graduate,1712076,624
CUST07278,Customer_07278,39,Uttar Pradesh,Salaried,Post Graduate,363245,644
CUST07279,Customer_07279,49,Bihar,Salaried,Graduate,1099398,645
CUST07280,Customer_07280,59,Uttar Pradesh,Business,Post Graduate,1883917,709
CUST07281,Customer_07281,53,Maharashtra,Salaried,Under Graduate,1364968,725
CUST07282,Customer_07282,39,Madhya Pradesh,Self-Employed,Post Graduate,2421449,683
CUST07283,Customer_07283,57,Bihar,Professional,Graduate,1993694,707
CUST07284,Customer_07284,39,Bihar,Business,Post Graduate,2128520,615
CUST07285,Customer_07285,53,Madhya Pradesh,Salaried,Under Graduate,1093334,665
CUST07286,Customer_07286,36,Uttar Pradesh,Salaried,Graduate,1628679,704
CUST07287,Customer_07287,43,Delhi,Salaried,Graduate,302587,692
CUST07288,Customer_07288,27,Bihar,Self-Employed,Graduate,1999201,746
CUST07289,Customer_07289,46,Rajasthan,Self-Employed,Graduate,2023153,696
CUST07290,Customer_07290,52,West Bengal,Salaried,Graduate,1511281,537
CUST07291,Customer_07291,32,Bihar,Salaried,Graduate,2179450,646
CUST07292,Customer_07292,28,Gujarat,Salaried,Graduate,265675,809
CUST07293,Customer_07293,25,Bihar,Professional,Graduate,2136386,643
CUST07294,Customer_07294,48,Karnataka,Business,Post Graduate,2178369,674
CUST07295,Customer_07295,25,Haryana,Salaried,Graduate,1380101,529
CUST07296,Customer_07296,46,Maharashtra,Professional,Under Graduate,1670181,611
CUST07297,Customer_07297,25,Gujarat,Self-Employed,Graduate,480246,636
CUST07298,Customer_07298,42,Uttar Pradesh,Business,Post Graduate,1303291,834
CUST07299,Customer_07299,35,West Bengal,Self-Employed,Graduate,1904554,690
CUST07300,Customer_07300,33,Bihar,Business,Graduate,1264462,677
CUST07301,Customer_07301,48,Haryana,Salaried,Graduate,1025431,665
CUST07302,Customer_07302,53,Maharashtra,Self-Employed,Post Graduate,1953018,592
CUST07303,Customer_07303,43,Gujarat,Business,Post Graduate,1340537,770
CUST07304,Customer_07304,53,West Bengal,Salaried,Post Graduate,2160220,559
CUST07305,Customer_07305,38,Karnataka,Salaried,Graduate,534709,679
CUST07306,Customer_07306,50,Uttar Pradesh,Salaried,Graduate,1311239,529
CUST07307,Customer_07307,46,Madhya Pradesh,Salaried,Post Graduate,233285,646
CUST07308,Customer_07308,36,Bihar,Salaried,Graduate,317683,516
CUST07309,Customer_07309,33,Rajasthan,Self-Employed,Graduate,2073458,630
CUST07310,Customer_07310,59,Bihar,Salaried,Graduate,938574,757
CUST07311,Customer_07311,53,Bihar,Salaried,Graduate,609969,580
CUST07312,Customer_07312,46,Madhya Pradesh,Professional,Graduate,426251,645
CUST07313,Customer_07313,21,Maharashtra,Self-Employed,Graduate,1391687,756
CUST07314,Customer_07314,58,Madhya Pradesh,Salaried,Post Graduate,1689277,850
CUST07315,Customer_07315,22,Maharashtra,Salaried,Graduate,633003,707
CUST07316,Customer_07316,26,Maharashtra,Business,Under Graduate,2036885,654
CUST07317,Customer_07317,58,Delhi,Business,Graduate,1895645,666
CUST07318,Customer_07318,44,Uttar Pradesh,Salaried,Graduate,1713765,637
CUST07319,Customer_07319,38,Bihar,Professional,Post Graduate,344450,673
CUST07320,Customer_07320,47,Bihar,Business,Under Graduate,464645,850
CUST07321,Customer_07321,28,Rajasthan,Business,Post Graduate,605947,761
CUST07322,Customer_07322,48,Gujarat,Salaried,Post Graduate,2407718,734
CUST07323,Customer_07323,30,Bihar,Salaried,Under Graduate,2443553,717
CUST07324,Customer_07324,37,Maharashtra,Salaried,Post Graduate,1262172,698
CUST07325,Customer_07325,49,Karnataka,Salaried,Post Graduate,2426303,700
CUST07326,Customer_07326,26,West Bengal,Salaried,Under Graduate,1140668,812
CUST07327,Customer_07327,34,Uttar Pradesh,Salaried,Graduate,1533953,701
CUST07328,Customer_07328,42,Madhya Pradesh,Business,Under Graduate,740521,673
CUST07329,Customer_07329,26,Bihar,Salaried,Graduate,1933353,612
CUST07330,Customer_07330,46,Maharashtra,Salaried,Under Graduate,308287,700
CUST07331,Customer_07331,59,Bihar,Professional,Graduate,732255,645
CUST07332,Customer_07332,32,Gujarat,Salaried,Graduate,1333422,677
CUST07333,Customer_07333,55,Maharashtra,Self-Employed,Under Graduate,1710029,618
CUST07334,Customer_07334,34,Karnataka,Self-Employed,Graduate,238233,695
CUST07335,Customer_07335,42,Rajasthan,Professional,Post Graduate,322763,641
CUST07336,Customer_07336,43,Bihar,Business,Graduate,2098539,595
CUST07337,Customer_07337,27,Delhi,Salaried,Graduate,594076,785
CUST07338,Customer_07338,60,Uttar Pradesh,Professional,Under Graduate,2178186,581
CUST07339,Customer_07339,45,Rajasthan,Salaried,Graduate,466905,631
CUST07340,Customer_07340,33,Bihar,Self-Employed,Post Graduate,1437381,718
CUST07341,Customer_07341,41,Bihar,Salaried,Graduate,871461,765
CUST07342,Customer_07342,30,Bihar,Self-Employed,Under Graduate,2133711,688
CUST07343,Customer_07343,29,Uttar Pradesh,Self-Employed,Post Graduate,1082411,681
CUST07344,Customer_07344,35,Uttar Pradesh,Self-Employed,Post Graduate,1730961,592
CUST07345,Customer_07345,22,Uttar Pradesh,Self-Employed,Under Graduate,471820,638
CUST07346,Customer_07346,45,West Bengal,Salaried,Graduate,2026248,563
CUST07347,Customer_07347,33,Uttar Pradesh,Salaried,Post Graduate,422755,677
CUST07348,Customer_07348,54,Uttar Pradesh,Business,Post Graduate,1575742,726
CUST07349,Customer_07349,54,West Bengal,Salaried,Graduate,2035235,719
CUST07350,Customer_07350,55,Gujarat,Salaried,Graduate,655656,557
CUST07351,Customer_07351,58,Rajasthan,Self-Employed,Post Graduate,296332,736
CUST07352,Customer_07352,23,Uttar Pradesh,Professional,Post Graduate,1698431,787
CUST07353,Customer_07353,26,Gujarat,Salaried,Graduate,2133480,662
CUST07354,Customer_07354,39,Uttar Pradesh,Self-Employed,Graduate,298639,808
CUST07355,Customer_07355,23,Gujarat,Salaried,Graduate,1943103,656
CUST07356,Customer_07356,38,West Bengal,Salaried,Graduate,1503855,574
CUST07357,Customer_07357,59,Madhya Pradesh,Salaried,Graduate,1479756,679
CUST07358,Customer_07358,29,Maharashtra,Self-Employed,Graduate,1950985,667
CUST07359,Customer_07359,32,Gujarat,Business,Graduate,582688,769
CUST07360,Customer_07360,25,Rajasthan,Salaried,Under Graduate,2042722,615
CUST07361,Customer_07361,23,Madhya Pradesh,Business,Post Graduate,1203700,720
CUST07362,Customer_07362,31,Rajasthan,Salaried,Graduate,2449403,561
CUST07363,Customer_07363,50,Gujarat,Salaried,Graduate,1543881,649
CUST07364,Customer_07364,24,Madhya Pradesh,Self-Employed,Post Graduate,1315455,662
CUST07365,Customer_07365,25,West Bengal,Salaried,Under Graduate,224767,652
CUST07366,Customer_07366,21,Haryana,Salaried,Post Graduate,2377085,573
CUST07367,Customer_07367,47,Maharashtra,Business,Post Graduate,1362897,649
CUST07368,Customer_07368,48,Delhi,Business,Graduate,1948771,692
CUST07369,Customer_07369,49,Maharashtra,Business,Graduate,2015231,770
CUST07370,Customer_07370,38,Haryana,Salaried,Post Graduate,444589,633
CUST07371,Customer_07371,32,Uttar Pradesh,Salaried,Graduate,1612735,614
CUST07372,Customer_07372,33,Rajasthan,Business,Graduate,411422,850
CUST07373,Customer_07373,22,Haryana,Salaried,Graduate,210544,530
CUST07374,Customer_07374,57,Maharashtra,Business,Graduate,1077026,633
CUST07375,Customer_07375,36,Haryana,Business,Post Graduate,586096,611
CUST07376,Customer_07376,44,Gujarat,Business,Graduate,2171346,564
CUST07377,Customer_07377,55,Bihar,Salaried,Graduate,2282631,683
CUST07378,Customer_07378,42,Bihar,Professional,Post Graduate,1876592,772
CUST07379,Customer_07379,56,Karnataka,Self-Employed,Under Graduate,292568,768
CUST07380,Customer_07380,31,Maharashtra,Self-Employed,Post Graduate,1544573,733
CUST07381,Customer_07381,49,Gujarat,Self-Employed,Post Graduate,332280,779
CUST07382,Customer_07382,55,Gujarat,Salaried,Graduate,743221,672
CUST07383,Customer_07383,35,Karnataka,Salaried,Graduate,329924,690
CUST07384,Customer_07384,51,Delhi,Business,Graduate,603037,708
CUST07385,Customer_07385,36,Madhya Pradesh,Salaried,Graduate,1293867,785
CUST07386,Customer_07386,30,Karnataka,Salaried,Graduate,1407366,660
CUST07387,Customer_07387,52,Haryana,Salaried,Graduate,747863,780
CUST07388,Customer_07388,22,Delhi,Salaried,Post Graduate,1397641,808
CUST07389,Customer_07389,44,Uttar Pradesh,Self-Employed,Under Graduate,1809812,714
CUST07390,Customer_07390,43,Bihar,Professional,Post Graduate,1452112,751
CUST07391,Customer_07391,22,Gujarat,Salaried,Graduate,1891851,602
CUST07392,Customer_07392,58,Rajasthan,Business,Post Graduate,628911,733
CUST07393,Customer_07393,51,Maharashtra,Business,Graduate,998009,732
CUST07394,Customer_07394,60,Uttar Pradesh,Self-Employed,Post Graduate,611971,709
CUST07395,Customer_07395,46,Madhya Pradesh,Salaried,Graduate,541626,755
CUST07396,Customer_07396,49,Maharashtra,Self-Employed,Graduate,262549,702
CUST07397,Customer_07397,23,Maharashtra,Professional,Post Graduate,1693342,665
CUST07398,Customer_07398,34,Bihar,Salaried,Post Graduate,1130352,681
CUST07399,Customer_07399,45,Haryana,Self-Employed,Under Graduate,614625,684
CUST07400,Customer_07400,21,Rajasthan,Professional,Graduate,1583802,689
CUST07401,Customer_07401,23,Maharashtra,Business,Post Graduate,1594453,662
CUST07402,Customer_07402,46,Uttar Pradesh,Self-Employed,Graduate,2078327,659
CUST07403,Customer_07403,38,Rajasthan,Professional,Graduate,526043,738
CUST07404,Customer_07404,29,Haryana,Salaried,Post Graduate,1888711,694
CUST07405,Customer_07405,58,Gujarat,Business,Under Graduate,1289315,603
CUST07406,Customer_07406,43,Maharashtra,Salaried,Post Graduate,967161,732
CUST07407,Customer_07407,41,Rajasthan,Salaried,Graduate,1846275,622
CUST07408,Customer_07408,21,Karnataka,Self-Employed,Graduate,1542892,831
CUST07409,Customer_07409,41,Uttar Pradesh,Salaried,Graduate,623688,614
CUST07410,Customer_07410,47,Madhya Pradesh,Salaried,Graduate,1151264,834
CUST07411,Customer_07411,26,Bihar,Salaried,Post Graduate,291178,724
CUST07412,Customer_07412,56,Uttar Pradesh,Salaried,Graduate,1978991,658
CUST07413,Customer_07413,48,Uttar Pradesh,Salaried,Post Graduate,1935996,631
CUST07414,Customer_07414,37,Madhya Pradesh,Business,Post Graduate,2148270,734
CUST07415,Customer_07415,60,Uttar Pradesh,Salaried,Post Graduate,2013446,663
CUST07416,Customer_07416,23,Uttar Pradesh,Self-Employed,Graduate,567265,635
CUST07417,Customer_07417,32,Bihar,Business,Graduate,1042729,643
CUST07418,Customer_07418,59,Uttar Pradesh,Salaried,Graduate,2044733,688
CUST07419,Customer_07419,32,Bihar,Professional,Graduate,1205302,696
CUST07420,Customer_07420,22,Uttar Pradesh,Business,Under Graduate,418357,781
CUST07421,Customer_07421,42,Bihar,Salaried,Under Graduate,384572,672
CUST07422,Customer_07422,43,Haryana,Professional,Post Graduate,1820364,733
CUST07423,Customer_07423,50,Gujarat,Self-Employed,Post Graduate,242943,658
CUST07424,Customer_07424,25,Rajasthan,Salaried,Post Graduate,827584,621
CUST07425,Customer_07425,29,Uttar Pradesh,Self-Employed,Graduate,994280,637
CUST07426,Customer_07426,41,Madhya Pradesh,Self-Employed,Graduate,1098848,453
CUST07427,Customer_07427,31,Uttar Pradesh,Self-Employed,Graduate,1853905,692
CUST07428,Customer_07428,25,Uttar Pradesh,Business,Under Graduate,1009999,658
CUST07429,Customer_07429,55,Gujarat,Salaried,Graduate,682477,673
CUST07430,Customer_07430,47,Karnataka,Professional,Graduate,1859189,648
CUST07431,Customer_07431,22,Rajasthan,Business,Under Graduate,1402560,693
CUST07432,Customer_07432,44,Uttar Pradesh,Business,Graduate,2168485,793
CUST07433,Customer_07433,51,Karnataka,Salaried,Post Graduate,2374266,739
CUST07434,Customer_07434,53,Uttar Pradesh,Self-Employed,Under Graduate,994405,624
CUST07435,Customer_07435,59,Karnataka,Business,Graduate,1799761,800
CUST07436,Customer_07436,50,Bihar,Business,Post Graduate,952623,850
CUST07437,Customer_07437,57,Bihar,Professional,Graduate,601166,687
CUST07438,Customer_07438,48,Madhya Pradesh,Professional,Post Graduate,1035681,683
CUST07439,Customer_07439,51,West Bengal,Salaried,Graduate,2436548,752
CUST07440,Customer_07440,31,Karnataka,Business,Graduate,1862710,739
CUST07441,Customer_07441,43,Rajasthan,Salaried,Post Graduate,1830388,658
CUST07442,Customer_07442,22,Gujarat,Salaried,Graduate,1764604,652
CUST07443,Customer_07443,60,Madhya Pradesh,Salaried,Under Graduate,557350,657
CUST07444,Customer_07444,47,Gujarat,Business,Graduate,209598,784
CUST07445,Customer_07445,55,Haryana,Professional,Post Graduate,560862,664
CUST07446,Customer_07446,22,Uttar Pradesh,Salaried,Graduate,1417932,690
CUST07447,Customer_07447,59,Bihar,Salaried,Under Graduate,530399,764
CUST07448,Customer_07448,57,West Bengal,Professional,Graduate,1431349,785
CUST07449,Customer_07449,41,West Bengal,Self-Employed,Graduate,879198,622
CUST07450,Customer_07450,25,Uttar Pradesh,Self-Employed,Post Graduate,1569851,598
CUST07451,Customer_07451,41,Maharashtra,Self-Employed,Under Graduate,253830,715
CUST07452,Customer_07452,49,West Bengal,Self-Employed,Under Graduate,565752,697
CUST07453,Customer_07453,40,Rajasthan,Professional,Graduate,1702673,747
CUST07454,Customer_07454,58,Madhya Pradesh,Salaried,Post Graduate,769396,582
CUST07455,Customer_07455,40,Uttar Pradesh,Salaried,Graduate,1263794,665
CUST07456,Customer_07456,45,Karnataka,Salaried,Post Graduate,1715564,706
CUST07457,Customer_07457,22,Maharashtra,Salaried,Graduate,1471009,617
CUST07458,Customer_07458,52,Maharashtra,Self-Employed,Graduate,1643090,727
CUST07459,Customer_07459,46,Maharashtra,Professional,Under Graduate,205315,780
CUST07460,Customer_07460,26,Karnataka,Business,Under Graduate,1201517,618
CUST07461,Customer_07461,23,Gujarat,Professional,Post Graduate,1683393,750
CUST07462,Customer_07462,53,Delhi,Professional,Post Graduate,418161,682
CUST07463,Customer_07463,21,Bihar,Self-Employed,Post Graduate,882679,644
CUST07464,Customer_07464,25,Karnataka,Self-Employed,Graduate,1261906,656
CUST07465,Customer_07465,33,Haryana,Self-Employed,Post Graduate,2298546,759
CUST07466,Customer_07466,39,Delhi,Salaried,Post Graduate,287220,658
CUST07467,Customer_07467,32,West Bengal,Self-Employed,Graduate,341653,661
CUST07468,Customer_07468,45,Bihar,Self-Employed,Under Graduate,1090745,767
CUST07469,Customer_07469,55,Madhya Pradesh,Self-Employed,Under Graduate,1901662,750
CUST07470,Customer_07470,32,Karnataka,Self-Employed,Under Graduate,2414452,656
CUST07471,Customer_07471,50,Haryana,Salaried,Graduate,560932,829
CUST07472,Customer_07472,25,Madhya Pradesh,Self-Employed,Post Graduate,526346,756
CUST07473,Customer_07473,54,Uttar Pradesh,Salaried,Under Graduate,2483346,806
CUST07474,Customer_07474,42,Gujarat,Salaried,Graduate,1913520,823
CUST07475,Customer_07475,59,Rajasthan,Self-Employed,Post Graduate,1584705,647
CUST07476,Customer_07476,33,Maharashtra,Salaried,Under Graduate,1582387,639
CUST07477,Customer_07477,23,Karnataka,Business,Post Graduate,2040507,554
CUST07478,Customer_07478,40,Bihar,Salaried,Under Graduate,1368680,801
CUST07479,Customer_07479,51,Bihar,Self-Employed,Graduate,2314643,567
CUST07480,Customer_07480,25,Gujarat,Self-Employed,Graduate,263971,711
CUST07481,Customer_07481,44,Rajasthan,Salaried,Graduate,1142442,604
CUST07482,Customer_07482,60,Uttar Pradesh,Salaried,Post Graduate,2246837,681
CUST07483,Customer_07483,53,Bihar,Self-Employed,Graduate,615612,689
CUST07484,Customer_07484,28,Uttar Pradesh,Salaried,Post Graduate,588090,825
CUST07485,Customer_07485,44,Maharashtra,Salaried,Graduate,2136179,738
CUST07486,Customer_07486,40,Uttar Pradesh,Self-Employed,Under Graduate,2284973,850
CUST07487,Customer_07487,36,Maharashtra,Salaried,Graduate,1516841,705
CUST07488,Customer_07488,32,Bihar,Self-Employed,Post Graduate,1850658,713
CUST07489,Customer_07489,33,Madhya Pradesh,Business,Post Graduate,564053,608
CUST07490,Customer_07490,59,Karnataka,Salaried,Under Graduate,1424321,639
CUST07491,Customer_07491,45,Madhya Pradesh,Salaried,Graduate,1306117,582
CUST07492,Customer_07492,52,Gujarat,Salaried,Under Graduate,1534584,686
CUST07493,Customer_07493,44,Bihar,Self-Employed,Graduate,1691870,631
CUST07494,Customer_07494,29,Delhi,Salaried,Graduate,420707,660
CUST07495,Customer_07495,60,Gujarat,Salaried,Post Graduate,1726009,594
CUST07496,Customer_07496,43,Rajasthan,Salaried,Post Graduate,422841,631
CUST07497,Customer_07497,33,Maharashtra,Salaried,Graduate,604397,692
CUST07498,Customer_07498,52,Maharashtra,Self-Employed,Post Graduate,1989631,541
CUST07499,Customer_07499,35,Gujarat,Salaried,Graduate,2131579,826
CUST07500,Customer_07500,56,Bihar,Salaried,Graduate,2254664,792
CUST07501,Customer_07501,25,Karnataka,Salaried,Graduate,1397492,850
CUST07502,Customer_07502,42,Maharashtra,Salaried,Under Graduate,1582605,616
CUST07503,Customer_07503,36,Uttar Pradesh,Salaried,Post Graduate,2074916,653
CUST07504,Customer_07504,30,Madhya Pradesh,Salaried,Graduate,1828680,845
CUST07505,Customer_07505,44,Karnataka,Salaried,Graduate,1579816,822
CUST07506,Customer_07506,38,Bihar,Business,Graduate,488836,655
CUST07507,Customer_07507,38,Gujarat,Salaried,Under Graduate,2084334,603
CUST07508,Customer_07508,27,Maharashtra,Business,Graduate,1464848,829
CUST07509,Customer_07509,24,Madhya Pradesh,Salaried,Graduate,1383608,637
CUST07510,Customer_07510,46,Haryana,Self-Employed,Graduate,2060059,739
CUST07511,Customer_07511,25,Karnataka,Salaried,Post Graduate,1371661,735
CUST07512,Customer_07512,36,Uttar Pradesh,Professional,Graduate,1973457,666
CUST07513,Customer_07513,55,Bihar,Business,Graduate,2268916,594
CUST07514,Customer_07514,46,Gujarat,Salaried,Post Graduate,1067002,771
CUST07515,Customer_07515,38,Uttar Pradesh,Salaried,Graduate,1116136,590
CUST07516,Customer_07516,49,Gujarat,Self-Employed,Post Graduate,1544361,577
CUST07517,Customer_07517,43,Rajasthan,Professional,Graduate,875834,694
CUST07518,Customer_07518,34,Maharashtra,Salaried,Graduate,2384248,588
CUST07519,Customer_07519,35,Haryana,Self-Employed,Graduate,1793618,717
CUST07520,Customer_07520,53,Maharashtra,Salaried,Post Graduate,1557091,803
CUST07521,Customer_07521,45,West Bengal,Salaried,Graduate,1947547,769
CUST07522,Customer_07522,41,Haryana,Salaried,Graduate,1751723,818
CUST07523,Customer_07523,37,Gujarat,Salaried,Graduate,1577370,750
CUST07524,Customer_07524,43,Uttar Pradesh,Salaried,Graduate,1517067,667
CUST07525,Customer_07525,37,Karnataka,Salaried,Graduate,227486,590
CUST07526,Customer_07526,34,Haryana,Self-Employed,Post Graduate,247148,603
CUST07527,Customer_07527,49,Maharashtra,Self-Employed,Graduate,1060717,743
CUST07528,Customer_07528,40,Bihar,Salaried,Graduate,602219,745
CUST07529,Customer_07529,50,Maharashtra,Business,Graduate,1521602,637
CUST07530,Customer_07530,39,West Bengal,Salaried,Graduate,888757,675
CUST07531,Customer_07531,59,Karnataka,Salaried,Graduate,2382225,740
CUST07532,Customer_07532,33,West Bengal,Business,Graduate,905141,656
CUST07533,Customer_07533,38,Haryana,Business,Graduate,976232,825
CUST07534,Customer_07534,43,Rajasthan,Business,Under Graduate,1932871,712
CUST07535,Customer_07535,53,Maharashtra,Salaried,Post Graduate,1327241,746
CUST07536,Customer_07536,59,Maharashtra,Salaried,Graduate,411797,684
CUST07537,Customer_07537,60,Uttar Pradesh,Self-Employed,Post Graduate,752162,722
CUST07538,Customer_07538,38,Madhya Pradesh,Salaried,Under Graduate,479102,577
CUST07539,Customer_07539,29,Karnataka,Salaried,Graduate,1137540,687
CUST07540,Customer_07540,53,West Bengal,Self-Employed,Graduate,396973,632
CUST07541,Customer_07541,52,Maharashtra,Salaried,Under Graduate,1439090,850
CUST07542,Customer_07542,37,Gujarat,Salaried,Post Graduate,1768153,702
CUST07543,Customer_07543,39,Madhya Pradesh,Salaried,Post Graduate,2025329,676
CUST07544,Customer_07544,47,Rajasthan,Salaried,Post Graduate,1589017,720
CUST07545,Customer_07545,26,Gujarat,Salaried,Graduate,332184,714
CUST07546,Customer_07546,55,Bihar,Self-Employed,Post Graduate,2276006,690
CUST07547,Customer_07547,57,West Bengal,Salaried,Post Graduate,654083,740
CUST07548,Customer_07548,54,Gujarat,Business,Graduate,2025660,734
CUST07549,Customer_07549,40,Delhi,Salaried,Post Graduate,962348,696
CUST07550,Customer_07550,45,Maharashtra,Business,Under Graduate,1314755,804
CUST07551,Customer_07551,24,Uttar Pradesh,Salaried,Post Graduate,1238136,571
CUST07552,Customer_07552,30,Bihar,Salaried,Graduate,1806277,658
CUST07553,Customer_07553,30,Delhi,Salaried,Post Graduate,2332168,660
CUST07554,Customer_07554,44,West Bengal,Salaried,Graduate,1775773,688
CUST07555,Customer_07555,41,Bihar,Self-Employed,Under Graduate,1522536,669
CUST07556,Customer_07556,31,Delhi,Salaried,Post Graduate,916021,650
CUST07557,Customer_07557,47,Rajasthan,Self-Employed,Graduate,1773810,783
CUST07558,Customer_07558,36,Maharashtra,Salaried,Graduate,1030400,615
CUST07559,Customer_07559,46,Delhi,Self-Employed,Post Graduate,841740,725
CUST07560,Customer_07560,50,Haryana,Self-Employed,Graduate,1696239,651
CUST07561,Customer_07561,36,Maharashtra,Salaried,Graduate,532427,719
CUST07562,Customer_07562,27,Maharashtra,Business,Graduate,1799328,789
CUST07563,Customer_07563,36,Rajasthan,Business,Under Graduate,1226734,452
CUST07564,Customer_07564,55,Maharashtra,Professional,Graduate,1655733,628
CUST07565,Customer_07565,36,Karnataka,Salaried,Post Graduate,377782,628
CUST07566,Customer_07566,60,Madhya Pradesh,Business,Graduate,396736,678
CUST07567,Customer_07567,32,Uttar Pradesh,Business,Graduate,905104,759
CUST07568,Customer_07568,55,Maharashtra,Self-Employed,Graduate,1959605,828
CUST07569,Customer_07569,41,West Bengal,Self-Employed,Graduate,547079,757
CUST07570,Customer_07570,56,Delhi,Professional,Under Graduate,1226910,679
CUST07571,Customer_07571,37,Delhi,Professional,Under Graduate,1691349,651
CUST07572,Customer_07572,52,Uttar Pradesh,Self-Employed,Graduate,726038,804
CUST07573,Customer_07573,26,Karnataka,Salaried,Graduate,1723569,578
CUST07574,Customer_07574,44,Rajasthan,Business,Under Graduate,2217884,720
CUST07575,Customer_07575,47,Gujarat,Salaried,Graduate,1208451,780
CUST07576,Customer_07576,40,West Bengal,Salaried,Graduate,1937696,668
CUST07577,Customer_07577,45,Uttar Pradesh,Professional,Graduate,970035,714
CUST07578,Customer_07578,22,Rajasthan,Business,Post Graduate,1438672,589
CUST07579,Customer_07579,29,Uttar Pradesh,Professional,Graduate,829329,727
CUST07580,Customer_07580,48,Rajasthan,Self-Employed,Post Graduate,1352897,695
CUST07581,Customer_07581,58,Maharashtra,Salaried,Graduate,1419219,731
CUST07582,Customer_07582,23,Karnataka,Professional,Graduate,1204246,657
CUST07583,Customer_07583,40,Bihar,Salaried,Graduate,1594376,607
CUST07584,Customer_07584,26,Gujarat,Business,Under Graduate,1064671,773
CUST07585,Customer_07585,59,Karnataka,Self-Employed,Under Graduate,1822365,774
CUST07586,Customer_07586,53,West Bengal,Salaried,Post Graduate,1953164,732
CUST07587,Customer_07587,21,Rajasthan,Salaried,Graduate,1790713,720
CUST07588,Customer_07588,57,Rajasthan,Salaried,Graduate,181773,509
CUST07589,Customer_07589,26,Uttar Pradesh,Self-Employed,Graduate,2198169,780
CUST07590,Customer_07590,54,Uttar Pradesh,Salaried,Graduate,1871442,725
CUST07591,Customer_07591,35,Madhya Pradesh,Salaried,Under Graduate,1031610,785
CUST07592,Customer_07592,46,Uttar Pradesh,Self-Employed,Graduate,433095,601
CUST07593,Customer_07593,34,Bihar,Business,Post Graduate,1983331,739
CUST07594,Customer_07594,27,Uttar Pradesh,Salaried,Graduate,784936,734
CUST07595,Customer_07595,51,Madhya Pradesh,Self-Employed,Post Graduate,1369414,433
CUST07596,Customer_07596,44,Bihar,Salaried,Post Graduate,1439150,683
CUST07597,Customer_07597,51,Uttar Pradesh,Salaried,Graduate,2329905,690
CUST07598,Customer_07598,49,Maharashtra,Salaried,Graduate,862035,617
CUST07599,Customer_07599,52,Madhya Pradesh,Self-Employed,Graduate,740572,726
CUST07600,Customer_07600,37,Gujarat,Salaried,Under Graduate,1633789,707
CUST07601,Customer_07601,34,Rajasthan,Salaried,Graduate,1048943,641
CUST07602,Customer_07602,60,Haryana,Salaried,Graduate,377300,650
CUST07603,Customer_07603,56,Uttar Pradesh,Professional,Under Graduate,847344,565
CUST07604,Customer_07604,44,Uttar Pradesh,Professional,Graduate,729272,723
CUST07605,Customer_07605,47,Uttar Pradesh,Salaried,Graduate,529464,714
CUST07606,Customer_07606,45,Madhya Pradesh,Salaried,Graduate,833433,680
CUST07607,Customer_07607,52,Gujarat,Professional,Graduate,1840759,669
CUST07608,Customer_07608,38,Uttar Pradesh,Salaried,Graduate,1606891,746
CUST07609,Customer_07609,38,Gujarat,Salaried,Post Graduate,1033552,701
CUST07610,Customer_07610,57,Rajasthan,Salaried,Graduate,1507846,752
CUST07611,Customer_07611,46,West Bengal,Professional,Graduate,1633822,706
CUST07612,Customer_07612,29,Delhi,Business,Graduate,1618351,759
CUST07613,Customer_07613,55,Gujarat,Salaried,Graduate,1052398,754
CUST07614,Customer_07614,28,Madhya Pradesh,Salaried,Graduate,734502,762
CUST07615,Customer_07615,40,West Bengal,Professional,Graduate,2236641,645
CUST07616,Customer_07616,42,West Bengal,Salaried,Graduate,2123654,741
CUST07617,Customer_07617,39,Madhya Pradesh,Self-Employed,Graduate,1720069,690
CUST07618,Customer_07618,50,Rajasthan,Salaried,Graduate,1704827,680
CUST07619,Customer_07619,48,Rajasthan,Business,Graduate,2274778,654
CUST07620,Customer_07620,55,Bihar,Salaried,Graduate,230678,715
CUST07621,Customer_07621,31,Madhya Pradesh,Business,Graduate,892967,544
CUST07622,Customer_07622,51,Maharashtra,Salaried,Graduate,615475,716
CUST07623,Customer_07623,59,Karnataka,Salaried,Post Graduate,2489178,716
CUST07624,Customer_07624,56,Rajasthan,Self-Employed,Post Graduate,593018,770
CUST07625,Customer_07625,50,Haryana,Business,Post Graduate,240380,700
CUST07626,Customer_07626,43,Rajasthan,Salaried,Under Graduate,723384,793
CUST07627,Customer_07627,39,Delhi,Salaried,Under Graduate,244626,661
CUST07628,Customer_07628,32,Bihar,Self-Employed,Graduate,1933874,652
CUST07629,Customer_07629,35,Gujarat,Self-Employed,Graduate,1540107,810
CUST07630,Customer_07630,51,Rajasthan,Business,Under Graduate,2388094,647
CUST07631,Customer_07631,57,Bihar,Salaried,Graduate,520384,524
CUST07632,Customer_07632,57,Karnataka,Salaried,Post Graduate,2484842,811
CUST07633,Customer_07633,35,Uttar Pradesh,Self-Employed,Under Graduate,1573645,817
CUST07634,Customer_07634,49,Rajasthan,Salaried,Post Graduate,2285356,678
CUST07635,Customer_07635,46,Maharashtra,Professional,Graduate,2464400,685
CUST07636,Customer_07636,22,Karnataka,Self-Employed,Post Graduate,1705562,652
CUST07637,Customer_07637,40,Maharashtra,Self-Employed,Graduate,1053253,831
CUST07638,Customer_07638,35,Gujarat,Salaried,Under Graduate,871731,805
CUST07639,Customer_07639,24,Uttar Pradesh,Salaried,Graduate,831533,649
CUST07640,Customer_07640,42,Bihar,Self-Employed,Graduate,1193700,701
CUST07641,Customer_07641,58,Karnataka,Salaried,Post Graduate,2044453,825
CUST07642,Customer_07642,43,Uttar Pradesh,Business,Graduate,1550023,845
CUST07643,Customer_07643,46,Gujarat,Salaried,Graduate,2090964,722
CUST07644,Customer_07644,31,Maharashtra,Salaried,Graduate,2090498,733
CUST07645,Customer_07645,48,Bihar,Salaried,Graduate,516888,694
CUST07646,Customer_07646,22,Madhya Pradesh,Self-Employed,Under Graduate,2099081,654
CUST07647,Customer_07647,28,Madhya Pradesh,Salaried,Graduate,719456,745
CUST07648,Customer_07648,49,Madhya Pradesh,Salaried,Graduate,2380038,820
CUST07649,Customer_07649,31,Gujarat,Self-Employed,Post Graduate,1937587,634
CUST07650,Customer_07650,57,Maharashtra,Salaried,Graduate,1524095,716
CUST07651,Customer_07651,38,Bihar,Business,Graduate,2375238,713
CUST07652,Customer_07652,34,Uttar Pradesh,Self-Employed,Graduate,2279988,600
CUST07653,Customer_07653,30,Delhi,Professional,Graduate,2469700,703
CUST07654,Customer_07654,55,Haryana,Self-Employed,Graduate,2160171,688
CUST07655,Customer_07655,29,Maharashtra,Self-Employed,Graduate,1131038,668
CUST07656,Customer_07656,55,Maharashtra,Salaried,Post Graduate,1215790,806
CUST07657,Customer_07657,31,Uttar Pradesh,Salaried,Graduate,1800564,670
CUST07658,Customer_07658,32,West Bengal,Salaried,Under Graduate,687995,633
CUST07659,Customer_07659,23,Haryana,Self-Employed,Post Graduate,420592,752
CUST07660,Customer_07660,59,Bihar,Salaried,Graduate,1934838,723
CUST07661,Customer_07661,34,Rajasthan,Self-Employed,Under Graduate,2166133,707
CUST07662,Customer_07662,48,Maharashtra,Salaried,Graduate,2310313,754
CUST07663,Customer_07663,31,Madhya Pradesh,Self-Employed,Post Graduate,467313,691
CUST07664,Customer_07664,59,Delhi,Salaried,Graduate,778901,678
CUST07665,Customer_07665,45,Rajasthan,Self-Employed,Graduate,1755916,644
CUST07666,Customer_07666,41,Karnataka,Professional,Under Graduate,2461126,765
CUST07667,Customer_07667,30,Rajasthan,Business,Under Graduate,968209,808
CUST07668,Customer_07668,35,Uttar Pradesh,Salaried,Graduate,1841717,850
CUST07669,Customer_07669,39,Gujarat,Self-Employed,Graduate,1896565,751
CUST07670,Customer_07670,42,Rajasthan,Self-Employed,Under Graduate,2010313,834
CUST07671,Customer_07671,41,West Bengal,Business,Post Graduate,1690253,653
CUST07672,Customer_07672,52,Bihar,Business,Graduate,2342181,634
CUST07673,Customer_07673,43,Bihar,Salaried,Graduate,901480,612
CUST07674,Customer_07674,33,Gujarat,Business,Under Graduate,2008252,702
CUST07675,Customer_07675,25,Rajasthan,Salaried,Under Graduate,1564804,675
CUST07676,Customer_07676,24,Bihar,Business,Under Graduate,873324,827
CUST07677,Customer_07677,48,West Bengal,Salaried,Graduate,912442,670
CUST07678,Customer_07678,34,Maharashtra,Salaried,Post Graduate,1107446,677
CUST07679,Customer_07679,28,Maharashtra,Business,Graduate,1304013,763
CUST07680,Customer_07680,29,Karnataka,Salaried,Post Graduate,1935556,784
CUST07681,Customer_07681,55,Uttar Pradesh,Professional,Post Graduate,976379,740
CUST07682,Customer_07682,57,Maharashtra,Salaried,Graduate,657686,758
CUST07683,Customer_07683,41,Madhya Pradesh,Self-Employed,Post Graduate,1228217,760
CUST07684,Customer_07684,38,Uttar Pradesh,Business,Graduate,294251,849
CUST07685,Customer_07685,53,West Bengal,Salaried,Graduate,393879,561
CUST07686,Customer_07686,28,Rajasthan,Salaried,Graduate,1796819,653
CUST07687,Customer_07687,37,Madhya Pradesh,Salaried,Post Graduate,1451368,816
CUST07688,Customer_07688,51,Uttar Pradesh,Professional,Graduate,1432974,695
CUST07689,Customer_07689,54,Maharashtra,Business,Graduate,1800302,756
CUST07690,Customer_07690,26,Madhya Pradesh,Salaried,Graduate,2447719,515
CUST07691,Customer_07691,42,Madhya Pradesh,Salaried,Post Graduate,1397947,643
CUST07692,Customer_07692,34,Haryana,Salaried,Graduate,2063390,560
CUST07693,Customer_07693,23,Maharashtra,Self-Employed,Post Graduate,2244591,646
CUST07694,Customer_07694,32,Gujarat,Professional,Under Graduate,232984,671
CUST07695,Customer_07695,56,Maharashtra,Self-Employed,Graduate,691265,718
CUST07696,Customer_07696,32,Madhya Pradesh,Salaried,Post Graduate,2012220,794
CUST07697,Customer_07697,22,Madhya Pradesh,Self-Employed,Graduate,1545622,750
CUST07698,Customer_07698,22,Uttar Pradesh,Professional,Graduate,1949149,743
CUST07699,Customer_07699,35,Madhya Pradesh,Self-Employed,Graduate,1345543,661
CUST07700,Customer_07700,43,Uttar Pradesh,Professional,Graduate,1881214,606
CUST07701,Customer_07701,49,Rajasthan,Salaried,Under Graduate,485524,684
CUST07702,Customer_07702,37,Gujarat,Business,Under Graduate,942980,632
CUST07703,Customer_07703,52,Uttar Pradesh,Self-Employed,Under Graduate,342335,624
CUST07704,Customer_07704,27,West Bengal,Self-Employed,Under Graduate,1324277,586
CUST07705,Customer_07705,50,Rajasthan,Self-Employed,Graduate,1024304,697
CUST07706,Customer_07706,48,West Bengal,Salaried,Graduate,2364668,704
CUST07707,Customer_07707,34,Uttar Pradesh,Salaried,Graduate,1221655,785
CUST07708,Customer_07708,50,West Bengal,Professional,Post Graduate,711830,787
CUST07709,Customer_07709,37,Uttar Pradesh,Salaried,Graduate,869547,740
CUST07710,Customer_07710,52,Rajasthan,Professional,Under Graduate,741229,850
CUST07711,Customer_07711,26,West Bengal,Self-Employed,Post Graduate,1820135,647
CUST07712,Customer_07712,44,Maharashtra,Salaried,Post Graduate,1339208,667
CUST07713,Customer_07713,26,Uttar Pradesh,Professional,Graduate,1423393,677
CUST07714,Customer_07714,47,Haryana,Business,Graduate,1668052,673
CUST07715,Customer_07715,38,Madhya Pradesh,Salaried,Graduate,1724481,570
CUST07716,Customer_07716,44,Rajasthan,Salaried,Under Graduate,1491868,648
CUST07717,Customer_07717,57,Uttar Pradesh,Business,Graduate,1259919,724
CUST07718,Customer_07718,44,Gujarat,Business,Post Graduate,2004211,777
CUST07719,Customer_07719,58,Uttar Pradesh,Business,Under Graduate,1831946,597
CUST07720,Customer_07720,54,West Bengal,Business,Graduate,1141225,605
CUST07721,Customer_07721,60,Gujarat,Salaried,Graduate,1055047,620
CUST07722,Customer_07722,35,Gujarat,Business,Graduate,781725,729
CUST07723,Customer_07723,31,Maharashtra,Salaried,Post Graduate,1556260,623
CUST07724,Customer_07724,42,Karnataka,Salaried,Under Graduate,1449877,590
CUST07725,Customer_07725,44,Madhya Pradesh,Salaried,Graduate,340404,588
CUST07726,Customer_07726,21,Karnataka,Salaried,Graduate,1697086,675
CUST07727,Customer_07727,38,Maharashtra,Self-Employed,Graduate,703882,694
CUST07728,Customer_07728,32,Delhi,Salaried,Post Graduate,1322017,755
CUST07729,Customer_07729,48,Madhya Pradesh,Salaried,Graduate,955229,745
CUST07730,Customer_07730,60,Uttar Pradesh,Salaried,Post Graduate,1059252,775
CUST07731,Customer_07731,27,Bihar,Self-Employed,Graduate,402369,693
CUST07732,Customer_07732,43,Maharashtra,Self-Employed,Post Graduate,875381,630
CUST07733,Customer_07733,41,Bihar,Self-Employed,Graduate,1807148,715
CUST07734,Customer_07734,54,Bihar,Business,Graduate,1125426,596
CUST07735,Customer_07735,31,Rajasthan,Self-Employed,Under Graduate,1462464,730
CUST07736,Customer_07736,42,Madhya Pradesh,Salaried,Graduate,1166160,723
CUST07737,Customer_07737,55,Madhya Pradesh,Professional,Graduate,2097954,786
CUST07738,Customer_07738,49,Uttar Pradesh,Salaried,Post Graduate,2149150,766
CUST07739,Customer_07739,48,Delhi,Salaried,Post Graduate,2471452,734
CUST07740,Customer_07740,38,West Bengal,Self-Employed,Graduate,862566,564
CUST07741,Customer_07741,34,Bihar,Business,Graduate,2322478,661
CUST07742,Customer_07742,38,Uttar Pradesh,Business,Graduate,2446661,742
CUST07743,Customer_07743,48,Madhya Pradesh,Salaried,Graduate,433244,804
CUST07744,Customer_07744,44,Gujarat,Business,Graduate,1435381,745
CUST07745,Customer_07745,28,Gujarat,Business,Under Graduate,676342,594
CUST07746,Customer_07746,28,Madhya Pradesh,Salaried,Under Graduate,2105553,819
CUST07747,Customer_07747,24,Uttar Pradesh,Salaried,Graduate,1194705,701
CUST07748,Customer_07748,47,Haryana,Business,Graduate,1616137,733
CUST07749,Customer_07749,56,Bihar,Salaried,Graduate,801289,739
CUST07750,Customer_07750,25,Maharashtra,Salaried,Graduate,1606630,646
CUST07751,Customer_07751,53,Uttar Pradesh,Salaried,Under Graduate,2044115,632
CUST07752,Customer_07752,54,Bihar,Salaried,Graduate,1194445,713
CUST07753,Customer_07753,50,Madhya Pradesh,Salaried,Graduate,1271800,633
CUST07754,Customer_07754,28,Gujarat,Salaried,Graduate,2103111,653
CUST07755,Customer_07755,59,West Bengal,Salaried,Graduate,2068953,670
CUST07756,Customer_07756,46,Uttar Pradesh,Professional,Graduate,1532471,557
CUST07757,Customer_07757,57,West Bengal,Salaried,Post Graduate,679268,745
CUST07758,Customer_07758,54,Gujarat,Self-Employed,Graduate,1833415,785
CUST07759,Customer_07759,27,Rajasthan,Professional,Graduate,399539,736
CUST07760,Customer_07760,60,Karnataka,Business,Graduate,2148164,545
CUST07761,Customer_07761,48,Gujarat,Salaried,Post Graduate,2066714,725
CUST07762,Customer_07762,59,Bihar,Salaried,Graduate,2420019,777
CUST07763,Customer_07763,59,Karnataka,Self-Employed,Graduate,1164721,660
CUST07764,Customer_07764,48,Gujarat,Professional,Graduate,796707,717
CUST07765,Customer_07765,34,Gujarat,Salaried,Graduate,2280874,736
CUST07766,Customer_07766,58,Karnataka,Salaried,Graduate,1780766,631
CUST07767,Customer_07767,24,Rajasthan,Business,Graduate,695007,629
CUST07768,Customer_07768,38,Gujarat,Salaried,Graduate,507466,544
CUST07769,Customer_07769,45,Delhi,Business,Graduate,1240493,651
CUST07770,Customer_07770,27,Rajasthan,Self-Employed,Graduate,1009851,626
CUST07771,Customer_07771,58,Uttar Pradesh,Salaried,Post Graduate,187555,672
CUST07772,Customer_07772,48,Delhi,Salaried,Post Graduate,1121455,761
CUST07773,Customer_07773,25,Uttar Pradesh,Self-Employed,Graduate,1671902,752
CUST07774,Customer_07774,23,Delhi,Business,Graduate,2118764,605
CUST07775,Customer_07775,51,Karnataka,Business,Post Graduate,1768214,668
CUST07776,Customer_07776,40,Bihar,Business,Under Graduate,2405604,700
CUST07777,Customer_07777,39,Uttar Pradesh,Salaried,Post Graduate,1451806,497
CUST07778,Customer_07778,31,Maharashtra,Self-Employed,Graduate,231369,686
CUST07779,Customer_07779,60,Madhya Pradesh,Self-Employed,Post Graduate,1032195,672
CUST07780,Customer_07780,23,West Bengal,Self-Employed,Graduate,1285221,672
CUST07781,Customer_07781,43,Rajasthan,Salaried,Graduate,851748,715
CUST07782,Customer_07782,27,Uttar Pradesh,Business,Graduate,1015735,605
CUST07783,Customer_07783,43,Gujarat,Self-Employed,Graduate,894972,727
CUST07784,Customer_07784,27,Delhi,Self-Employed,Graduate,2224060,704
CUST07785,Customer_07785,54,Bihar,Business,Graduate,584737,802
CUST07786,Customer_07786,39,Delhi,Salaried,Graduate,1329957,691
CUST07787,Customer_07787,29,Bihar,Salaried,Under Graduate,474091,796
CUST07788,Customer_07788,38,Haryana,Self-Employed,Graduate,1622796,803
CUST07789,Customer_07789,45,Bihar,Professional,Graduate,1743781,718
CUST07790,Customer_07790,34,Maharashtra,Salaried,Under Graduate,450146,684
CUST07791,Customer_07791,45,Karnataka,Salaried,Post Graduate,2264286,639
CUST07792,Customer_07792,39,Madhya Pradesh,Professional,Graduate,1071225,712
CUST07793,Customer_07793,59,Maharashtra,Business,Post Graduate,588691,825
CUST07794,Customer_07794,35,West Bengal,Business,Graduate,1542499,713
CUST07795,Customer_07795,36,Gujarat,Salaried,Graduate,1222337,718
CUST07796,Customer_07796,47,Maharashtra,Business,Under Graduate,708996,806
CUST07797,Customer_07797,60,Madhya Pradesh,Self-Employed,Graduate,1562343,828
CUST07798,Customer_07798,30,Karnataka,Self-Employed,Under Graduate,2103745,690
CUST07799,Customer_07799,24,Gujarat,Salaried,Graduate,2431064,722
CUST07800,Customer_07800,39,Maharashtra,Business,Post Graduate,1535172,626
CUST07801,Customer_07801,48,Gujarat,Salaried,Graduate,316774,708
CUST07802,Customer_07802,41,Madhya Pradesh,Salaried,Under Graduate,1974220,731
CUST07803,Customer_07803,34,Haryana,Self-Employed,Graduate,1352648,691
CUST07804,Customer_07804,53,Uttar Pradesh,Salaried,Under Graduate,1106822,643
CUST07805,Customer_07805,30,Gujarat,Salaried,Graduate,1556483,631
CUST07806,Customer_07806,39,Uttar Pradesh,Salaried,Post Graduate,2369250,761
CUST07807,Customer_07807,50,Gujarat,Business,Post Graduate,314800,724
CUST07808,Customer_07808,42,West Bengal,Salaried,Graduate,1958898,696
CUST07809,Customer_07809,23,Uttar Pradesh,Business,Post Graduate,954664,591
CUST07810,Customer_07810,57,Maharashtra,Self-Employed,Graduate,2177741,687
CUST07811,Customer_07811,38,Madhya Pradesh,Self-Employed,Graduate,1312617,665
CUST07812,Customer_07812,31,Delhi,Self-Employed,Post Graduate,596863,586
CUST07813,Customer_07813,22,Bihar,Business,Under Graduate,2251680,765
CUST07814,Customer_07814,32,Gujarat,Salaried,Post Graduate,1802358,747
CUST07815,Customer_07815,26,Karnataka,Salaried,Graduate,1775792,704
CUST07816,Customer_07816,60,Delhi,Self-Employed,Graduate,223891,577
CUST07817,Customer_07817,49,Delhi,Professional,Under Graduate,1544189,758
CUST07818,Customer_07818,50,Bihar,Salaried,Under Graduate,1044895,706
CUST07819,Customer_07819,22,Karnataka,Self-Employed,Post Graduate,210207,702
CUST07820,Customer_07820,29,Maharashtra,Professional,Graduate,2489624,704
CUST07821,Customer_07821,22,Maharashtra,Business,Graduate,1454886,634
CUST07822,Customer_07822,49,Bihar,Salaried,Graduate,1569683,692
CUST07823,Customer_07823,53,Gujarat,Self-Employed,Under Graduate,1516033,774
CUST07824,Customer_07824,30,Karnataka,Salaried,Under Graduate,1807965,576
CUST07825,Customer_07825,54,Uttar Pradesh,Business,Post Graduate,2036031,765
CUST07826,Customer_07826,28,Haryana,Salaried,Under Graduate,556577,719
CUST07827,Customer_07827,57,Haryana,Business,Graduate,1852271,735
CUST07828,Customer_07828,53,Madhya Pradesh,Professional,Post Graduate,919963,677
CUST07829,Customer_07829,26,Delhi,Professional,Graduate,842324,679
CUST07830,Customer_07830,60,Maharashtra,Business,Graduate,1237163,592
CUST07831,Customer_07831,39,Uttar Pradesh,Salaried,Post Graduate,1174171,664
CUST07832,Customer_07832,52,Karnataka,Salaried,Graduate,618660,714
CUST07833,Customer_07833,47,Rajasthan,Self-Employed,Post Graduate,2485283,802
CUST07834,Customer_07834,21,Maharashtra,Self-Employed,Post Graduate,1127511,710
CUST07835,Customer_07835,53,Gujarat,Salaried,Under Graduate,1139998,589
CUST07836,Customer_07836,60,Karnataka,Salaried,Post Graduate,2210015,687
CUST07837,Customer_07837,52,Gujarat,Professional,Graduate,2449228,646
CUST07838,Customer_07838,25,Bihar,Business,Graduate,755419,685
CUST07839,Customer_07839,37,Rajasthan,Salaried,Graduate,1865907,698
CUST07840,Customer_07840,28,Delhi,Salaried,Graduate,473172,839
CUST07841,Customer_07841,54,Uttar Pradesh,Self-Employed,Graduate,1066600,719
CUST07842,Customer_07842,29,Maharashtra,Business,Graduate,1632258,718
CUST07843,Customer_07843,43,Rajasthan,Self-Employed,Post Graduate,1189776,725
CUST07844,Customer_07844,55,Madhya Pradesh,Professional,Graduate,1428617,646
CUST07845,Customer_07845,27,Bihar,Business,Graduate,2141395,804
CUST07846,Customer_07846,35,Maharashtra,Professional,Graduate,1466947,719
CUST07847,Customer_07847,40,Uttar Pradesh,Business,Graduate,1443637,672
CUST07848,Customer_07848,45,Uttar Pradesh,Business,Graduate,2158752,735
CUST07849,Customer_07849,23,Maharashtra,Business,Graduate,980431,795
CUST07850,Customer_07850,44,Madhya Pradesh,Salaried,Graduate,1876234,716
CUST07851,Customer_07851,54,Madhya Pradesh,Salaried,Graduate,1307890,691
CUST07852,Customer_07852,42,Rajasthan,Business,Graduate,328935,694
CUST07853,Customer_07853,31,Bihar,Salaried,Graduate,195108,746
CUST07854,Customer_07854,28,Maharashtra,Salaried,Graduate,1374998,726
CUST07855,Customer_07855,59,Bihar,Business,Graduate,1649303,708
CUST07856,Customer_07856,55,Uttar Pradesh,Business,Post Graduate,2246087,678
CUST07857,Customer_07857,58,Uttar Pradesh,Salaried,Graduate,1462268,713
CUST07858,Customer_07858,28,Maharashtra,Self-Employed,Post Graduate,1790318,585
CUST07859,Customer_07859,57,West Bengal,Self-Employed,Graduate,1122222,786
CUST07860,Customer_07860,47,Bihar,Salaried,Under Graduate,2150100,697
CUST07861,Customer_07861,48,West Bengal,Professional,Graduate,2293986,611
CUST07862,Customer_07862,60,Bihar,Self-Employed,Post Graduate,1098763,668
CUST07863,Customer_07863,54,Rajasthan,Professional,Graduate,1364425,750
CUST07864,Customer_07864,52,Haryana,Salaried,Graduate,1531063,807
CUST07865,Customer_07865,35,Uttar Pradesh,Salaried,Post Graduate,2372677,730
CUST07866,Customer_07866,37,Maharashtra,Business,Graduate,1744466,740
CUST07867,Customer_07867,53,West Bengal,Salaried,Graduate,1902316,663
CUST07868,Customer_07868,36,Rajasthan,Salaried,Under Graduate,486592,835
CUST07869,Customer_07869,49,Uttar Pradesh,Professional,Under Graduate,1341362,678
CUST07870,Customer_07870,29,Uttar Pradesh,Business,Post Graduate,938552,696
CUST07871,Customer_07871,53,Karnataka,Self-Employed,Under Graduate,2207077,698
CUST07872,Customer_07872,49,Karnataka,Self-Employed,Graduate,1448704,812
CUST07873,Customer_07873,33,Rajasthan,Salaried,Post Graduate,191224,718
CUST07874,Customer_07874,41,Uttar Pradesh,Professional,Graduate,1581904,755
CUST07875,Customer_07875,41,Haryana,Business,Graduate,1754442,652
CUST07876,Customer_07876,25,Bihar,Salaried,Post Graduate,1147891,725
CUST07877,Customer_07877,30,Bihar,Salaried,Graduate,989809,653
CUST07878,Customer_07878,26,Gujarat,Business,Post Graduate,2304693,649
CUST07879,Customer_07879,33,Bihar,Salaried,Graduate,1325918,741
CUST07880,Customer_07880,21,Gujarat,Professional,Graduate,197943,669
CUST07881,Customer_07881,40,Karnataka,Professional,Under Graduate,1992000,643
CUST07882,Customer_07882,28,Haryana,Business,Under Graduate,1891824,784
CUST07883,Customer_07883,30,Bihar,Business,Graduate,369926,631
CUST07884,Customer_07884,29,Maharashtra,Self-Employed,Post Graduate,1167179,835
CUST07885,Customer_07885,23,Maharashtra,Salaried,Graduate,1133799,770
CUST07886,Customer_07886,31,Bihar,Business,Graduate,389770,820
CUST07887,Customer_07887,32,Rajasthan,Salaried,Under Graduate,432258,639
CUST07888,Customer_07888,30,Bihar,Self-Employed,Graduate,1478787,743
CUST07889,Customer_07889,45,Uttar Pradesh,Salaried,Graduate,1178270,707
CUST07890,Customer_07890,45,Uttar Pradesh,Salaried,Graduate,291065,760
CUST07891,Customer_07891,31,Bihar,Salaried,Graduate,896373,649
CUST07892,Customer_07892,56,Madhya Pradesh,Business,Graduate,1881940,773
CUST07893,Customer_07893,59,Madhya Pradesh,Salaried,Post Graduate,1679038,737
CUST07894,Customer_07894,46,Rajasthan,Salaried,Graduate,440084,678
CUST07895,Customer_07895,34,Delhi,Salaried,Graduate,2364811,577
CUST07896,Customer_07896,59,Delhi,Salaried,Graduate,1851982,766
CUST07897,Customer_07897,60,Bihar,Business,Graduate,848738,680
CUST07898,Customer_07898,21,Uttar Pradesh,Self-Employed,Graduate,888577,629
CUST07899,Customer_07899,24,Madhya Pradesh,Salaried,Graduate,768409,656
CUST07900,Customer_07900,50,Bihar,Salaried,Graduate,1567773,738
CUST07901,Customer_07901,32,Uttar Pradesh,Professional,Graduate,1277565,679
CUST07902,Customer_07902,55,West Bengal,Self-Employed,Graduate,202974,702
CUST07903,Customer_07903,33,Bihar,Salaried,Post Graduate,644718,711
CUST07904,Customer_07904,51,Gujarat,Salaried,Graduate,2045725,616
CUST07905,Customer_07905,58,Rajasthan,Salaried,Graduate,622567,734
CUST07906,Customer_07906,43,Uttar Pradesh,Salaried,Graduate,1820105,738
CUST07907,Customer_07907,24,Uttar Pradesh,Business,Under Graduate,1051195,849
CUST07908,Customer_07908,36,Gujarat,Salaried,Under Graduate,2269584,740
CUST07909,Customer_07909,27,Maharashtra,Business,Under Graduate,1653819,716
CUST07910,Customer_07910,42,Maharashtra,Self-Employed,Under Graduate,684933,567
CUST07911,Customer_07911,49,West Bengal,Salaried,Post Graduate,1144211,740
CUST07912,Customer_07912,31,Rajasthan,Business,Under Graduate,1679827,829
CUST07913,Customer_07913,53,Uttar Pradesh,Salaried,Post Graduate,2263365,650
CUST07914,Customer_07914,49,Bihar,Business,Graduate,1131085,579
CUST07915,Customer_07915,59,Madhya Pradesh,Business,Graduate,1759415,637
CUST07916,Customer_07916,32,Bihar,Professional,Post Graduate,1723688,747
CUST07917,Customer_07917,27,Uttar Pradesh,Salaried,Under Graduate,1546110,661
CUST07918,Customer_07918,59,Rajasthan,Salaried,Graduate,2150012,634
CUST07919,Customer_07919,46,Uttar Pradesh,Self-Employed,Graduate,609235,712
CUST07920,Customer_07920,60,Madhya Pradesh,Salaried,Post Graduate,525218,707
CUST07921,Customer_07921,29,Madhya Pradesh,Self-Employed,Post Graduate,1322668,795
CUST07922,Customer_07922,54,Uttar Pradesh,Salaried,Under Graduate,938791,658
CUST07923,Customer_07923,33,Maharashtra,Self-Employed,Under Graduate,705175,698
CUST07924,Customer_07924,56,Bihar,Salaried,Graduate,1870477,534
CUST07925,Customer_07925,45,Madhya Pradesh,Business,Graduate,854176,650
CUST07926,Customer_07926,44,Maharashtra,Business,Graduate,1384043,712
CUST07927,Customer_07927,37,Maharashtra,Salaried,Under Graduate,1365173,671
CUST07928,Customer_07928,22,West Bengal,Business,Graduate,371651,523
CUST07929,Customer_07929,33,Uttar Pradesh,Salaried,Graduate,1554863,736
CUST07930,Customer_07930,51,West Bengal,Salaried,Graduate,2373406,729
CUST07931,Customer_07931,49,Uttar Pradesh,Salaried,Graduate,1708330,622
CUST07932,Customer_07932,48,Maharashtra,Business,Graduate,1188450,743
CUST07933,Customer_07933,47,Rajasthan,Salaried,Under Graduate,1090689,594
CUST07934,Customer_07934,35,Uttar Pradesh,Salaried,Post Graduate,1952952,635
CUST07935,Customer_07935,51,Uttar Pradesh,Professional,Under Graduate,987422,795
CUST07936,Customer_07936,60,Maharashtra,Salaried,Graduate,1325689,787
CUST07937,Customer_07937,35,West Bengal,Professional,Post Graduate,2456290,741
CUST07938,Customer_07938,53,Bihar,Salaried,Graduate,352243,644
CUST07939,Customer_07939,40,Madhya Pradesh,Business,Graduate,511712,724
CUST07940,Customer_07940,32,Gujarat,Self-Employed,Graduate,2080377,728
CUST07941,Customer_07941,57,Delhi,Business,Post Graduate,630904,559
CUST07942,Customer_07942,29,Gujarat,Professional,Graduate,1338154,611
CUST07943,Customer_07943,43,Bihar,Business,Graduate,1601647,771
CUST07944,Customer_07944,28,Uttar Pradesh,Salaried,Graduate,1185417,496
CUST07945,Customer_07945,52,Maharashtra,Business,Graduate,1910213,696
CUST07946,Customer_07946,34,Maharashtra,Business,Graduate,318497,686
CUST07947,Customer_07947,47,Uttar Pradesh,Salaried,Graduate,2176853,630
CUST07948,Customer_07948,45,Uttar Pradesh,Professional,Graduate,1700220,691
CUST07949,Customer_07949,33,West Bengal,Self-Employed,Graduate,482636,690
CUST07950,Customer_07950,41,Karnataka,Salaried,Graduate,2358997,701
CUST07951,Customer_07951,51,Uttar Pradesh,Salaried,Under Graduate,2137080,680
CUST07952,Customer_07952,57,Uttar Pradesh,Self-Employed,Graduate,502236,732
CUST07953,Customer_07953,25,Uttar Pradesh,Self-Employed,Graduate,1391498,745
CUST07954,Customer_07954,33,Maharashtra,Self-Employed,Graduate,410872,626
CUST07955,Customer_07955,48,Maharashtra,Salaried,Post Graduate,1862439,765
CUST07956,Customer_07956,45,West Bengal,Self-Employed,Post Graduate,656703,677
CUST07957,Customer_07957,55,Uttar Pradesh,Professional,Graduate,464561,536
CUST07958,Customer_07958,59,Maharashtra,Salaried,Post Graduate,1250410,656
CUST07959,Customer_07959,27,Uttar Pradesh,Self-Employed,Under Graduate,1885911,686
CUST07960,Customer_07960,58,West Bengal,Salaried,Under Graduate,2412389,581
CUST07961,Customer_07961,52,Karnataka,Salaried,Graduate,2072588,681
CUST07962,Customer_07962,23,Delhi,Self-Employed,Under Graduate,786671,665
CUST07963,Customer_07963,59,Bihar,Salaried,Post Graduate,2397077,715
CUST07964,Customer_07964,57,Maharashtra,Business,Post Graduate,1798110,657
CUST07965,Customer_07965,42,Maharashtra,Self-Employed,Post Graduate,1917633,680
CUST07966,Customer_07966,28,Rajasthan,Salaried,Under Graduate,886398,763
CUST07967,Customer_07967,37,Delhi,Salaried,Under Graduate,1006871,713
CUST07968,Customer_07968,47,Maharashtra,Professional,Graduate,1302030,711
CUST07969,Customer_07969,53,Maharashtra,Salaried,Graduate,1298023,665
CUST07970,Customer_07970,37,Madhya Pradesh,Self-Employed,Under Graduate,2310637,616
CUST07971,Customer_07971,32,Maharashtra,Professional,Graduate,1169405,732
CUST07972,Customer_07972,47,Madhya Pradesh,Professional,Graduate,1245617,613
CUST07973,Customer_07973,28,Bihar,Self-Employed,Graduate,1491932,809
CUST07974,Customer_07974,43,Uttar Pradesh,Salaried,Post Graduate,1824835,610
CUST07975,Customer_07975,49,Bihar,Salaried,Post Graduate,2240244,673
CUST07976,Customer_07976,40,Karnataka,Salaried,Graduate,686804,764
CUST07977,Customer_07977,36,Maharashtra,Self-Employed,Post Graduate,931653,684
CUST07978,Customer_07978,37,Bihar,Salaried,Under Graduate,271342,719
CUST07979,Customer_07979,36,Uttar Pradesh,Business,Graduate,1059517,701
CUST07980,Customer_07980,39,Madhya Pradesh,Self-Employed,Graduate,1939157,579
CUST07981,Customer_07981,28,Haryana,Salaried,Under Graduate,1190874,617
CUST07982,Customer_07982,58,Bihar,Salaried,Under Graduate,1807495,670
CUST07983,Customer_07983,58,Maharashtra,Self-Employed,Graduate,1320700,682
CUST07984,Customer_07984,49,West Bengal,Salaried,Post Graduate,748923,745
CUST07985,Customer_07985,56,Delhi,Business,Post Graduate,2413349,696
CUST07986,Customer_07986,46,Madhya Pradesh,Professional,Graduate,2315013,679
CUST07987,Customer_07987,51,Maharashtra,Professional,Under Graduate,791800,661
CUST07988,Customer_07988,32,Maharashtra,Business,Graduate,472443,751
CUST07989,Customer_07989,37,Delhi,Business,Post Graduate,325920,640
CUST07990,Customer_07990,35,Rajasthan,Self-Employed,Graduate,1587757,604
CUST07991,Customer_07991,29,Rajasthan,Self-Employed,Under Graduate,986578,677
CUST07992,Customer_07992,59,Uttar Pradesh,Business,Graduate,276590,753
CUST07993,Customer_07993,32,Rajasthan,Salaried,Graduate,2425266,646
CUST07994,Customer_07994,52,Haryana,Salaried,Graduate,1766463,706
CUST07995,Customer_07995,45,West Bengal,Business,Graduate,1960536,620
CUST07996,Customer_07996,59,Uttar Pradesh,Professional,Under Graduate,1016921,634
CUST07997,Customer_07997,38,Gujarat,Self-Employed,Graduate,1013689,798
CUST07998,Customer_07998,35,Madhya Pradesh,Self-Employed,Post Graduate,1309007,535
CUST07999,Customer_07999,52,Karnataka,Self-Employed,Under Graduate,997018,634
CUST08000,Customer_08000,26,Delhi,Self-Employed,Post Graduate,1455432,560
CUST08001,Customer_08001,55,West Bengal,Salaried,Graduate,191416,631
CUST08002,Customer_08002,54,West Bengal,Professional,Post Graduate,1454798,751
CUST08003,Customer_08003,58,Maharashtra,Self-Employed,Graduate,1565141,803
CUST08004,Customer_08004,25,Delhi,Salaried,Graduate,1876888,596
CUST08005,Customer_08005,38,Madhya Pradesh,Business,Graduate,1772504,744
CUST08006,Customer_08006,36,Maharashtra,Salaried,Post Graduate,421095,591
CUST08007,Customer_08007,28,Maharashtra,Business,Post Graduate,1320540,641
CUST08008,Customer_08008,45,Uttar Pradesh,Self-Employed,Graduate,2044067,710
CUST08009,Customer_08009,52,Haryana,Business,Graduate,1341118,557
CUST08010,Customer_08010,46,Bihar,Salaried,Post Graduate,2393089,639
CUST08011,Customer_08011,42,Karnataka,Salaried,Graduate,619919,684
CUST08012,Customer_08012,51,Madhya Pradesh,Salaried,Graduate,767715,534
CUST08013,Customer_08013,30,Gujarat,Self-Employed,Under Graduate,2456370,628
CUST08014,Customer_08014,32,Maharashtra,Salaried,Graduate,2460278,651
CUST08015,Customer_08015,48,Rajasthan,Salaried,Graduate,1388856,635
CUST08016,Customer_08016,26,Bihar,Professional,Under Graduate,1227086,650
CUST08017,Customer_08017,40,Maharashtra,Salaried,Graduate,488738,714
CUST08018,Customer_08018,25,Haryana,Business,Post Graduate,1800206,705
CUST08019,Customer_08019,43,Gujarat,Business,Post Graduate,1460288,785
CUST08020,Customer_08020,29,Uttar Pradesh,Business,Graduate,2359439,671
CUST08021,Customer_08021,49,Haryana,Professional,Under Graduate,2252418,576
CUST08022,Customer_08022,36,Uttar Pradesh,Self-Employed,Post Graduate,1942845,531
CUST08023,Customer_08023,42,Bihar,Self-Employed,Graduate,918618,790
CUST08024,Customer_08024,28,Madhya Pradesh,Self-Employed,Graduate,614139,685
CUST08025,Customer_08025,40,Uttar Pradesh,Salaried,Under Graduate,858760,712
CUST08026,Customer_08026,34,Gujarat,Salaried,Post Graduate,1239597,751
CUST08027,Customer_08027,59,Gujarat,Salaried,Graduate,409348,705
CUST08028,Customer_08028,57,Gujarat,Salaried,Under Graduate,2166199,780
CUST08029,Customer_08029,54,Uttar Pradesh,Business,Graduate,1692695,746
CUST08030,Customer_08030,31,Maharashtra,Professional,Post Graduate,816074,764
CUST08031,Customer_08031,60,Maharashtra,Business,Under Graduate,2052619,628
CUST08032,Customer_08032,53,West Bengal,Salaried,Graduate,2368566,748
CUST08033,Customer_08033,51,Uttar Pradesh,Salaried,Post Graduate,1626030,722
CUST08034,Customer_08034,54,Bihar,Business,Graduate,1748554,618
CUST08035,Customer_08035,27,Karnataka,Salaried,Post Graduate,758511,809
CUST08036,Customer_08036,43,Delhi,Business,Graduate,1888102,682
CUST08037,Customer_08037,27,Haryana,Business,Graduate,1177280,558
CUST08038,Customer_08038,45,West Bengal,Self-Employed,Graduate,997462,744
CUST08039,Customer_08039,23,Bihar,Salaried,Graduate,704925,727
CUST08040,Customer_08040,58,Maharashtra,Salaried,Post Graduate,1183986,669
CUST08041,Customer_08041,40,Uttar Pradesh,Salaried,Post Graduate,2279793,733
CUST08042,Customer_08042,54,Uttar Pradesh,Self-Employed,Under Graduate,2387633,627
CUST08043,Customer_08043,50,Madhya Pradesh,Professional,Graduate,912034,725
CUST08044,Customer_08044,37,Uttar Pradesh,Salaried,Under Graduate,1889738,746
CUST08045,Customer_08045,30,Delhi,Salaried,Graduate,2134070,716
CUST08046,Customer_08046,55,Uttar Pradesh,Self-Employed,Graduate,358830,691
CUST08047,Customer_08047,40,Maharashtra,Salaried,Graduate,1673960,678
CUST08048,Customer_08048,38,Gujarat,Business,Under Graduate,1474393,797
CUST08049,Customer_08049,47,Maharashtra,Salaried,Graduate,1582485,649
CUST08050,Customer_08050,56,Delhi,Professional,Graduate,1575877,698
CUST08051,Customer_08051,43,West Bengal,Professional,Graduate,294769,682
CUST08052,Customer_08052,52,Haryana,Business,Graduate,185165,715
CUST08053,Customer_08053,30,Bihar,Salaried,Under Graduate,707994,784
CUST08054,Customer_08054,31,Karnataka,Salaried,Graduate,2178045,781
CUST08055,Customer_08055,58,Uttar Pradesh,Business,Graduate,276147,740
CUST08056,Customer_08056,26,Delhi,Business,Under Graduate,1715706,709
CUST08057,Customer_08057,54,Uttar Pradesh,Business,Under Graduate,1308435,721
CUST08058,Customer_08058,56,Uttar Pradesh,Salaried,Graduate,2321023,796
CUST08059,Customer_08059,57,West Bengal,Salaried,Post Graduate,663996,608
CUST08060,Customer_08060,37,Bihar,Professional,Graduate,1308862,667
CUST08061,Customer_08061,60,Haryana,Salaried,Post Graduate,1996216,639
CUST08062,Customer_08062,60,Bihar,Salaried,Post Graduate,1672214,740
CUST08063,Customer_08063,32,Haryana,Salaried,Graduate,1615334,672
CUST08064,Customer_08064,41,West Bengal,Business,Under Graduate,2149894,571
CUST08065,Customer_08065,60,Rajasthan,Salaried,Graduate,1603375,644
CUST08066,Customer_08066,39,Madhya Pradesh,Self-Employed,Post Graduate,1595670,702
CUST08067,Customer_08067,23,Gujarat,Salaried,Under Graduate,405041,725
CUST08068,Customer_08068,38,West Bengal,Salaried,Graduate,976523,678
CUST08069,Customer_08069,39,Maharashtra,Business,Graduate,2070999,619
CUST08070,Customer_08070,26,Madhya Pradesh,Salaried,Graduate,2175753,797
CUST08071,Customer_08071,36,Bihar,Salaried,Post Graduate,1968087,728
CUST08072,Customer_08072,28,Maharashtra,Self-Employed,Under Graduate,1433816,723
CUST08073,Customer_08073,38,Uttar Pradesh,Salaried,Graduate,2329625,711
CUST08074,Customer_08074,59,Gujarat,Salaried,Graduate,1654935,606
CUST08075,Customer_08075,32,Karnataka,Professional,Graduate,2496225,699
CUST08076,Customer_08076,30,Bihar,Professional,Post Graduate,2249961,518
CUST08077,Customer_08077,27,Madhya Pradesh,Salaried,Post Graduate,577017,721
CUST08078,Customer_08078,21,Gujarat,Salaried,Graduate,1058351,442
CUST08079,Customer_08079,56,Bihar,Salaried,Graduate,999928,632
CUST08080,Customer_08080,41,Karnataka,Business,Graduate,380883,693
CUST08081,Customer_08081,57,Bihar,Self-Employed,Graduate,498076,710
CUST08082,Customer_08082,44,Uttar Pradesh,Salaried,Graduate,2050199,595
CUST08083,Customer_08083,45,Uttar Pradesh,Business,Graduate,2337387,639
CUST08084,Customer_08084,27,Karnataka,Self-Employed,Post Graduate,2066536,594
CUST08085,Customer_08085,37,West Bengal,Salaried,Graduate,1664720,777
CUST08086,Customer_08086,49,Maharashtra,Salaried,Graduate,219401,637
CUST08087,Customer_08087,50,Uttar Pradesh,Salaried,Post Graduate,1452503,685
CUST08088,Customer_08088,27,Rajasthan,Professional,Under Graduate,2463998,706
CUST08089,Customer_08089,53,Gujarat,Business,Graduate,2419272,740
CUST08090,Customer_08090,27,Madhya Pradesh,Salaried,Graduate,1910271,728
CUST08091,Customer_08091,44,West Bengal,Self-Employed,Under Graduate,1284888,734
CUST08092,Customer_08092,31,Haryana,Self-Employed,Graduate,1316055,602
CUST08093,Customer_08093,29,Karnataka,Salaried,Graduate,1164952,721
CUST08094,Customer_08094,32,Madhya Pradesh,Salaried,Under Graduate,2270942,586
CUST08095,Customer_08095,55,Bihar,Self-Employed,Post Graduate,952725,720
CUST08096,Customer_08096,24,Gujarat,Salaried,Post Graduate,439227,785
CUST08097,Customer_08097,56,Rajasthan,Salaried,Graduate,955626,608
CUST08098,Customer_08098,48,Maharashtra,Salaried,Graduate,1423318,583
CUST08099,Customer_08099,33,Uttar Pradesh,Salaried,Graduate,217299,815
CUST08100,Customer_08100,43,Rajasthan,Self-Employed,Graduate,1066473,646
CUST08101,Customer_08101,39,Madhya Pradesh,Salaried,Graduate,481931,733
CUST08102,Customer_08102,57,Madhya Pradesh,Self-Employed,Graduate,988876,569
CUST08103,Customer_08103,59,Uttar Pradesh,Salaried,Graduate,368571,759
CUST08104,Customer_08104,44,Madhya Pradesh,Self-Employed,Post Graduate,2256041,770
CUST08105,Customer_08105,36,Uttar Pradesh,Salaried,Under Graduate,754401,809
CUST08106,Customer_08106,53,Gujarat,Self-Employed,Post Graduate,2045976,824
CUST08107,Customer_08107,32,Bihar,Self-Employed,Post Graduate,361168,621
CUST08108,Customer_08108,54,Haryana,Self-Employed,Graduate,466302,783
CUST08109,Customer_08109,27,Delhi,Business,Graduate,680990,728
CUST08110,Customer_08110,31,Delhi,Salaried,Graduate,664713,686
CUST08111,Customer_08111,51,Gujarat,Professional,Graduate,1519350,708
CUST08112,Customer_08112,49,Madhya Pradesh,Business,Post Graduate,2281071,845
CUST08113,Customer_08113,33,Uttar Pradesh,Self-Employed,Under Graduate,1123816,622
CUST08114,Customer_08114,51,Gujarat,Business,Under Graduate,1922762,704
CUST08115,Customer_08115,22,Rajasthan,Salaried,Graduate,1636773,777
CUST08116,Customer_08116,59,Rajasthan,Salaried,Under Graduate,239768,714
CUST08117,Customer_08117,35,Bihar,Business,Graduate,1732536,591
CUST08118,Customer_08118,31,Karnataka,Professional,Graduate,2390031,697
CUST08119,Customer_08119,54,Maharashtra,Salaried,Graduate,2313174,561
CUST08120,Customer_08120,59,Maharashtra,Self-Employed,Post Graduate,276565,660
CUST08121,Customer_08121,24,West Bengal,Business,Post Graduate,2104555,597
CUST08122,Customer_08122,31,Haryana,Professional,Graduate,1007891,643
CUST08123,Customer_08123,49,Uttar Pradesh,Salaried,Graduate,643144,766
CUST08124,Customer_08124,22,Karnataka,Salaried,Graduate,1536858,651
CUST08125,Customer_08125,36,Maharashtra,Salaried,Graduate,679239,686
CUST08126,Customer_08126,59,Gujarat,Self-Employed,Under Graduate,2190668,812
CUST08127,Customer_08127,33,Madhya Pradesh,Professional,Under Graduate,1302830,712
CUST08128,Customer_08128,57,Madhya Pradesh,Self-Employed,Under Graduate,1926106,686
CUST08129,Customer_08129,37,Delhi,Professional,Graduate,2403979,667
CUST08130,Customer_08130,41,Maharashtra,Business,Graduate,856138,717
CUST08131,Customer_08131,39,Uttar Pradesh,Self-Employed,Under Graduate,1003868,789
CUST08132,Customer_08132,27,Gujarat,Salaried,Under Graduate,425676,618
CUST08133,Customer_08133,58,Maharashtra,Salaried,Graduate,2299416,718
CUST08134,Customer_08134,28,West Bengal,Salaried,Post Graduate,623043,594
CUST08135,Customer_08135,33,Rajasthan,Salaried,Graduate,1472791,553
CUST08136,Customer_08136,57,Uttar Pradesh,Salaried,Under Graduate,2040635,713
CUST08137,Customer_08137,22,Gujarat,Salaried,Graduate,1993610,702
CUST08138,Customer_08138,31,Maharashtra,Salaried,Under Graduate,1717403,547
CUST08139,Customer_08139,44,Uttar Pradesh,Self-Employed,Graduate,591731,623
CUST08140,Customer_08140,26,Bihar,Salaried,Graduate,1843473,648
CUST08141,Customer_08141,46,West Bengal,Business,Graduate,1111988,722
CUST08142,Customer_08142,27,Bihar,Self-Employed,Graduate,577082,798
CUST08143,Customer_08143,59,Bihar,Self-Employed,Graduate,1884786,593
CUST08144,Customer_08144,39,Rajasthan,Business,Post Graduate,2454223,671
CUST08145,Customer_08145,26,Uttar Pradesh,Business,Graduate,2283702,819
CUST08146,Customer_08146,49,Uttar Pradesh,Professional,Post Graduate,599573,785
CUST08147,Customer_08147,59,Haryana,Salaried,Graduate,2437821,518
CUST08148,Customer_08148,22,West Bengal,Salaried,Graduate,794803,663
CUST08149,Customer_08149,39,Uttar Pradesh,Salaried,Post Graduate,995877,720
CUST08150,Customer_08150,24,Madhya Pradesh,Self-Employed,Graduate,2151422,745
CUST08151,Customer_08151,26,West Bengal,Salaried,Under Graduate,516274,774
CUST08152,Customer_08152,57,Uttar Pradesh,Self-Employed,Post Graduate,2242786,560
CUST08153,Customer_08153,48,Maharashtra,Salaried,Post Graduate,544105,706
CUST08154,Customer_08154,50,Karnataka,Self-Employed,Graduate,1467945,708
CUST08155,Customer_08155,27,Gujarat,Self-Employed,Graduate,2244567,775
CUST08156,Customer_08156,29,Uttar Pradesh,Salaried,Under Graduate,1191255,728
CUST08157,Customer_08157,45,Bihar,Self-Employed,Graduate,982177,726
CUST08158,Customer_08158,53,Uttar Pradesh,Business,Under Graduate,1068892,718
CUST08159,Customer_08159,21,Rajasthan,Business,Graduate,250621,690
CUST08160,Customer_08160,26,Delhi,Salaried,Graduate,1625485,779
CUST08161,Customer_08161,38,Madhya Pradesh,Business,Post Graduate,2139835,616
CUST08162,Customer_08162,30,Gujarat,Salaried,Under Graduate,1437617,783
CUST08163,Customer_08163,48,Bihar,Salaried,Graduate,2041133,676
CUST08164,Customer_08164,31,Uttar Pradesh,Salaried,Graduate,323542,649
CUST08165,Customer_08165,53,Uttar Pradesh,Professional,Post Graduate,1329671,675
CUST08166,Customer_08166,21,Haryana,Salaried,Graduate,1360643,676
CUST08167,Customer_08167,33,Gujarat,Salaried,Graduate,2148936,826
CUST08168,Customer_08168,57,Maharashtra,Professional,Graduate,1553843,598
CUST08169,Customer_08169,40,Bihar,Self-Employed,Graduate,1137345,592
CUST08170,Customer_08170,21,Haryana,Business,Post Graduate,2021187,610
CUST08171,Customer_08171,23,Madhya Pradesh,Salaried,Under Graduate,2435636,673
CUST08172,Customer_08172,38,Maharashtra,Salaried,Graduate,1882967,631
CUST08173,Customer_08173,34,Maharashtra,Professional,Graduate,1778504,510
CUST08174,Customer_08174,51,Maharashtra,Self-Employed,Graduate,1517726,638
CUST08175,Customer_08175,47,Haryana,Business,Graduate,1843144,602
CUST08176,Customer_08176,37,Madhya Pradesh,Professional,Graduate,2375626,764
CUST08177,Customer_08177,49,Gujarat,Self-Employed,Post Graduate,1609097,737
CUST08178,Customer_08178,56,Karnataka,Salaried,Graduate,391541,716
CUST08179,Customer_08179,57,West Bengal,Salaried,Post Graduate,691466,561
CUST08180,Customer_08180,46,Maharashtra,Salaried,Under Graduate,787525,796
CUST08181,Customer_08181,37,Maharashtra,Salaried,Under Graduate,2137521,628
CUST08182,Customer_08182,42,Rajasthan,Professional,Graduate,2140182,751
CUST08183,Customer_08183,45,Uttar Pradesh,Self-Employed,Graduate,644833,736
CUST08184,Customer_08184,22,Haryana,Professional,Graduate,708324,629
CUST08185,Customer_08185,42,Karnataka,Business,Under Graduate,2187697,715
CUST08186,Customer_08186,25,Gujarat,Professional,Under Graduate,1970059,697
CUST08187,Customer_08187,24,Maharashtra,Professional,Under Graduate,958171,770
CUST08188,Customer_08188,56,Uttar Pradesh,Business,Post Graduate,775158,640
CUST08189,Customer_08189,26,Bihar,Business,Graduate,2498068,702
CUST08190,Customer_08190,41,Haryana,Business,Under Graduate,212681,614
CUST08191,Customer_08191,33,Bihar,Business,Under Graduate,1630559,783
CUST08192,Customer_08192,57,Uttar Pradesh,Business,Under Graduate,971913,681
CUST08193,Customer_08193,45,Maharashtra,Business,Graduate,613638,620
CUST08194,Customer_08194,46,West Bengal,Salaried,Graduate,249184,736
CUST08195,Customer_08195,59,Gujarat,Salaried,Graduate,395733,770
CUST08196,Customer_08196,40,Karnataka,Salaried,Under Graduate,858896,655
CUST08197,Customer_08197,53,Delhi,Salaried,Under Graduate,1767622,846
CUST08198,Customer_08198,34,Madhya Pradesh,Self-Employed,Graduate,2348199,804
CUST08199,Customer_08199,56,Uttar Pradesh,Business,Post Graduate,1336930,693
CUST08200,Customer_08200,37,Bihar,Self-Employed,Graduate,994702,658
CUST08201,Customer_08201,41,Madhya Pradesh,Salaried,Graduate,1087339,592
CUST08202,Customer_08202,36,Karnataka,Business,Graduate,1050649,609
CUST08203,Customer_08203,36,Maharashtra,Professional,Graduate,2265104,549
CUST08204,Customer_08204,40,Uttar Pradesh,Business,Graduate,1924097,734
CUST08205,Customer_08205,49,Madhya Pradesh,Business,Graduate,1797368,684
CUST08206,Customer_08206,48,Uttar Pradesh,Salaried,Post Graduate,2106819,650
CUST08207,Customer_08207,28,Madhya Pradesh,Salaried,Graduate,1379366,476
CUST08208,Customer_08208,44,Maharashtra,Self-Employed,Under Graduate,2422900,730
CUST08209,Customer_08209,23,Maharashtra,Salaried,Post Graduate,541912,687
CUST08210,Customer_08210,45,Bihar,Salaried,Post Graduate,586053,691
CUST08211,Customer_08211,39,Madhya Pradesh,Professional,Under Graduate,1566532,690
CUST08212,Customer_08212,53,Madhya Pradesh,Business,Graduate,1527193,767
CUST08213,Customer_08213,22,Maharashtra,Salaried,Graduate,907808,568
CUST08214,Customer_08214,35,Karnataka,Salaried,Graduate,180435,850
CUST08215,Customer_08215,42,Uttar Pradesh,Salaried,Graduate,747588,591
CUST08216,Customer_08216,30,Uttar Pradesh,Salaried,Graduate,1836481,672
CUST08217,Customer_08217,38,Madhya Pradesh,Business,Post Graduate,1170162,486
CUST08218,Customer_08218,42,Uttar Pradesh,Salaried,Post Graduate,2027211,701
CUST08219,Customer_08219,47,Rajasthan,Business,Graduate,1041206,666
CUST08220,Customer_08220,33,West Bengal,Business,Graduate,2074749,688
CUST08221,Customer_08221,53,Gujarat,Self-Employed,Graduate,817776,717
CUST08222,Customer_08222,25,Madhya Pradesh,Business,Graduate,1614689,652
CUST08223,Customer_08223,46,Madhya Pradesh,Salaried,Post Graduate,719056,806
CUST08224,Customer_08224,33,Uttar Pradesh,Self-Employed,Graduate,1452914,651
CUST08225,Customer_08225,47,Rajasthan,Self-Employed,Under Graduate,1694971,730
CUST08226,Customer_08226,34,Bihar,Self-Employed,Post Graduate,1043666,624
CUST08227,Customer_08227,44,West Bengal,Salaried,Graduate,754080,766
CUST08228,Customer_08228,23,Maharashtra,Salaried,Graduate,1567652,612
CUST08229,Customer_08229,50,Rajasthan,Salaried,Graduate,487314,671
CUST08230,Customer_08230,55,West Bengal,Self-Employed,Under Graduate,686492,643
CUST08231,Customer_08231,34,Haryana,Business,Under Graduate,2175853,713
CUST08232,Customer_08232,32,West Bengal,Self-Employed,Graduate,1562743,624
CUST08233,Customer_08233,48,Madhya Pradesh,Business,Post Graduate,250311,638
CUST08234,Customer_08234,49,Bihar,Salaried,Graduate,2016993,677
CUST08235,Customer_08235,37,Haryana,Business,Graduate,1223038,657
CUST08236,Customer_08236,60,Maharashtra,Self-Employed,Graduate,1430000,692
CUST08237,Customer_08237,41,Uttar Pradesh,Salaried,Under Graduate,257759,630
CUST08238,Customer_08238,43,Gujarat,Self-Employed,Graduate,2361101,633
CUST08239,Customer_08239,40,Gujarat,Self-Employed,Graduate,1219504,687
CUST08240,Customer_08240,31,Karnataka,Salaried,Post Graduate,842565,794
CUST08241,Customer_08241,54,West Bengal,Business,Under Graduate,2171129,666
CUST08242,Customer_08242,30,Karnataka,Professional,Post Graduate,1025863,743
CUST08243,Customer_08243,30,Uttar Pradesh,Salaried,Graduate,919751,720
CUST08244,Customer_08244,26,Gujarat,Self-Employed,Under Graduate,916454,629
CUST08245,Customer_08245,56,Haryana,Salaried,Under Graduate,236183,744
CUST08246,Customer_08246,44,West Bengal,Professional,Post Graduate,939639,683
CUST08247,Customer_08247,32,Bihar,Salaried,Under Graduate,2284921,765
CUST08248,Customer_08248,43,Uttar Pradesh,Salaried,Post Graduate,324811,850
CUST08249,Customer_08249,47,Karnataka,Self-Employed,Graduate,1332899,693
CUST08250,Customer_08250,57,Maharashtra,Salaried,Graduate,595167,781
CUST08251,Customer_08251,26,Madhya Pradesh,Salaried,Post Graduate,1307044,768
CUST08252,Customer_08252,21,Bihar,Salaried,Under Graduate,409697,657
CUST08253,Customer_08253,26,Bihar,Salaried,Under Graduate,2014778,656
CUST08254,Customer_08254,42,Delhi,Salaried,Graduate,2319180,591
CUST08255,Customer_08255,44,Bihar,Business,Graduate,1346596,776
CUST08256,Customer_08256,45,Gujarat,Professional,Under Graduate,2197899,623
CUST08257,Customer_08257,35,Uttar Pradesh,Self-Employed,Post Graduate,1272216,646
CUST08258,Customer_08258,46,Bihar,Self-Employed,Graduate,696936,833
CUST08259,Customer_08259,28,Maharashtra,Self-Employed,Post Graduate,2182109,651
CUST08260,Customer_08260,44,Delhi,Salaried,Graduate,2356922,813
CUST08261,Customer_08261,58,Maharashtra,Salaried,Under Graduate,1159715,836
CUST08262,Customer_08262,26,Gujarat,Self-Employed,Under Graduate,2003703,624
CUST08263,Customer_08263,55,Gujarat,Salaried,Under Graduate,1468768,745
CUST08264,Customer_08264,21,Gujarat,Self-Employed,Graduate,1884271,726
CUST08265,Customer_08265,56,Madhya Pradesh,Self-Employed,Under Graduate,1836662,749
CUST08266,Customer_08266,32,Bihar,Self-Employed,Post Graduate,1649659,778
CUST08267,Customer_08267,58,Bihar,Business,Graduate,214620,554
CUST08268,Customer_08268,31,Madhya Pradesh,Business,Graduate,1722096,734
CUST08269,Customer_08269,32,Uttar Pradesh,Professional,Under Graduate,1236364,742
CUST08270,Customer_08270,59,Karnataka,Business,Post Graduate,1127079,654
CUST08271,Customer_08271,27,Haryana,Salaried,Graduate,526193,761
CUST08272,Customer_08272,31,Bihar,Business,Under Graduate,2296061,783
CUST08273,Customer_08273,56,Madhya Pradesh,Self-Employed,Graduate,1574986,654
CUST08274,Customer_08274,51,West Bengal,Self-Employed,Under Graduate,1506769,592
CUST08275,Customer_08275,53,Maharashtra,Self-Employed,Post Graduate,834033,829
CUST08276,Customer_08276,33,Delhi,Salaried,Post Graduate,680015,628
CUST08277,Customer_08277,38,Uttar Pradesh,Professional,Post Graduate,670258,590
CUST08278,Customer_08278,44,Rajasthan,Business,Graduate,920624,705
CUST08279,Customer_08279,29,Karnataka,Self-Employed,Under Graduate,1629371,520
CUST08280,Customer_08280,51,Madhya Pradesh,Salaried,Graduate,1367875,696
CUST08281,Customer_08281,30,Madhya Pradesh,Business,Post Graduate,1831109,753
CUST08282,Customer_08282,22,Karnataka,Salaried,Graduate,1379581,648
CUST08283,Customer_08283,58,Delhi,Salaried,Graduate,922901,730
CUST08284,Customer_08284,35,Gujarat,Self-Employed,Post Graduate,1075313,726
CUST08285,Customer_08285,23,Madhya Pradesh,Business,Under Graduate,760165,728
CUST08286,Customer_08286,51,Gujarat,Salaried,Graduate,1225107,660
CUST08287,Customer_08287,26,Haryana,Business,Graduate,573296,693
CUST08288,Customer_08288,23,West Bengal,Business,Post Graduate,1008894,704
CUST08289,Customer_08289,31,Haryana,Self-Employed,Post Graduate,1316001,696
CUST08290,Customer_08290,35,Gujarat,Salaried,Graduate,759618,678
CUST08291,Customer_08291,48,Uttar Pradesh,Salaried,Post Graduate,2301911,825
CUST08292,Customer_08292,30,Haryana,Salaried,Graduate,673562,714
CUST08293,Customer_08293,58,Delhi,Salaried,Graduate,1192551,721
CUST08294,Customer_08294,27,Delhi,Salaried,Graduate,643462,598
CUST08295,Customer_08295,35,Maharashtra,Salaried,Post Graduate,2386947,850
CUST08296,Customer_08296,38,Karnataka,Salaried,Graduate,404028,756
CUST08297,Customer_08297,38,Uttar Pradesh,Salaried,Graduate,1512703,715
CUST08298,Customer_08298,44,Maharashtra,Salaried,Post Graduate,1835460,819
CUST08299,Customer_08299,22,Gujarat,Salaried,Post Graduate,803716,602
CUST08300,Customer_08300,60,Gujarat,Business,Graduate,518162,608
CUST08301,Customer_08301,40,Maharashtra,Self-Employed,Graduate,640724,769
CUST08302,Customer_08302,54,Gujarat,Salaried,Post Graduate,1895076,784
CUST08303,Customer_08303,46,Bihar,Salaried,Under Graduate,1301879,551
CUST08304,Customer_08304,27,Uttar Pradesh,Business,Graduate,2052490,616
CUST08305,Customer_08305,58,Uttar Pradesh,Salaried,Graduate,2265697,576
CUST08306,Customer_08306,50,Karnataka,Professional,Post Graduate,566446,763
CUST08307,Customer_08307,25,Maharashtra,Business,Post Graduate,580359,697
CUST08308,Customer_08308,31,Uttar Pradesh,Salaried,Post Graduate,832900,724
CUST08309,Customer_08309,21,Gujarat,Self-Employed,Post Graduate,1883864,612
CUST08310,Customer_08310,54,Rajasthan,Self-Employed,Graduate,1068572,710
CUST08311,Customer_08311,21,Haryana,Salaried,Post Graduate,1175204,574
CUST08312,Customer_08312,39,Karnataka,Salaried,Graduate,1224552,752
CUST08313,Customer_08313,22,Haryana,Self-Employed,Graduate,1783882,825
CUST08314,Customer_08314,41,Maharashtra,Professional,Under Graduate,1490074,520
CUST08315,Customer_08315,40,Rajasthan,Salaried,Under Graduate,1351947,793
CUST08316,Customer_08316,43,Gujarat,Salaried,Post Graduate,2442967,683
CUST08317,Customer_08317,41,Bihar,Salaried,Graduate,2264337,717
CUST08318,Customer_08318,44,Uttar Pradesh,Self-Employed,Post Graduate,810501,661
CUST08319,Customer_08319,24,Rajasthan,Business,Post Graduate,1742545,610
CUST08320,Customer_08320,32,Uttar Pradesh,Salaried,Graduate,2089996,816
CUST08321,Customer_08321,42,West Bengal,Business,Post Graduate,230182,643
CUST08322,Customer_08322,40,Haryana,Salaried,Graduate,364575,806
CUST08323,Customer_08323,38,Maharashtra,Business,Graduate,582602,750
CUST08324,Customer_08324,21,Maharashtra,Salaried,Post Graduate,1211907,673
CUST08325,Customer_08325,50,West Bengal,Business,Under Graduate,388082,819
CUST08326,Customer_08326,53,Bihar,Business,Under Graduate,2393854,687
CUST08327,Customer_08327,44,Haryana,Business,Post Graduate,1285262,789
CUST08328,Customer_08328,34,Rajasthan,Salaried,Graduate,225284,784
CUST08329,Customer_08329,56,Karnataka,Self-Employed,Graduate,2383992,595
CUST08330,Customer_08330,25,Gujarat,Self-Employed,Graduate,841246,632
CUST08331,Customer_08331,31,Uttar Pradesh,Professional,Post Graduate,1826856,676
CUST08332,Customer_08332,44,Maharashtra,Salaried,Graduate,371991,677
CUST08333,Customer_08333,51,Madhya Pradesh,Business,Post Graduate,2306567,725
CUST08334,Customer_08334,33,Karnataka,Salaried,Under Graduate,329128,562
CUST08335,Customer_08335,36,Uttar Pradesh,Salaried,Graduate,265567,687
CUST08336,Customer_08336,44,Madhya Pradesh,Salaried,Graduate,2318540,732
CUST08337,Customer_08337,33,Maharashtra,Salaried,Graduate,756602,755
CUST08338,Customer_08338,44,Karnataka,Salaried,Graduate,1455112,647
CUST08339,Customer_08339,46,Delhi,Salaried,Graduate,1608318,614
CUST08340,Customer_08340,22,Bihar,Salaried,Post Graduate,778469,666
CUST08341,Customer_08341,36,Uttar Pradesh,Business,Post Graduate,2039932,731
CUST08342,Customer_08342,58,Uttar Pradesh,Self-Employed,Under Graduate,1276797,600
CUST08343,Customer_08343,21,Gujarat,Business,Graduate,2056389,669
CUST08344,Customer_08344,31,Bihar,Self-Employed,Post Graduate,2453965,656
CUST08345,Customer_08345,55,Maharashtra,Business,Post Graduate,2031973,575
CUST08346,Customer_08346,49,West Bengal,Self-Employed,Graduate,2443654,571
CUST08347,Customer_08347,57,Rajasthan,Salaried,Graduate,342879,802
CUST08348,Customer_08348,37,Delhi,Self-Employed,Post Graduate,1768830,751
CUST08349,Customer_08349,59,Uttar Pradesh,Self-Employed,Graduate,1757122,766
CUST08350,Customer_08350,48,Uttar Pradesh,Self-Employed,Under Graduate,1861726,665
CUST08351,Customer_08351,49,Bihar,Business,Graduate,1219020,701
CUST08352,Customer_08352,23,Gujarat,Business,Graduate,205605,733
CUST08353,Customer_08353,30,Rajasthan,Salaried,Graduate,1472121,808
CUST08354,Customer_08354,34,Karnataka,Business,Graduate,212868,719
CUST08355,Customer_08355,32,Rajasthan,Self-Employed,Graduate,1114303,640
CUST08356,Customer_08356,50,Maharashtra,Salaried,Graduate,2233059,740
CUST08357,Customer_08357,52,Karnataka,Self-Employed,Graduate,2352263,477
CUST08358,Customer_08358,52,Bihar,Business,Graduate,2323362,624
CUST08359,Customer_08359,52,Maharashtra,Self-Employed,Graduate,2161310,698
CUST08360,Customer_08360,46,Uttar Pradesh,Professional,Graduate,1484961,738
CUST08361,Customer_08361,21,Haryana,Salaried,Post Graduate,1196851,742
CUST08362,Customer_08362,22,Haryana,Business,Post Graduate,1325126,660
CUST08363,Customer_08363,37,Uttar Pradesh,Business,Graduate,1422556,680
CUST08364,Customer_08364,50,Bihar,Business,Graduate,577659,665
CUST08365,Customer_08365,59,Delhi,Salaried,Under Graduate,975912,742
CUST08366,Customer_08366,27,West Bengal,Salaried,Post Graduate,1282588,730
CUST08367,Customer_08367,47,Bihar,Self-Employed,Under Graduate,634699,683
CUST08368,Customer_08368,29,Karnataka,Salaried,Graduate,970602,642
CUST08369,Customer_08369,42,Bihar,Business,Graduate,937812,719
CUST08370,Customer_08370,54,Uttar Pradesh,Salaried,Post Graduate,1743933,697
CUST08371,Customer_08371,21,Uttar Pradesh,Self-Employed,Graduate,2272914,803
CUST08372,Customer_08372,29,Bihar,Salaried,Graduate,1785669,686
CUST08373,Customer_08373,40,Bihar,Self-Employed,Graduate,880197,674
CUST08374,Customer_08374,39,West Bengal,Business,Graduate,1927360,628
CUST08375,Customer_08375,56,Maharashtra,Salaried,Graduate,184806,805
CUST08376,Customer_08376,60,Bihar,Business,Post Graduate,2445835,696
CUST08377,Customer_08377,24,Uttar Pradesh,Salaried,Post Graduate,1209588,708
CUST08378,Customer_08378,29,Delhi,Self-Employed,Graduate,701270,818
CUST08379,Customer_08379,42,Karnataka,Self-Employed,Graduate,1714795,777
CUST08380,Customer_08380,38,Maharashtra,Salaried,Post Graduate,2244499,586
CUST08381,Customer_08381,32,Bihar,Salaried,Graduate,826740,780
CUST08382,Customer_08382,59,Uttar Pradesh,Business,Post Graduate,1802469,777
CUST08383,Customer_08383,29,Rajasthan,Salaried,Post Graduate,1215405,559
CUST08384,Customer_08384,26,Uttar Pradesh,Salaried,Graduate,536721,803
CUST08385,Customer_08385,39,Rajasthan,Business,Graduate,1933388,647
CUST08386,Customer_08386,27,Delhi,Salaried,Post Graduate,2283194,747
CUST08387,Customer_08387,36,Madhya Pradesh,Business,Graduate,1168106,651
CUST08388,Customer_08388,25,Maharashtra,Self-Employed,Graduate,304255,850
CUST08389,Customer_08389,36,Bihar,Salaried,Graduate,1458146,706
CUST08390,Customer_08390,21,Gujarat,Salaried,Under Graduate,430113,758
CUST08391,Customer_08391,57,Madhya Pradesh,Self-Employed,Under Graduate,2356449,702
CUST08392,Customer_08392,59,Uttar Pradesh,Salaried,Post Graduate,1111686,611
CUST08393,Customer_08393,39,Haryana,Salaried,Graduate,1898330,684
CUST08394,Customer_08394,57,Rajasthan,Business,Graduate,2028891,585
CUST08395,Customer_08395,37,Uttar Pradesh,Self-Employed,Graduate,460085,712
CUST08396,Customer_08396,46,Uttar Pradesh,Salaried,Graduate,1416329,674
CUST08397,Customer_08397,42,West Bengal,Self-Employed,Graduate,2378580,586
CUST08398,Customer_08398,28,Maharashtra,Self-Employed,Post Graduate,244048,656
CUST08399,Customer_08399,53,Karnataka,Self-Employed,Graduate,2054558,609
CUST08400,Customer_08400,22,Bihar,Self-Employed,Under Graduate,415674,656
CUST08401,Customer_08401,50,Bihar,Professional,Graduate,776970,679
CUST08402,Customer_08402,40,Gujarat,Salaried,Post Graduate,673330,744
CUST08403,Customer_08403,38,Uttar Pradesh,Salaried,Post Graduate,187914,624
CUST08404,Customer_08404,30,Bihar,Salaried,Graduate,395837,628
CUST08405,Customer_08405,44,Maharashtra,Salaried,Graduate,245129,716
CUST08406,Customer_08406,24,Karnataka,Salaried,Graduate,1736404,695
CUST08407,Customer_08407,57,Rajasthan,Salaried,Under Graduate,1842870,746
CUST08408,Customer_08408,24,Bihar,Self-Employed,Graduate,1993001,675
CUST08409,Customer_08409,33,Maharashtra,Salaried,Graduate,1330266,731
CUST08410,Customer_08410,45,Madhya Pradesh,Business,Under Graduate,2371989,472
CUST08411,Customer_08411,33,Uttar Pradesh,Salaried,Post Graduate,1878460,635
CUST08412,Customer_08412,38,Maharashtra,Professional,Graduate,302865,693
CUST08413,Customer_08413,44,Maharashtra,Self-Employed,Graduate,406725,682
CUST08414,Customer_08414,22,Madhya Pradesh,Business,Graduate,2251118,701
CUST08415,Customer_08415,53,Bihar,Business,Graduate,1557125,756
CUST08416,Customer_08416,39,Rajasthan,Business,Graduate,2393299,650
CUST08417,Customer_08417,29,Gujarat,Self-Employed,Graduate,2480544,713
CUST08418,Customer_08418,48,West Bengal,Salaried,Post Graduate,2374920,672
CUST08419,Customer_08419,55,Delhi,Self-Employed,Graduate,434622,725
CUST08420,Customer_08420,59,Bihar,Salaried,Graduate,2343373,727
CUST08421,Customer_08421,30,Delhi,Salaried,Under Graduate,938691,607
CUST08422,Customer_08422,21,West Bengal,Salaried,Graduate,2328278,716
CUST08423,Customer_08423,41,Rajasthan,Salaried,Graduate,1209027,734
CUST08424,Customer_08424,29,Bihar,Salaried,Post Graduate,236746,701
CUST08425,Customer_08425,35,Uttar Pradesh,Salaried,Under Graduate,2101066,718
CUST08426,Customer_08426,55,Karnataka,Salaried,Graduate,2262085,702
CUST08427,Customer_08427,25,Maharashtra,Salaried,Post Graduate,1856283,631
CUST08428,Customer_08428,42,Uttar Pradesh,Salaried,Post Graduate,1907729,655
CUST08429,Customer_08429,43,Madhya Pradesh,Business,Post Graduate,2294102,703
CUST08430,Customer_08430,27,Haryana,Salaried,Post Graduate,732781,684
CUST08431,Customer_08431,43,Bihar,Professional,Post Graduate,648409,641
CUST08432,Customer_08432,45,Haryana,Salaried,Under Graduate,520074,638
CUST08433,Customer_08433,47,Haryana,Business,Under Graduate,2270167,685
CUST08434,Customer_08434,26,Rajasthan,Salaried,Graduate,240914,586
CUST08435,Customer_08435,54,Madhya Pradesh,Professional,Under Graduate,2439263,653
CUST08436,Customer_08436,29,Madhya Pradesh,Salaried,Graduate,1757212,783
CUST08437,Customer_08437,53,West Bengal,Business,Post Graduate,1383591,710
CUST08438,Customer_08438,26,Delhi,Salaried,Under Graduate,797540,656
CUST08439,Customer_08439,57,Karnataka,Self-Employed,Graduate,1961177,656
CUST08440,Customer_08440,51,Maharashtra,Salaried,Graduate,1603836,850
CUST08441,Customer_08441,54,Maharashtra,Self-Employed,Under Graduate,2278552,687
CUST08442,Customer_08442,49,Uttar Pradesh,Self-Employed,Graduate,1595731,730
CUST08443,Customer_08443,34,Rajasthan,Professional,Graduate,1062195,636
CUST08444,Customer_08444,56,Karnataka,Self-Employed,Post Graduate,2228740,727
CUST08445,Customer_08445,56,Bihar,Salaried,Graduate,432090,587
CUST08446,Customer_08446,35,Uttar Pradesh,Salaried,Under Graduate,2269659,660
CUST08447,Customer_08447,28,Uttar Pradesh,Self-Employed,Graduate,1114590,668
CUST08448,Customer_08448,46,Rajasthan,Salaried,Under Graduate,1234831,528
CUST08449,Customer_08449,56,Uttar Pradesh,Business,Under Graduate,1527876,725
CUST08450,Customer_08450,41,Bihar,Salaried,Post Graduate,1794779,652
CUST08451,Customer_08451,48,Haryana,Self-Employed,Post Graduate,1845384,752
CUST08452,Customer_08452,24,Bihar,Self-Employed,Graduate,1694455,671
CUST08453,Customer_08453,36,Madhya Pradesh,Salaried,Graduate,738876,617
CUST08454,Customer_08454,42,Rajasthan,Self-Employed,Graduate,204290,730
CUST08455,Customer_08455,32,Delhi,Salaried,Under Graduate,1937832,680
CUST08456,Customer_08456,36,Uttar Pradesh,Salaried,Post Graduate,735987,693
CUST08457,Customer_08457,60,Karnataka,Professional,Under Graduate,2391267,729
CUST08458,Customer_08458,58,Gujarat,Salaried,Graduate,437194,706
CUST08459,Customer_08459,57,Maharashtra,Business,Graduate,2294915,642
CUST08460,Customer_08460,49,Uttar Pradesh,Self-Employed,Graduate,1024054,562
CUST08461,Customer_08461,38,Uttar Pradesh,Self-Employed,Graduate,1318534,619
CUST08462,Customer_08462,30,Haryana,Salaried,Under Graduate,1778471,676
CUST08463,Customer_08463,59,Madhya Pradesh,Self-Employed,Post Graduate,733545,688
CUST08464,Customer_08464,38,Bihar,Salaried,Post Graduate,1442911,798
CUST08465,Customer_08465,21,Bihar,Self-Employed,Post Graduate,857014,846
CUST08466,Customer_08466,59,Karnataka,Professional,Graduate,1632639,681
CUST08467,Customer_08467,41,Karnataka,Salaried,Graduate,1448151,723
CUST08468,Customer_08468,21,Madhya Pradesh,Business,Graduate,835951,655
CUST08469,Customer_08469,35,Rajasthan,Salaried,Graduate,1252998,639
CUST08470,Customer_08470,24,Haryana,Salaried,Graduate,2276912,674
CUST08471,Customer_08471,40,Delhi,Salaried,Graduate,1838738,645
CUST08472,Customer_08472,30,Bihar,Salaried,Under Graduate,532267,633
CUST08473,Customer_08473,43,Uttar Pradesh,Salaried,Post Graduate,2324200,649
CUST08474,Customer_08474,54,Delhi,Salaried,Graduate,1589145,639
CUST08475,Customer_08475,53,Uttar Pradesh,Self-Employed,Graduate,2391655,691
CUST08476,Customer_08476,54,Uttar Pradesh,Salaried,Graduate,1780084,701
CUST08477,Customer_08477,59,Haryana,Salaried,Post Graduate,372489,604
CUST08478,Customer_08478,30,Madhya Pradesh,Salaried,Graduate,1990335,716
CUST08479,Customer_08479,40,Karnataka,Business,Under Graduate,279181,684
CUST08480,Customer_08480,21,Rajasthan,Salaried,Graduate,2114097,675
CUST08481,Customer_08481,33,Karnataka,Professional,Under Graduate,263996,715
CUST08482,Customer_08482,21,Bihar,Salaried,Post Graduate,2004295,803
CUST08483,Customer_08483,25,Delhi,Salaried,Graduate,1359748,679
CUST08484,Customer_08484,36,Maharashtra,Salaried,Under Graduate,319639,620
CUST08485,Customer_08485,35,Uttar Pradesh,Salaried,Graduate,1294003,729
CUST08486,Customer_08486,48,Bihar,Business,Graduate,2168424,731
CUST08487,Customer_08487,51,Delhi,Self-Employed,Graduate,2206952,710
CUST08488,Customer_08488,43,Uttar Pradesh,Salaried,Under Graduate,496112,688
CUST08489,Customer_08489,37,Rajasthan,Salaried,Graduate,1570167,608
CUST08490,Customer_08490,54,Maharashtra,Salaried,Graduate,2197255,604
CUST08491,Customer_08491,33,Uttar Pradesh,Professional,Graduate,2462197,661
CUST08492,Customer_08492,34,Madhya Pradesh,Business,Post Graduate,548524,613
CUST08493,Customer_08493,31,West Bengal,Salaried,Graduate,1817505,751
CUST08494,Customer_08494,48,Maharashtra,Self-Employed,Graduate,1853517,572
CUST08495,Customer_08495,52,Madhya Pradesh,Business,Graduate,2174054,685
CUST08496,Customer_08496,55,West Bengal,Self-Employed,Graduate,1966239,679
CUST08497,Customer_08497,51,Gujarat,Business,Post Graduate,996878,732
CUST08498,Customer_08498,37,Gujarat,Self-Employed,Graduate,444729,744
CUST08499,Customer_08499,29,Uttar Pradesh,Salaried,Under Graduate,393694,632
CUST08500,Customer_08500,30,Rajasthan,Business,Post Graduate,614196,787
CUST08501,Customer_08501,28,Bihar,Self-Employed,Graduate,1343855,611
CUST08502,Customer_08502,41,Rajasthan,Self-Employed,Graduate,230612,755
CUST08503,Customer_08503,33,Haryana,Salaried,Under Graduate,2149206,735
CUST08504,Customer_08504,25,Rajasthan,Self-Employed,Graduate,1388616,554
CUST08505,Customer_08505,26,Uttar Pradesh,Salaried,Graduate,219680,610
CUST08506,Customer_08506,50,Karnataka,Salaried,Post Graduate,1523326,758
CUST08507,Customer_08507,51,Madhya Pradesh,Self-Employed,Graduate,1972703,702
CUST08508,Customer_08508,37,Karnataka,Self-Employed,Post Graduate,989860,695
CUST08509,Customer_08509,31,Madhya Pradesh,Self-Employed,Post Graduate,2184196,496
CUST08510,Customer_08510,40,Uttar Pradesh,Professional,Graduate,1481502,677
CUST08511,Customer_08511,29,Madhya Pradesh,Business,Graduate,2310201,640
CUST08512,Customer_08512,22,Madhya Pradesh,Self-Employed,Under Graduate,1044512,597
CUST08513,Customer_08513,57,Maharashtra,Self-Employed,Graduate,931829,741
CUST08514,Customer_08514,21,Rajasthan,Salaried,Graduate,1885765,693
CUST08515,Customer_08515,24,Rajasthan,Business,Post Graduate,317348,626
CUST08516,Customer_08516,56,Gujarat,Salaried,Graduate,2276958,633
CUST08517,Customer_08517,45,Maharashtra,Business,Under Graduate,482675,698
CUST08518,Customer_08518,23,Madhya Pradesh,Salaried,Graduate,1879211,725
CUST08519,Customer_08519,29,Maharashtra,Salaried,Graduate,2488997,746
CUST08520,Customer_08520,42,Rajasthan,Salaried,Graduate,1375932,730
CUST08521,Customer_08521,43,Uttar Pradesh,Self-Employed,Under Graduate,1329687,688
CUST08522,Customer_08522,32,Uttar Pradesh,Salaried,Under Graduate,2157276,627
CUST08523,Customer_08523,30,Bihar,Salaried,Graduate,1148226,716
CUST08524,Customer_08524,54,Maharashtra,Self-Employed,Graduate,382364,616
CUST08525,Customer_08525,30,Bihar,Salaried,Graduate,1628499,698
CUST08526,Customer_08526,50,West Bengal,Salaried,Graduate,1714240,678
CUST08527,Customer_08527,42,Rajasthan,Salaried,Graduate,927928,750
CUST08528,Customer_08528,26,Madhya Pradesh,Business,Post Graduate,530940,744
CUST08529,Customer_08529,22,West Bengal,Self-Employed,Under Graduate,724247,734
CUST08530,Customer_08530,50,Karnataka,Business,Post Graduate,2033966,726
CUST08531,Customer_08531,22,Karnataka,Salaried,Graduate,1428948,683
CUST08532,Customer_08532,52,Uttar Pradesh,Salaried,Under Graduate,1402855,806
CUST08533,Customer_08533,36,Gujarat,Salaried,Under Graduate,1736396,734
CUST08534,Customer_08534,32,Haryana,Professional,Graduate,1803114,801
CUST08535,Customer_08535,21,Haryana,Self-Employed,Under Graduate,2422495,769
CUST08536,Customer_08536,28,Madhya Pradesh,Self-Employed,Graduate,1042963,659
CUST08537,Customer_08537,33,Uttar Pradesh,Professional,Graduate,914228,648
CUST08538,Customer_08538,35,West Bengal,Salaried,Graduate,2473957,727
CUST08539,Customer_08539,28,Rajasthan,Salaried,Graduate,963512,601
CUST08540,Customer_08540,30,Bihar,Self-Employed,Graduate,304971,664
CUST08541,Customer_08541,25,Bihar,Business,Under Graduate,711386,639
CUST08542,Customer_08542,39,Bihar,Self-Employed,Post Graduate,333585,688
CUST08543,Customer_08543,58,Maharashtra,Business,Post Graduate,2385216,531
CUST08544,Customer_08544,31,Bihar,Self-Employed,Graduate,1237638,850
CUST08545,Customer_08545,40,West Bengal,Business,Graduate,1214655,743
CUST08546,Customer_08546,40,Bihar,Self-Employed,Graduate,1699553,768
CUST08547,Customer_08547,41,Rajasthan,Salaried,Graduate,1059000,702
CUST08548,Customer_08548,38,Haryana,Self-Employed,Post Graduate,798791,780
CUST08549,Customer_08549,30,Rajasthan,Business,Post Graduate,1546969,732
CUST08550,Customer_08550,54,Bihar,Self-Employed,Graduate,1181312,752
CUST08551,Customer_08551,46,Rajasthan,Salaried,Under Graduate,866706,727
CUST08552,Customer_08552,50,Uttar Pradesh,Salaried,Graduate,1591274,792
CUST08553,Customer_08553,29,Uttar Pradesh,Salaried,Graduate,1266015,638
CUST08554,Customer_08554,51,Gujarat,Professional,Under Graduate,2413234,807
CUST08555,Customer_08555,24,Karnataka,Salaried,Under Graduate,2212463,678
CUST08556,Customer_08556,26,Delhi,Self-Employed,Graduate,1344655,630
CUST08557,Customer_08557,34,Uttar Pradesh,Self-Employed,Graduate,810185,723
CUST08558,Customer_08558,24,Bihar,Business,Graduate,1358833,607
CUST08559,Customer_08559,46,Uttar Pradesh,Business,Graduate,2495861,654
CUST08560,Customer_08560,59,Rajasthan,Professional,Post Graduate,1134729,669
CUST08561,Customer_08561,37,Maharashtra,Self-Employed,Graduate,1500349,674
CUST08562,Customer_08562,39,Karnataka,Business,Post Graduate,762033,763
CUST08563,Customer_08563,26,Uttar Pradesh,Salaried,Graduate,665548,752
CUST08564,Customer_08564,49,Uttar Pradesh,Salaried,Under Graduate,2392717,667
CUST08565,Customer_08565,31,Rajasthan,Business,Post Graduate,693613,723
CUST08566,Customer_08566,36,Uttar Pradesh,Salaried,Post Graduate,2339937,848
CUST08567,Customer_08567,50,Delhi,Business,Post Graduate,991914,600
CUST08568,Customer_08568,45,Karnataka,Salaried,Under Graduate,1797346,615
CUST08569,Customer_08569,60,Uttar Pradesh,Salaried,Under Graduate,2397836,694
CUST08570,Customer_08570,31,Bihar,Salaried,Post Graduate,1538631,850
CUST08571,Customer_08571,27,West Bengal,Self-Employed,Post Graduate,1826799,628
CUST08572,Customer_08572,46,Delhi,Salaried,Post Graduate,1041525,646
CUST08573,Customer_08573,42,West Bengal,Salaried,Graduate,1291072,732
CUST08574,Customer_08574,45,Uttar Pradesh,Business,Graduate,304289,761
CUST08575,Customer_08575,39,Maharashtra,Professional,Graduate,487361,691
CUST08576,Customer_08576,51,Uttar Pradesh,Salaried,Post Graduate,976687,707
CUST08577,Customer_08577,46,Maharashtra,Self-Employed,Graduate,891693,689
CUST08578,Customer_08578,56,Delhi,Self-Employed,Graduate,829958,704
CUST08579,Customer_08579,43,Uttar Pradesh,Salaried,Graduate,1318564,581
CUST08580,Customer_08580,33,Rajasthan,Self-Employed,Graduate,231754,703
CUST08581,Customer_08581,45,Maharashtra,Self-Employed,Under Graduate,2291167,693
CUST08582,Customer_08582,22,Haryana,Self-Employed,Graduate,635868,717
CUST08583,Customer_08583,22,Uttar Pradesh,Business,Post Graduate,1033755,649
CUST08584,Customer_08584,36,Maharashtra,Self-Employed,Post Graduate,570092,728
CUST08585,Customer_08585,29,Madhya Pradesh,Salaried,Graduate,493108,751
CUST08586,Customer_08586,48,Uttar Pradesh,Self-Employed,Post Graduate,920226,850
CUST08587,Customer_08587,33,Rajasthan,Self-Employed,Graduate,1978156,655
CUST08588,Customer_08588,55,Rajasthan,Self-Employed,Graduate,2205748,617
CUST08589,Customer_08589,33,Karnataka,Self-Employed,Graduate,1441472,703
CUST08590,Customer_08590,51,Gujarat,Self-Employed,Under Graduate,963611,729
CUST08591,Customer_08591,41,Gujarat,Salaried,Under Graduate,279219,699
CUST08592,Customer_08592,52,West Bengal,Salaried,Under Graduate,795292,700
CUST08593,Customer_08593,54,West Bengal,Self-Employed,Under Graduate,727043,648
CUST08594,Customer_08594,28,Gujarat,Business,Graduate,307192,573
CUST08595,Customer_08595,22,Rajasthan,Salaried,Graduate,256524,783
CUST08596,Customer_08596,58,Madhya Pradesh,Salaried,Under Graduate,208965,811
CUST08597,Customer_08597,52,Bihar,Business,Post Graduate,461343,635
CUST08598,Customer_08598,60,West Bengal,Salaried,Graduate,1245709,644
CUST08599,Customer_08599,48,Gujarat,Salaried,Post Graduate,629948,571
CUST08600,Customer_08600,57,Maharashtra,Self-Employed,Graduate,1731456,660
CUST08601,Customer_08601,21,Uttar Pradesh,Salaried,Post Graduate,1511903,716
CUST08602,Customer_08602,30,Uttar Pradesh,Salaried,Graduate,285759,642
CUST08603,Customer_08603,24,Maharashtra,Salaried,Post Graduate,745516,746
CUST08604,Customer_08604,55,Maharashtra,Business,Post Graduate,669680,620
CUST08605,Customer_08605,30,Bihar,Salaried,Under Graduate,903924,737
CUST08606,Customer_08606,31,Maharashtra,Self-Employed,Graduate,1750328,713
CUST08607,Customer_08607,34,Gujarat,Self-Employed,Post Graduate,956496,664
CUST08608,Customer_08608,58,Maharashtra,Self-Employed,Post Graduate,1712915,671
CUST08609,Customer_08609,32,Maharashtra,Salaried,Post Graduate,2385783,743
CUST08610,Customer_08610,37,Rajasthan,Business,Graduate,2229248,850
CUST08611,Customer_08611,36,Karnataka,Salaried,Under Graduate,928443,681
CUST08612,Customer_08612,55,Rajasthan,Salaried,Graduate,1942002,765
CUST08613,Customer_08613,22,Bihar,Salaried,Graduate,2234154,812
CUST08614,Customer_08614,31,Madhya Pradesh,Salaried,Post Graduate,1722208,641
CUST08615,Customer_08615,23,Maharashtra,Business,Graduate,496292,624
CUST08616,Customer_08616,49,Bihar,Self-Employed,Graduate,819567,691
CUST08617,Customer_08617,38,Maharashtra,Salaried,Graduate,2454771,703
CUST08618,Customer_08618,40,Madhya Pradesh,Professional,Graduate,604851,728
CUST08619,Customer_08619,34,Gujarat,Salaried,Graduate,507259,630
CUST08620,Customer_08620,54,Gujarat,Self-Employed,Graduate,602532,746
CUST08621,Customer_08621,51,Maharashtra,Business,Post Graduate,365757,606
CUST08622,Customer_08622,60,Delhi,Business,Graduate,1658230,689
CUST08623,Customer_08623,38,Maharashtra,Salaried,Graduate,1902229,714
CUST08624,Customer_08624,50,Uttar Pradesh,Self-Employed,Under Graduate,1896224,587
CUST08625,Customer_08625,45,Bihar,Salaried,Graduate,2012858,722
CUST08626,Customer_08626,39,Madhya Pradesh,Salaried,Post Graduate,383382,673
CUST08627,Customer_08627,28,Uttar Pradesh,Self-Employed,Graduate,307265,656
CUST08628,Customer_08628,48,Gujarat,Business,Post Graduate,2191935,713
CUST08629,Customer_08629,28,Karnataka,Salaried,Post Graduate,2302981,580
CUST08630,Customer_08630,51,Maharashtra,Salaried,Graduate,1197261,720
CUST08631,Customer_08631,23,Rajasthan,Salaried,Post Graduate,1021170,600
CUST08632,Customer_08632,23,Maharashtra,Salaried,Post Graduate,451125,717
CUST08633,Customer_08633,42,Bihar,Salaried,Graduate,1077377,698
CUST08634,Customer_08634,37,Uttar Pradesh,Professional,Post Graduate,341452,803
CUST08635,Customer_08635,56,West Bengal,Salaried,Graduate,1788212,803
CUST08636,Customer_08636,37,Bihar,Salaried,Post Graduate,1646341,748
CUST08637,Customer_08637,34,Haryana,Self-Employed,Post Graduate,999604,685
CUST08638,Customer_08638,29,Uttar Pradesh,Business,Graduate,535003,689
CUST08639,Customer_08639,50,Haryana,Business,Post Graduate,1498864,604
CUST08640,Customer_08640,41,Karnataka,Business,Under Graduate,1296448,555
CUST08641,Customer_08641,32,Delhi,Salaried,Graduate,351686,771
CUST08642,Customer_08642,57,Karnataka,Business,Under Graduate,194013,658
CUST08643,Customer_08643,52,Uttar Pradesh,Self-Employed,Graduate,603353,624
CUST08644,Customer_08644,31,Rajasthan,Self-Employed,Under Graduate,1191189,557
CUST08645,Customer_08645,40,Gujarat,Professional,Graduate,1172849,700
CUST08646,Customer_08646,55,Madhya Pradesh,Business,Graduate,888106,670
CUST08647,Customer_08647,31,Karnataka,Business,Graduate,948981,639
CUST08648,Customer_08648,28,Maharashtra,Salaried,Under Graduate,1438744,635
CUST08649,Customer_08649,24,Uttar Pradesh,Self-Employed,Graduate,2106815,710
CUST08650,Customer_08650,47,Maharashtra,Professional,Post Graduate,470410,694
CUST08651,Customer_08651,60,Karnataka,Self-Employed,Under Graduate,1130192,561
CUST08652,Customer_08652,58,West Bengal,Salaried,Graduate,1360363,623
CUST08653,Customer_08653,50,Madhya Pradesh,Business,Graduate,925419,754
CUST08654,Customer_08654,47,Rajasthan,Salaried,Post Graduate,1084549,633
CUST08655,Customer_08655,41,Madhya Pradesh,Business,Graduate,1266612,758
CUST08656,Customer_08656,40,Madhya Pradesh,Business,Graduate,1351930,690
CUST08657,Customer_08657,24,Uttar Pradesh,Salaried,Post Graduate,1121948,653
CUST08658,Customer_08658,31,Gujarat,Salaried,Graduate,402835,659
CUST08659,Customer_08659,33,Rajasthan,Salaried,Graduate,571609,733
CUST08660,Customer_08660,29,Rajasthan,Business,Graduate,2169860,619
CUST08661,Customer_08661,24,Uttar Pradesh,Self-Employed,Graduate,550757,589
CUST08662,Customer_08662,32,Delhi,Self-Employed,Graduate,553438,635
CUST08663,Customer_08663,29,Haryana,Self-Employed,Graduate,1961424,595
CUST08664,Customer_08664,33,Madhya Pradesh,Salaried,Graduate,288583,609
CUST08665,Customer_08665,46,Delhi,Salaried,Post Graduate,2165365,608
CUST08666,Customer_08666,58,Rajasthan,Business,Under Graduate,658728,700
CUST08667,Customer_08667,33,Madhya Pradesh,Professional,Post Graduate,700468,542
CUST08668,Customer_08668,59,Bihar,Salaried,Post Graduate,701503,697
CUST08669,Customer_08669,48,Haryana,Salaried,Graduate,1646550,680
CUST08670,Customer_08670,39,Rajasthan,Salaried,Post Graduate,1389258,743
CUST08671,Customer_08671,44,Gujarat,Self-Employed,Under Graduate,2319734,712
CUST08672,Customer_08672,39,Gujarat,Salaried,Under Graduate,1589107,710
CUST08673,Customer_08673,33,Gujarat,Professional,Post Graduate,2079916,614
CUST08674,Customer_08674,33,Haryana,Salaried,Graduate,2359157,658
CUST08675,Customer_08675,48,Rajasthan,Salaried,Post Graduate,1727560,575
CUST08676,Customer_08676,22,Haryana,Salaried,Graduate,1344574,777
CUST08677,Customer_08677,30,Rajasthan,Business,Under Graduate,2286284,790
CUST08678,Customer_08678,42,West Bengal,Salaried,Graduate,2425644,723
CUST08679,Customer_08679,33,Delhi,Self-Employed,Graduate,1789112,598
CUST08680,Customer_08680,29,Uttar Pradesh,Salaried,Graduate,2331124,737
CUST08681,Customer_08681,53,Haryana,Self-Employed,Graduate,677269,654
CUST08682,Customer_08682,34,Madhya Pradesh,Salaried,Graduate,437855,564
CUST08683,Customer_08683,40,West Bengal,Self-Employed,Graduate,1523675,661
CUST08684,Customer_08684,35,Delhi,Salaried,Graduate,2496521,766
CUST08685,Customer_08685,52,Uttar Pradesh,Professional,Graduate,243348,673
CUST08686,Customer_08686,53,Bihar,Business,Under Graduate,496126,697
CUST08687,Customer_08687,37,Rajasthan,Salaried,Graduate,1726697,599
CUST08688,Customer_08688,44,Haryana,Professional,Graduate,686000,671
CUST08689,Customer_08689,50,Delhi,Salaried,Graduate,676132,669
CUST08690,Customer_08690,33,Bihar,Business,Graduate,834476,612
CUST08691,Customer_08691,36,Gujarat,Salaried,Under Graduate,1591604,703
CUST08692,Customer_08692,22,Madhya Pradesh,Salaried,Graduate,626068,669
CUST08693,Customer_08693,37,Uttar Pradesh,Salaried,Graduate,1772187,730
CUST08694,Customer_08694,52,Maharashtra,Self-Employed,Graduate,1426322,650
CUST08695,Customer_08695,28,Bihar,Salaried,Graduate,449355,700
CUST08696,Customer_08696,23,Maharashtra,Self-Employed,Post Graduate,400632,634
CUST08697,Customer_08697,32,Uttar Pradesh,Salaried,Graduate,2002004,569
CUST08698,Customer_08698,40,Uttar Pradesh,Business,Post Graduate,1344407,769
CUST08699,Customer_08699,36,Karnataka,Self-Employed,Post Graduate,2098776,653
CUST08700,Customer_08700,34,Maharashtra,Business,Post Graduate,950689,620
CUST08701,Customer_08701,36,Maharashtra,Business,Graduate,2343293,728
CUST08702,Customer_08702,53,Maharashtra,Salaried,Post Graduate,1899360,690
CUST08703,Customer_08703,50,Rajasthan,Salaried,Graduate,737954,590
CUST08704,Customer_08704,32,Rajasthan,Salaried,Graduate,733146,673
CUST08705,Customer_08705,35,Maharashtra,Professional,Graduate,731928,564
CUST08706,Customer_08706,38,Madhya Pradesh,Self-Employed,Graduate,428510,639
CUST08707,Customer_08707,48,Delhi,Business,Post Graduate,1119268,790
CUST08708,Customer_08708,43,Bihar,Business,Post Graduate,2062945,609
CUST08709,Customer_08709,34,Madhya Pradesh,Professional,Graduate,498353,635
CUST08710,Customer_08710,50,Rajasthan,Self-Employed,Graduate,1635253,704
CUST08711,Customer_08711,53,Maharashtra,Self-Employed,Under Graduate,1889499,609
CUST08712,Customer_08712,35,Delhi,Business,Graduate,1216918,635
CUST08713,Customer_08713,27,Haryana,Business,Graduate,2232265,767
CUST08714,Customer_08714,35,Gujarat,Self-Employed,Graduate,2092365,620
CUST08715,Customer_08715,58,Bihar,Self-Employed,Post Graduate,2145572,670
CUST08716,Customer_08716,31,Karnataka,Self-Employed,Graduate,319414,636
CUST08717,Customer_08717,49,Rajasthan,Salaried,Graduate,1374301,651
CUST08718,Customer_08718,51,Maharashtra,Business,Post Graduate,375724,700
CUST08719,Customer_08719,45,Bihar,Self-Employed,Graduate,2213435,690
CUST08720,Customer_08720,44,Gujarat,Salaried,Post Graduate,1611557,644
CUST08721,Customer_08721,39,Haryana,Salaried,Under Graduate,1728476,681
CUST08722,Customer_08722,22,Bihar,Business,Graduate,2272716,759
CUST08723,Customer_08723,42,Maharashtra,Self-Employed,Under Graduate,1631170,682
CUST08724,Customer_08724,40,Gujarat,Salaried,Under Graduate,2304292,689
CUST08725,Customer_08725,53,Karnataka,Salaried,Graduate,1022817,635
CUST08726,Customer_08726,28,Maharashtra,Self-Employed,Under Graduate,2273770,728
CUST08727,Customer_08727,45,Haryana,Salaried,Post Graduate,1586144,614
CUST08728,Customer_08728,29,Rajasthan,Self-Employed,Under Graduate,2124129,789
CUST08729,Customer_08729,54,Haryana,Self-Employed,Post Graduate,1225067,681
CUST08730,Customer_08730,43,Rajasthan,Self-Employed,Graduate,2245156,667
CUST08731,Customer_08731,25,Bihar,Professional,Post Graduate,2368428,778
CUST08732,Customer_08732,45,Gujarat,Salaried,Graduate,450984,743
CUST08733,Customer_08733,28,Karnataka,Salaried,Graduate,1189839,795
CUST08734,Customer_08734,36,Bihar,Salaried,Post Graduate,1164027,757
CUST08735,Customer_08735,35,Rajasthan,Salaried,Under Graduate,1836974,645
CUST08736,Customer_08736,21,Maharashtra,Salaried,Post Graduate,1487272,652
CUST08737,Customer_08737,42,Maharashtra,Business,Post Graduate,2098713,707
CUST08738,Customer_08738,23,Delhi,Salaried,Graduate,2286871,665
CUST08739,Customer_08739,58,Maharashtra,Professional,Post Graduate,312973,762
CUST08740,Customer_08740,34,Haryana,Salaried,Post Graduate,1902723,619
CUST08741,Customer_08741,56,Bihar,Self-Employed,Graduate,1066586,680
CUST08742,Customer_08742,38,West Bengal,Professional,Graduate,1823555,662
CUST08743,Customer_08743,38,Maharashtra,Salaried,Post Graduate,1627809,660
CUST08744,Customer_08744,23,Uttar Pradesh,Salaried,Graduate,270636,688
CUST08745,Customer_08745,30,Uttar Pradesh,Business,Graduate,192202,659
CUST08746,Customer_08746,59,Haryana,Self-Employed,Under Graduate,968453,660
CUST08747,Customer_08747,21,Rajasthan,Self-Employed,Under Graduate,1217754,607
CUST08748,Customer_08748,47,Uttar Pradesh,Salaried,Post Graduate,418906,686
CUST08749,Customer_08749,47,Karnataka,Business,Post Graduate,1895315,636
CUST08750,Customer_08750,31,Karnataka,Self-Employed,Graduate,1074258,634
CUST08751,Customer_08751,25,Haryana,Salaried,Graduate,573986,681
CUST08752,Customer_08752,27,Maharashtra,Professional,Under Graduate,1447354,709
CUST08753,Customer_08753,39,Bihar,Self-Employed,Post Graduate,714221,819
CUST08754,Customer_08754,49,Delhi,Self-Employed,Post Graduate,760385,641
CUST08755,Customer_08755,35,Rajasthan,Business,Graduate,1472847,744
CUST08756,Customer_08756,55,Uttar Pradesh,Self-Employed,Under Graduate,1929008,669
CUST08757,Customer_08757,57,Maharashtra,Salaried,Graduate,2368622,801
CUST08758,Customer_08758,32,West Bengal,Self-Employed,Graduate,387933,837
CUST08759,Customer_08759,50,Uttar Pradesh,Business,Graduate,1710492,617
CUST08760,Customer_08760,40,Delhi,Self-Employed,Post Graduate,1108492,700
CUST08761,Customer_08761,57,Rajasthan,Professional,Post Graduate,1976028,716
CUST08762,Customer_08762,23,Delhi,Salaried,Graduate,1479782,794
CUST08763,Customer_08763,29,Gujarat,Salaried,Graduate,1487775,620
CUST08764,Customer_08764,59,Rajasthan,Self-Employed,Under Graduate,1764627,766
CUST08765,Customer_08765,46,Bihar,Self-Employed,Under Graduate,479266,693
CUST08766,Customer_08766,22,Delhi,Salaried,Graduate,1092072,552
CUST08767,Customer_08767,43,Bihar,Business,Under Graduate,1704546,684
CUST08768,Customer_08768,43,Haryana,Salaried,Under Graduate,2482818,741
CUST08769,Customer_08769,41,Gujarat,Salaried,Graduate,409351,792
CUST08770,Customer_08770,36,Madhya Pradesh,Professional,Graduate,1255609,702
CUST08771,Customer_08771,29,Bihar,Salaried,Under Graduate,2390188,685
CUST08772,Customer_08772,33,Maharashtra,Professional,Graduate,1711598,555
CUST08773,Customer_08773,48,Delhi,Salaried,Graduate,1329666,715
CUST08774,Customer_08774,47,Uttar Pradesh,Salaried,Post Graduate,1948393,642
CUST08775,Customer_08775,37,West Bengal,Business,Post Graduate,1333825,668
CUST08776,Customer_08776,58,West Bengal,Business,Post Graduate,182759,756
CUST08777,Customer_08777,56,Uttar Pradesh,Self-Employed,Post Graduate,502837,730
CUST08778,Customer_08778,21,Uttar Pradesh,Salaried,Post Graduate,912977,725
CUST08779,Customer_08779,38,Bihar,Self-Employed,Graduate,1695147,623
CUST08780,Customer_08780,29,West Bengal,Salaried,Graduate,2174389,584
CUST08781,Customer_08781,33,Bihar,Business,Graduate,667442,637
CUST08782,Customer_08782,60,Bihar,Salaried,Under Graduate,1602714,596
CUST08783,Customer_08783,35,Gujarat,Business,Under Graduate,2257316,771
CUST08784,Customer_08784,24,Uttar Pradesh,Salaried,Graduate,543279,704
CUST08785,Customer_08785,53,Bihar,Self-Employed,Graduate,2037904,829
CUST08786,Customer_08786,44,Maharashtra,Business,Under Graduate,450793,723
CUST08787,Customer_08787,56,Madhya Pradesh,Salaried,Graduate,1029938,797
CUST08788,Customer_08788,30,Uttar Pradesh,Business,Graduate,2364384,722
CUST08789,Customer_08789,56,Madhya Pradesh,Salaried,Under Graduate,1225158,773
CUST08790,Customer_08790,40,Karnataka,Salaried,Post Graduate,416164,691
CUST08791,Customer_08791,31,Rajasthan,Self-Employed,Graduate,754536,784
CUST08792,Customer_08792,32,Gujarat,Business,Under Graduate,1213482,755
CUST08793,Customer_08793,38,Uttar Pradesh,Salaried,Under Graduate,1151373,586
CUST08794,Customer_08794,50,Rajasthan,Self-Employed,Graduate,789619,757
CUST08795,Customer_08795,57,Uttar Pradesh,Self-Employed,Under Graduate,1165184,741
CUST08796,Customer_08796,40,Madhya Pradesh,Salaried,Post Graduate,1751544,545
CUST08797,Customer_08797,45,Maharashtra,Salaried,Graduate,2189970,680
CUST08798,Customer_08798,32,Maharashtra,Self-Employed,Under Graduate,1838839,769
CUST08799,Customer_08799,41,Uttar Pradesh,Salaried,Graduate,1923935,527
CUST08800,Customer_08800,45,Maharashtra,Self-Employed,Graduate,701794,741
CUST08801,Customer_08801,31,Rajasthan,Business,Graduate,1150096,718
CUST08802,Customer_08802,29,Madhya Pradesh,Business,Post Graduate,1133688,694
CUST08803,Customer_08803,45,Uttar Pradesh,Salaried,Graduate,1759458,850
CUST08804,Customer_08804,55,Gujarat,Self-Employed,Under Graduate,1144486,744
CUST08805,Customer_08805,52,Rajasthan,Salaried,Post Graduate,1234953,650
CUST08806,Customer_08806,34,Madhya Pradesh,Self-Employed,Graduate,431879,668
CUST08807,Customer_08807,21,Haryana,Professional,Post Graduate,2032184,758
CUST08808,Customer_08808,37,Bihar,Salaried,Graduate,1910587,736
CUST08809,Customer_08809,45,Uttar Pradesh,Self-Employed,Graduate,306423,670
CUST08810,Customer_08810,28,Madhya Pradesh,Business,Graduate,1678692,765
CUST08811,Customer_08811,25,West Bengal,Self-Employed,Post Graduate,1540794,612
CUST08812,Customer_08812,25,Rajasthan,Salaried,Graduate,443625,757
CUST08813,Customer_08813,55,Haryana,Salaried,Under Graduate,498283,656
CUST08814,Customer_08814,39,Delhi,Self-Employed,Graduate,613489,739
CUST08815,Customer_08815,43,Rajasthan,Salaried,Graduate,2376901,826
CUST08816,Customer_08816,29,Gujarat,Self-Employed,Graduate,185768,551
CUST08817,Customer_08817,50,Bihar,Salaried,Post Graduate,1122703,664
CUST08818,Customer_08818,36,Madhya Pradesh,Business,Graduate,1038410,526
CUST08819,Customer_08819,53,Rajasthan,Salaried,Graduate,1565496,738
CUST08820,Customer_08820,22,Gujarat,Salaried,Graduate,903472,777
CUST08821,Customer_08821,34,Bihar,Self-Employed,Post Graduate,2020748,640
CUST08822,Customer_08822,21,Uttar Pradesh,Salaried,Graduate,2462886,723
CUST08823,Customer_08823,46,Haryana,Self-Employed,Graduate,753717,715
CUST08824,Customer_08824,45,Gujarat,Salaried,Graduate,984873,716
CUST08825,Customer_08825,36,West Bengal,Salaried,Under Graduate,1588345,739
CUST08826,Customer_08826,35,Bihar,Salaried,Under Graduate,934828,731
CUST08827,Customer_08827,46,Uttar Pradesh,Salaried,Post Graduate,1453883,656
CUST08828,Customer_08828,36,Uttar Pradesh,Professional,Graduate,2214787,663
CUST08829,Customer_08829,34,Delhi,Salaried,Graduate,1310250,578
CUST08830,Customer_08830,49,Uttar Pradesh,Business,Graduate,567791,530
CUST08831,Customer_08831,44,Karnataka,Salaried,Graduate,258672,687
CUST08832,Customer_08832,35,Maharashtra,Self-Employed,Graduate,1257285,818
CUST08833,Customer_08833,39,Karnataka,Self-Employed,Graduate,643937,617
CUST08834,Customer_08834,28,Delhi,Professional,Graduate,1684730,646
CUST08835,Customer_08835,54,Karnataka,Business,Graduate,2067725,695
CUST08836,Customer_08836,22,Maharashtra,Professional,Graduate,463090,665
CUST08837,Customer_08837,47,Madhya Pradesh,Business,Graduate,202591,688
CUST08838,Customer_08838,30,Uttar Pradesh,Salaried,Graduate,1243589,716
CUST08839,Customer_08839,55,Maharashtra,Professional,Graduate,580204,706
CUST08840,Customer_08840,43,Maharashtra,Professional,Graduate,1804028,618
CUST08841,Customer_08841,28,Delhi,Salaried,Graduate,1715512,611
CUST08842,Customer_08842,48,Uttar Pradesh,Professional,Graduate,1896156,706
CUST08843,Customer_08843,43,Karnataka,Self-Employed,Graduate,2288962,588
CUST08844,Customer_08844,24,Uttar Pradesh,Professional,Graduate,766674,771
CUST08845,Customer_08845,34,Bihar,Professional,Graduate,213934,712
CUST08846,Customer_08846,49,Uttar Pradesh,Business,Post Graduate,610293,775
CUST08847,Customer_08847,21,Delhi,Business,Under Graduate,2039276,728
CUST08848,Customer_08848,24,Uttar Pradesh,Salaried,Under Graduate,1214544,684
CUST08849,Customer_08849,52,Karnataka,Salaried,Graduate,1004733,766
CUST08850,Customer_08850,53,Madhya Pradesh,Salaried,Graduate,972280,688
CUST08851,Customer_08851,46,West Bengal,Salaried,Graduate,1316296,659
CUST08852,Customer_08852,37,Maharashtra,Salaried,Under Graduate,894626,566
CUST08853,Customer_08853,59,Rajasthan,Self-Employed,Post Graduate,869276,679
CUST08854,Customer_08854,43,Gujarat,Salaried,Under Graduate,2009704,630
CUST08855,Customer_08855,52,Haryana,Business,Graduate,1865911,634
CUST08856,Customer_08856,35,Bihar,Business,Graduate,1799179,652
CUST08857,Customer_08857,33,Karnataka,Self-Employed,Graduate,721447,729
CUST08858,Customer_08858,22,Uttar Pradesh,Self-Employed,Under Graduate,350047,613
CUST08859,Customer_08859,39,Gujarat,Salaried,Graduate,1500919,592
CUST08860,Customer_08860,44,Bihar,Salaried,Post Graduate,802257,556
CUST08861,Customer_08861,44,Uttar Pradesh,Self-Employed,Graduate,1667349,722
CUST08862,Customer_08862,31,Bihar,Business,Under Graduate,2074011,741
CUST08863,Customer_08863,42,Karnataka,Self-Employed,Graduate,2285950,649
CUST08864,Customer_08864,35,West Bengal,Business,Under Graduate,208279,654
CUST08865,Customer_08865,30,Bihar,Salaried,Graduate,240716,755
CUST08866,Customer_08866,47,Karnataka,Salaried,Post Graduate,746252,679
CUST08867,Customer_08867,29,Rajasthan,Business,Graduate,2405397,718
CUST08868,Customer_08868,48,Delhi,Salaried,Under Graduate,1748861,707
CUST08869,Customer_08869,21,Uttar Pradesh,Self-Employed,Post Graduate,354394,615
CUST08870,Customer_08870,37,Madhya Pradesh,Business,Graduate,894891,722
CUST08871,Customer_08871,51,Uttar Pradesh,Salaried,Post Graduate,1385844,702
CUST08872,Customer_08872,30,Maharashtra,Self-Employed,Graduate,774135,647
CUST08873,Customer_08873,57,Madhya Pradesh,Self-Employed,Graduate,2271801,664
CUST08874,Customer_08874,49,Haryana,Business,Graduate,1549035,587
CUST08875,Customer_08875,38,Madhya Pradesh,Salaried,Post Graduate,1771536,750
CUST08876,Customer_08876,58,West Bengal,Business,Post Graduate,553716,704
CUST08877,Customer_08877,59,Haryana,Salaried,Post Graduate,861494,700
CUST08878,Customer_08878,26,Uttar Pradesh,Self-Employed,Post Graduate,1034336,696
CUST08879,Customer_08879,60,Bihar,Salaried,Under Graduate,2492236,719
CUST08880,Customer_08880,32,Gujarat,Salaried,Graduate,466281,577
CUST08881,Customer_08881,34,West Bengal,Salaried,Graduate,818882,850
CUST08882,Customer_08882,30,West Bengal,Salaried,Under Graduate,1110405,744
CUST08883,Customer_08883,40,Delhi,Salaried,Graduate,2146363,717
CUST08884,Customer_08884,35,Madhya Pradesh,Salaried,Graduate,634215,829
CUST08885,Customer_08885,51,Delhi,Business,Post Graduate,1469768,716
CUST08886,Customer_08886,27,Maharashtra,Salaried,Under Graduate,665142,834
CUST08887,Customer_08887,30,Maharashtra,Business,Post Graduate,395126,849
CUST08888,Customer_08888,30,Gujarat,Business,Graduate,1940262,792
CUST08889,Customer_08889,59,Karnataka,Self-Employed,Graduate,202710,690
CUST08890,Customer_08890,48,West Bengal,Self-Employed,Graduate,1738826,685
CUST08891,Customer_08891,50,Bihar,Salaried,Graduate,874669,663
CUST08892,Customer_08892,57,Haryana,Professional,Graduate,605997,751
CUST08893,Customer_08893,23,Karnataka,Self-Employed,Graduate,2327059,613
CUST08894,Customer_08894,35,Gujarat,Professional,Graduate,821255,679
CUST08895,Customer_08895,41,Bihar,Salaried,Post Graduate,689038,526
CUST08896,Customer_08896,57,Madhya Pradesh,Business,Under Graduate,1083781,612
CUST08897,Customer_08897,32,Madhya Pradesh,Salaried,Graduate,870415,697
CUST08898,Customer_08898,24,Madhya Pradesh,Business,Graduate,544813,734
CUST08899,Customer_08899,29,Madhya Pradesh,Salaried,Graduate,1345851,766
CUST08900,Customer_08900,59,Haryana,Self-Employed,Graduate,2376765,696
CUST08901,Customer_08901,48,Uttar Pradesh,Self-Employed,Graduate,1448046,648
CUST08902,Customer_08902,43,Bihar,Self-Employed,Under Graduate,849237,646
CUST08903,Customer_08903,60,Madhya Pradesh,Salaried,Graduate,2162906,641
CUST08904,Customer_08904,42,Maharashtra,Self-Employed,Graduate,2163371,843
CUST08905,Customer_08905,44,West Bengal,Salaried,Graduate,2465699,658
CUST08906,Customer_08906,46,Maharashtra,Self-Employed,Graduate,2499457,719
CUST08907,Customer_08907,50,Rajasthan,Self-Employed,Graduate,323461,673
CUST08908,Customer_08908,53,Karnataka,Salaried,Post Graduate,1483718,735
CUST08909,Customer_08909,36,Uttar Pradesh,Business,Under Graduate,423653,617
CUST08910,Customer_08910,42,Haryana,Salaried,Post Graduate,1630655,650
CUST08911,Customer_08911,38,Madhya Pradesh,Salaried,Graduate,2462106,724
CUST08912,Customer_08912,27,Uttar Pradesh,Self-Employed,Post Graduate,1660665,640
CUST08913,Customer_08913,46,Karnataka,Business,Graduate,1444905,741
CUST08914,Customer_08914,28,Uttar Pradesh,Self-Employed,Post Graduate,2280051,730
CUST08915,Customer_08915,26,Rajasthan,Business,Graduate,1411108,690
CUST08916,Customer_08916,50,Uttar Pradesh,Self-Employed,Post Graduate,1709186,674
CUST08917,Customer_08917,59,Uttar Pradesh,Business,Graduate,2312668,676
CUST08918,Customer_08918,43,Karnataka,Salaried,Under Graduate,1922208,751
CUST08919,Customer_08919,52,Delhi,Business,Post Graduate,276127,729
CUST08920,Customer_08920,42,Maharashtra,Salaried,Graduate,629441,808
CUST08921,Customer_08921,29,Gujarat,Self-Employed,Graduate,1620899,597
CUST08922,Customer_08922,51,Haryana,Salaried,Graduate,1779151,582
CUST08923,Customer_08923,27,Karnataka,Professional,Graduate,2193999,663
CUST08924,Customer_08924,29,Rajasthan,Business,Graduate,438096,673
CUST08925,Customer_08925,33,Karnataka,Business,Graduate,1700059,684
CUST08926,Customer_08926,23,Rajasthan,Salaried,Graduate,1882772,804
CUST08927,Customer_08927,55,Gujarat,Salaried,Graduate,1155019,715
CUST08928,Customer_08928,53,West Bengal,Salaried,Graduate,855145,706
CUST08929,Customer_08929,41,Maharashtra,Self-Employed,Graduate,806693,649
CUST08930,Customer_08930,51,Uttar Pradesh,Business,Graduate,236907,679
CUST08931,Customer_08931,54,Bihar,Salaried,Graduate,526480,701
CUST08932,Customer_08932,52,Uttar Pradesh,Salaried,Under Graduate,1999554,679
CUST08933,Customer_08933,55,Maharashtra,Salaried,Under Graduate,736720,702
CUST08934,Customer_08934,35,Delhi,Business,Under Graduate,1348552,721
CUST08935,Customer_08935,52,Rajasthan,Salaried,Graduate,2370648,759
CUST08936,Customer_08936,26,Bihar,Professional,Post Graduate,1067211,759
CUST08937,Customer_08937,41,Bihar,Salaried,Post Graduate,664863,718
CUST08938,Customer_08938,53,Maharashtra,Business,Graduate,819814,785
CUST08939,Customer_08939,52,Rajasthan,Self-Employed,Under Graduate,1980239,714
CUST08940,Customer_08940,39,Gujarat,Salaried,Under Graduate,738082,631
CUST08941,Customer_08941,53,Uttar Pradesh,Business,Post Graduate,1977716,570
CUST08942,Customer_08942,48,West Bengal,Salaried,Graduate,684492,793
CUST08943,Customer_08943,51,Rajasthan,Self-Employed,Post Graduate,1742856,647
CUST08944,Customer_08944,41,West Bengal,Self-Employed,Graduate,2086339,759
CUST08945,Customer_08945,54,Uttar Pradesh,Salaried,Graduate,679771,802
CUST08946,Customer_08946,35,Delhi,Business,Post Graduate,1279762,621
CUST08947,Customer_08947,34,Madhya Pradesh,Self-Employed,Graduate,1413985,627
CUST08948,Customer_08948,39,Haryana,Business,Graduate,1807166,760
CUST08949,Customer_08949,35,Madhya Pradesh,Salaried,Graduate,1777587,723
CUST08950,Customer_08950,26,West Bengal,Salaried,Post Graduate,1768883,671
CUST08951,Customer_08951,29,Gujarat,Salaried,Under Graduate,1571872,713
CUST08952,Customer_08952,57,Haryana,Professional,Graduate,1639677,746
CUST08953,Customer_08953,40,Karnataka,Professional,Graduate,2467186,754
CUST08954,Customer_08954,54,Delhi,Self-Employed,Graduate,1464451,801
CUST08955,Customer_08955,58,Rajasthan,Salaried,Post Graduate,2406829,642
CUST08956,Customer_08956,46,Maharashtra,Business,Under Graduate,1366244,780
CUST08957,Customer_08957,38,Karnataka,Business,Graduate,454376,837
CUST08958,Customer_08958,48,Rajasthan,Business,Graduate,1851053,730
CUST08959,Customer_08959,29,Gujarat,Salaried,Graduate,486107,805
CUST08960,Customer_08960,52,Uttar Pradesh,Salaried,Under Graduate,1771270,677
CUST08961,Customer_08961,26,Rajasthan,Salaried,Graduate,826185,705
CUST08962,Customer_08962,34,Gujarat,Salaried,Post Graduate,924571,729
CUST08963,Customer_08963,48,Madhya Pradesh,Business,Graduate,1617882,704
CUST08964,Customer_08964,44,Rajasthan,Self-Employed,Post Graduate,2192184,638
CUST08965,Customer_08965,33,Maharashtra,Business,Graduate,1500099,609
CUST08966,Customer_08966,32,Maharashtra,Salaried,Graduate,687938,764
CUST08967,Customer_08967,39,Gujarat,Self-Employed,Graduate,1143034,757
CUST08968,Customer_08968,41,Maharashtra,Self-Employed,Graduate,332310,564
CUST08969,Customer_08969,47,Gujarat,Salaried,Graduate,2142453,743
CUST08970,Customer_08970,39,Madhya Pradesh,Self-Employed,Post Graduate,1947945,719
CUST08971,Customer_08971,44,West Bengal,Self-Employed,Graduate,712743,651
CUST08972,Customer_08972,46,Uttar Pradesh,Business,Post Graduate,2188168,718
CUST08973,Customer_08973,48,Uttar Pradesh,Salaried,Graduate,2404894,619
CUST08974,Customer_08974,38,Rajasthan,Business,Post Graduate,2203830,659
CUST08975,Customer_08975,56,Rajasthan,Professional,Graduate,534949,629
CUST08976,Customer_08976,49,Uttar Pradesh,Business,Under Graduate,1218971,757
CUST08977,Customer_08977,37,Haryana,Business,Graduate,357367,667
CUST08978,Customer_08978,24,Rajasthan,Salaried,Graduate,1673055,654
CUST08979,Customer_08979,49,Bihar,Self-Employed,Post Graduate,1838917,638
CUST08980,Customer_08980,24,Maharashtra,Business,Graduate,1249720,746
CUST08981,Customer_08981,30,Karnataka,Self-Employed,Graduate,358149,737
CUST08982,Customer_08982,45,Maharashtra,Salaried,Post Graduate,2438261,663
CUST08983,Customer_08983,51,Uttar Pradesh,Professional,Post Graduate,1511969,723
CUST08984,Customer_08984,23,Maharashtra,Self-Employed,Under Graduate,1563959,473
CUST08985,Customer_08985,22,Gujarat,Professional,Post Graduate,250210,628
CUST08986,Customer_08986,45,Haryana,Self-Employed,Graduate,626200,780
CUST08987,Customer_08987,26,Bihar,Business,Under Graduate,741386,673
CUST08988,Customer_08988,46,Uttar Pradesh,Business,Under Graduate,1472889,605
CUST08989,Customer_08989,28,Maharashtra,Self-Employed,Graduate,1804157,822
CUST08990,Customer_08990,55,Madhya Pradesh,Salaried,Graduate,317404,568
CUST08991,Customer_08991,47,Maharashtra,Salaried,Post Graduate,537000,598
CUST08992,Customer_08992,45,Karnataka,Self-Employed,Graduate,1537484,625
CUST08993,Customer_08993,38,Uttar Pradesh,Professional,Graduate,1818365,635
CUST08994,Customer_08994,21,Uttar Pradesh,Self-Employed,Under Graduate,2299853,792
CUST08995,Customer_08995,59,Uttar Pradesh,Salaried,Graduate,1486569,676
CUST08996,Customer_08996,23,Haryana,Salaried,Graduate,1080125,850
CUST08997,Customer_08997,24,Gujarat,Self-Employed,Post Graduate,1163509,544
CUST08998,Customer_08998,57,West Bengal,Self-Employed,Graduate,696407,765
CUST08999,Customer_08999,35,Bihar,Professional,Under Graduate,340278,660
CUST09000,Customer_09000,28,Maharashtra,Self-Employed,Graduate,1382704,660
CUST09001,Customer_09001,58,Madhya Pradesh,Salaried,Graduate,223129,655
CUST09002,Customer_09002,39,Madhya Pradesh,Self-Employed,Graduate,839683,668
CUST09003,Customer_09003,46,Madhya Pradesh,Business,Post Graduate,2158382,757
CUST09004,Customer_09004,59,Bihar,Self-Employed,Post Graduate,1044858,641
CUST09005,Customer_09005,30,Uttar Pradesh,Salaried,Under Graduate,618323,690
CUST09006,Customer_09006,58,Uttar Pradesh,Salaried,Graduate,515163,772
CUST09007,Customer_09007,34,Gujarat,Business,Under Graduate,435264,532
CUST09008,Customer_09008,39,Rajasthan,Salaried,Post Graduate,854964,844
CUST09009,Customer_09009,50,Haryana,Salaried,Under Graduate,764087,782
CUST09010,Customer_09010,25,Maharashtra,Salaried,Graduate,2363699,727
CUST09011,Customer_09011,51,Haryana,Professional,Graduate,969872,721
CUST09012,Customer_09012,27,Bihar,Salaried,Graduate,703587,709
CUST09013,Customer_09013,39,Uttar Pradesh,Business,Graduate,1561988,646
CUST09014,Customer_09014,51,West Bengal,Self-Employed,Post Graduate,1181828,755
CUST09015,Customer_09015,59,Rajasthan,Self-Employed,Post Graduate,2268365,677
CUST09016,Customer_09016,44,Gujarat,Business,Post Graduate,1495872,616
CUST09017,Customer_09017,54,Gujarat,Salaried,Graduate,2268725,787
CUST09018,Customer_09018,43,Bihar,Salaried,Graduate,825993,626
CUST09019,Customer_09019,60,Delhi,Salaried,Graduate,1180104,758
CUST09020,Customer_09020,26,Karnataka,Self-Employed,Under Graduate,1123788,679
CUST09021,Customer_09021,58,Bihar,Professional,Graduate,1380854,734
CUST09022,Customer_09022,56,Gujarat,Professional,Graduate,305044,619
CUST09023,Customer_09023,47,Delhi,Business,Graduate,358942,617
CUST09024,Customer_09024,31,Maharashtra,Professional,Graduate,1396780,748
CUST09025,Customer_09025,25,Bihar,Professional,Graduate,2098715,806
CUST09026,Customer_09026,37,Uttar Pradesh,Business,Graduate,2211496,781
CUST09027,Customer_09027,27,Madhya Pradesh,Salaried,Post Graduate,1409517,715
CUST09028,Customer_09028,47,Haryana,Self-Employed,Under Graduate,1711774,607
CUST09029,Customer_09029,35,Madhya Pradesh,Professional,Under Graduate,2049963,528
CUST09030,Customer_09030,33,Uttar Pradesh,Self-Employed,Under Graduate,2272918,832
CUST09031,Customer_09031,31,Madhya Pradesh,Business,Graduate,2067912,650
CUST09032,Customer_09032,46,Haryana,Salaried,Graduate,520111,790
CUST09033,Customer_09033,42,Maharashtra,Salaried,Graduate,911357,734
CUST09034,Customer_09034,48,Haryana,Salaried,Post Graduate,442924,533
CUST09035,Customer_09035,44,Haryana,Salaried,Post Graduate,1913499,678
CUST09036,Customer_09036,49,Uttar Pradesh,Professional,Post Graduate,1882475,725
CUST09037,Customer_09037,29,Maharashtra,Salaried,Graduate,2294165,565
CUST09038,Customer_09038,24,Madhya Pradesh,Self-Employed,Graduate,1594753,661
CUST09039,Customer_09039,38,Delhi,Salaried,Graduate,1234240,609
CUST09040,Customer_09040,36,Karnataka,Salaried,Graduate,941285,797
CUST09041,Customer_09041,53,Gujarat,Salaried,Post Graduate,1609329,629
CUST09042,Customer_09042,49,Bihar,Professional,Under Graduate,2375235,723
CUST09043,Customer_09043,59,Maharashtra,Business,Graduate,2182160,628
CUST09044,Customer_09044,30,Delhi,Self-Employed,Post Graduate,2492574,640
CUST09045,Customer_09045,29,Maharashtra,Professional,Graduate,2070737,678
CUST09046,Customer_09046,51,Gujarat,Professional,Graduate,1223925,698
CUST09047,Customer_09047,48,Maharashtra,Self-Employed,Graduate,1796966,694
CUST09048,Customer_09048,23,Uttar Pradesh,Salaried,Graduate,2155901,565
CUST09049,Customer_09049,34,Maharashtra,Salaried,Post Graduate,2110382,759
CUST09050,Customer_09050,45,Maharashtra,Salaried,Graduate,689973,806
CUST09051,Customer_09051,35,Gujarat,Salaried,Under Graduate,459088,704
CUST09052,Customer_09052,22,Uttar Pradesh,Salaried,Under Graduate,2153990,680
CUST09053,Customer_09053,44,West Bengal,Salaried,Graduate,649603,773
CUST09054,Customer_09054,34,Madhya Pradesh,Business,Graduate,1039428,732
CUST09055,Customer_09055,27,Rajasthan,Business,Post Graduate,911847,690
CUST09056,Customer_09056,56,Rajasthan,Salaried,Under Graduate,1456749,658
CUST09057,Customer_09057,44,Madhya Pradesh,Business,Graduate,1199800,693
CUST09058,Customer_09058,47,Uttar Pradesh,Business,Graduate,2306948,557
CUST09059,Customer_09059,57,West Bengal,Salaried,Under Graduate,1704606,711
CUST09060,Customer_09060,58,Madhya Pradesh,Self-Employed,Graduate,1759689,803
CUST09061,Customer_09061,50,Uttar Pradesh,Salaried,Graduate,358075,536
CUST09062,Customer_09062,47,Madhya Pradesh,Salaried,Under Graduate,541448,519
CUST09063,Customer_09063,59,Rajasthan,Self-Employed,Graduate,1696159,754
CUST09064,Customer_09064,35,Uttar Pradesh,Salaried,Graduate,399779,850
CUST09065,Customer_09065,46,Karnataka,Salaried,Graduate,1624602,841
CUST09066,Customer_09066,21,Uttar Pradesh,Self-Employed,Graduate,2316383,675
CUST09067,Customer_09067,24,Madhya Pradesh,Professional,Under Graduate,2263094,741
CUST09068,Customer_09068,49,West Bengal,Business,Graduate,2488793,784
CUST09069,Customer_09069,21,Maharashtra,Business,Under Graduate,1782702,585
CUST09070,Customer_09070,42,Maharashtra,Business,Graduate,2332284,557
CUST09071,Customer_09071,31,Uttar Pradesh,Business,Graduate,1374339,676
CUST09072,Customer_09072,30,Uttar Pradesh,Salaried,Post Graduate,813726,625
CUST09073,Customer_09073,37,Uttar Pradesh,Professional,Under Graduate,1762670,716
CUST09074,Customer_09074,56,Haryana,Business,Graduate,998020,665
CUST09075,Customer_09075,46,Haryana,Salaried,Post Graduate,1367170,829
CUST09076,Customer_09076,41,Delhi,Self-Employed,Graduate,1552589,745
CUST09077,Customer_09077,33,Bihar,Self-Employed,Under Graduate,1803078,680
CUST09078,Customer_09078,29,Haryana,Salaried,Under Graduate,2055246,538
CUST09079,Customer_09079,31,Madhya Pradesh,Salaried,Post Graduate,1326404,726
CUST09080,Customer_09080,31,Maharashtra,Salaried,Post Graduate,960712,715
CUST09081,Customer_09081,26,Rajasthan,Business,Graduate,1093836,675
CUST09082,Customer_09082,21,Uttar Pradesh,Salaried,Graduate,2187558,649
CUST09083,Customer_09083,26,West Bengal,Salaried,Graduate,1889870,652
CUST09084,Customer_09084,33,Madhya Pradesh,Salaried,Graduate,414798,805
CUST09085,Customer_09085,42,Delhi,Business,Post Graduate,507889,794
CUST09086,Customer_09086,51,Gujarat,Professional,Graduate,522459,667
CUST09087,Customer_09087,42,Gujarat,Self-Employed,Graduate,2136996,724
CUST09088,Customer_09088,57,Uttar Pradesh,Salaried,Under Graduate,383862,729
CUST09089,Customer_09089,47,Rajasthan,Self-Employed,Under Graduate,1954328,598
CUST09090,Customer_09090,34,Haryana,Business,Graduate,1314025,641
CUST09091,Customer_09091,25,Uttar Pradesh,Business,Graduate,581624,793
CUST09092,Customer_09092,56,West Bengal,Business,Graduate,1610933,617
CUST09093,Customer_09093,52,Bihar,Salaried,Graduate,2460286,651
CUST09094,Customer_09094,54,Maharashtra,Salaried,Graduate,1930422,678
CUST09095,Customer_09095,27,Madhya Pradesh,Salaried,Under Graduate,2457979,676
CUST09096,Customer_09096,30,Haryana,Professional,Post Graduate,1484270,623
CUST09097,Customer_09097,37,Rajasthan,Self-Employed,Post Graduate,355335,666
CUST09098,Customer_09098,50,Gujarat,Business,Graduate,2071757,547
CUST09099,Customer_09099,41,Rajasthan,Business,Graduate,557893,740
CUST09100,Customer_09100,33,Gujarat,Business,Graduate,260752,684
CUST09101,Customer_09101,21,Uttar Pradesh,Salaried,Under Graduate,2476772,584
CUST09102,Customer_09102,21,Uttar Pradesh,Salaried,Graduate,2243948,648
CUST09103,Customer_09103,53,Uttar Pradesh,Professional,Graduate,2433401,531
CUST09104,Customer_09104,58,Maharashtra,Professional,Graduate,2425917,606
CUST09105,Customer_09105,45,Maharashtra,Self-Employed,Post Graduate,1061169,563
CUST09106,Customer_09106,46,Madhya Pradesh,Business,Graduate,1423891,850
CUST09107,Customer_09107,33,Rajasthan,Salaried,Graduate,992862,712
CUST09108,Customer_09108,48,Uttar Pradesh,Salaried,Graduate,573222,694
CUST09109,Customer_09109,53,Uttar Pradesh,Self-Employed,Graduate,1220571,622
CUST09110,Customer_09110,57,Uttar Pradesh,Business,Post Graduate,446189,713
CUST09111,Customer_09111,50,Bihar,Self-Employed,Under Graduate,1426807,703
CUST09112,Customer_09112,28,Uttar Pradesh,Self-Employed,Graduate,1876883,750
CUST09113,Customer_09113,21,Rajasthan,Salaried,Under Graduate,1046802,655
CUST09114,Customer_09114,32,Bihar,Salaried,Graduate,581470,646
CUST09115,Customer_09115,25,Madhya Pradesh,Professional,Graduate,1941720,644
CUST09116,Customer_09116,44,Delhi,Salaried,Post Graduate,984183,672
CUST09117,Customer_09117,26,Maharashtra,Business,Graduate,1553866,703
CUST09118,Customer_09118,45,Uttar Pradesh,Business,Graduate,517127,789
CUST09119,Customer_09119,21,Maharashtra,Business,Post Graduate,1539607,785
CUST09120,Customer_09120,45,Uttar Pradesh,Professional,Graduate,1986186,676
CUST09121,Customer_09121,21,Uttar Pradesh,Salaried,Post Graduate,2395187,850
CUST09122,Customer_09122,52,Delhi,Self-Employed,Post Graduate,1745545,728
CUST09123,Customer_09123,23,Maharashtra,Salaried,Graduate,2264006,734
CUST09124,Customer_09124,39,West Bengal,Salaried,Graduate,401141,753
CUST09125,Customer_09125,49,Uttar Pradesh,Self-Employed,Graduate,794498,786
CUST09126,Customer_09126,22,Haryana,Salaried,Graduate,195218,765
CUST09127,Customer_09127,29,Gujarat,Professional,Graduate,1894587,649
CUST09128,Customer_09128,37,Bihar,Business,Graduate,679139,664
CUST09129,Customer_09129,56,Bihar,Salaried,Graduate,1831110,593
CUST09130,Customer_09130,37,Madhya Pradesh,Salaried,Graduate,1358250,733
CUST09131,Customer_09131,32,Karnataka,Salaried,Post Graduate,1208325,763
CUST09132,Customer_09132,40,Bihar,Self-Employed,Graduate,766404,767
CUST09133,Customer_09133,23,Uttar Pradesh,Business,Post Graduate,1470955,711
CUST09134,Customer_09134,24,Bihar,Self-Employed,Graduate,260481,739
CUST09135,Customer_09135,37,Maharashtra,Salaried,Graduate,1953813,568
CUST09136,Customer_09136,57,West Bengal,Salaried,Post Graduate,1666662,659
CUST09137,Customer_09137,35,Gujarat,Salaried,Under Graduate,2220543,652
CUST09138,Customer_09138,53,Uttar Pradesh,Self-Employed,Under Graduate,2059293,800
CUST09139,Customer_09139,36,Maharashtra,Salaried,Graduate,583739,717
CUST09140,Customer_09140,31,Uttar Pradesh,Salaried,Post Graduate,2045315,714
CUST09141,Customer_09141,40,Haryana,Salaried,Graduate,1495388,590
CUST09142,Customer_09142,58,Karnataka,Self-Employed,Graduate,1781063,595
CUST09143,Customer_09143,44,Uttar Pradesh,Self-Employed,Post Graduate,1073109,676
CUST09144,Customer_09144,36,Rajasthan,Business,Graduate,430829,748
CUST09145,Customer_09145,50,West Bengal,Self-Employed,Graduate,1979084,625
CUST09146,Customer_09146,54,Uttar Pradesh,Self-Employed,Post Graduate,275454,801
CUST09147,Customer_09147,21,Maharashtra,Salaried,Under Graduate,1966063,632
CUST09148,Customer_09148,44,Maharashtra,Salaried,Graduate,1459145,731
CUST09149,Customer_09149,44,Uttar Pradesh,Self-Employed,Post Graduate,361413,640
CUST09150,Customer_09150,29,Uttar Pradesh,Salaried,Graduate,954712,784
CUST09151,Customer_09151,42,West Bengal,Salaried,Graduate,1590682,835
CUST09152,Customer_09152,32,Madhya Pradesh,Salaried,Post Graduate,2020072,737
CUST09153,Customer_09153,37,Maharashtra,Salaried,Under Graduate,278872,644
CUST09154,Customer_09154,45,Bihar,Salaried,Graduate,1091938,625
CUST09155,Customer_09155,48,Delhi,Business,Post Graduate,2441986,637
CUST09156,Customer_09156,35,Bihar,Salaried,Graduate,1358867,656
CUST09157,Customer_09157,50,Maharashtra,Salaried,Under Graduate,1467800,648
CUST09158,Customer_09158,47,Uttar Pradesh,Salaried,Post Graduate,1358521,787
CUST09159,Customer_09159,42,Delhi,Self-Employed,Post Graduate,636556,699
CUST09160,Customer_09160,30,Maharashtra,Business,Under Graduate,756065,732
CUST09161,Customer_09161,51,Uttar Pradesh,Salaried,Graduate,1085558,597
CUST09162,Customer_09162,47,Bihar,Business,Graduate,1423159,666
CUST09163,Customer_09163,32,Uttar Pradesh,Salaried,Post Graduate,1170242,737
CUST09164,Customer_09164,51,West Bengal,Self-Employed,Post Graduate,390893,658
CUST09165,Customer_09165,52,Gujarat,Self-Employed,Post Graduate,186041,714
CUST09166,Customer_09166,52,Uttar Pradesh,Business,Graduate,1753285,661
CUST09167,Customer_09167,55,Uttar Pradesh,Self-Employed,Post Graduate,1270849,780
CUST09168,Customer_09168,41,Madhya Pradesh,Salaried,Post Graduate,2428450,692
CUST09169,Customer_09169,30,Bihar,Self-Employed,Graduate,849299,645
CUST09170,Customer_09170,36,Delhi,Salaried,Graduate,1513625,714
CUST09171,Customer_09171,27,Madhya Pradesh,Professional,Graduate,1304042,714
CUST09172,Customer_09172,24,Rajasthan,Salaried,Under Graduate,831391,763
CUST09173,Customer_09173,47,West Bengal,Salaried,Graduate,2340577,599
CUST09174,Customer_09174,45,Bihar,Salaried,Graduate,2128941,621
CUST09175,Customer_09175,51,Bihar,Salaried,Graduate,1657889,708
CUST09176,Customer_09176,31,Gujarat,Self-Employed,Graduate,2207619,649
CUST09177,Customer_09177,40,Haryana,Self-Employed,Post Graduate,960965,701
CUST09178,Customer_09178,56,Gujarat,Salaried,Under Graduate,1279742,708
CUST09179,Customer_09179,37,Gujarat,Salaried,Graduate,2121954,622
CUST09180,Customer_09180,31,Bihar,Business,Graduate,1712437,711
CUST09181,Customer_09181,50,Rajasthan,Salaried,Graduate,2185523,650
CUST09182,Customer_09182,55,Maharashtra,Self-Employed,Graduate,2077795,572
CUST09183,Customer_09183,58,Gujarat,Self-Employed,Graduate,1258111,689
CUST09184,Customer_09184,42,Maharashtra,Salaried,Graduate,558375,659
CUST09185,Customer_09185,47,Uttar Pradesh,Salaried,Post Graduate,369234,643
CUST09186,Customer_09186,57,West Bengal,Business,Graduate,935353,698
CUST09187,Customer_09187,55,Maharashtra,Salaried,Post Graduate,2164757,727
CUST09188,Customer_09188,24,Maharashtra,Salaried,Graduate,1140665,649
CUST09189,Customer_09189,36,Maharashtra,Self-Employed,Graduate,1139278,754
CUST09190,Customer_09190,36,Bihar,Salaried,Under Graduate,1581224,620
CUST09191,Customer_09191,41,Rajasthan,Salaried,Graduate,249794,648
CUST09192,Customer_09192,46,Uttar Pradesh,Business,Graduate,1814769,802
CUST09193,Customer_09193,56,Uttar Pradesh,Professional,Under Graduate,397599,631
CUST09194,Customer_09194,39,Maharashtra,Self-Employed,Graduate,1898191,689
CUST09195,Customer_09195,37,Maharashtra,Salaried,Graduate,1469371,633
CUST09196,Customer_09196,46,Uttar Pradesh,Salaried,Graduate,993570,799
CUST09197,Customer_09197,42,Bihar,Self-Employed,Graduate,1371423,627
CUST09198,Customer_09198,48,Maharashtra,Salaried,Post Graduate,830508,817
CUST09199,Customer_09199,21,Uttar Pradesh,Salaried,Under Graduate,1566791,771
CUST09200,Customer_09200,56,Karnataka,Business,Graduate,1235526,721
CUST09201,Customer_09201,57,Karnataka,Salaried,Post Graduate,1165656,755
CUST09202,Customer_09202,22,Maharashtra,Salaried,Post Graduate,764156,837
CUST09203,Customer_09203,37,Uttar Pradesh,Salaried,Under Graduate,889081,650
CUST09204,Customer_09204,60,Madhya Pradesh,Business,Post Graduate,1458539,702
CUST09205,Customer_09205,58,Gujarat,Salaried,Under Graduate,1651953,690
CUST09206,Customer_09206,41,West Bengal,Salaried,Graduate,1769230,632
CUST09207,Customer_09207,29,Bihar,Salaried,Graduate,2391531,659
CUST09208,Customer_09208,33,Madhya Pradesh,Business,Graduate,951237,712
CUST09209,Customer_09209,31,Karnataka,Self-Employed,Under Graduate,1553566,850
CUST09210,Customer_09210,36,Rajasthan,Salaried,Graduate,548700,610
CUST09211,Customer_09211,36,Uttar Pradesh,Business,Post Graduate,1745974,689
CUST09212,Customer_09212,22,Bihar,Salaried,Graduate,1432099,662
CUST09213,Customer_09213,28,Uttar Pradesh,Salaried,Under Graduate,1651051,733
CUST09214,Customer_09214,33,Uttar Pradesh,Self-Employed,Post Graduate,1048308,734
CUST09215,Customer_09215,37,Delhi,Self-Employed,Post Graduate,2309956,591
CUST09216,Customer_09216,59,Maharashtra,Salaried,Under Graduate,637115,703
CUST09217,Customer_09217,44,Uttar Pradesh,Business,Under Graduate,244135,534
CUST09218,Customer_09218,23,Karnataka,Self-Employed,Graduate,1182383,775
CUST09219,Customer_09219,50,Rajasthan,Professional,Under Graduate,961563,561
CUST09220,Customer_09220,33,Maharashtra,Business,Graduate,1586454,622
CUST09221,Customer_09221,39,Maharashtra,Professional,Post Graduate,1779054,723
CUST09222,Customer_09222,27,Maharashtra,Self-Employed,Graduate,1798749,641
CUST09223,Customer_09223,29,Maharashtra,Salaried,Graduate,1963150,718
CUST09224,Customer_09224,39,Haryana,Business,Under Graduate,401633,826
CUST09225,Customer_09225,60,Uttar Pradesh,Business,Post Graduate,552855,770
CUST09226,Customer_09226,42,Madhya Pradesh,Business,Graduate,666708,654
CUST09227,Customer_09227,38,Uttar Pradesh,Salaried,Graduate,258457,673
CUST09228,Customer_09228,43,West Bengal,Self-Employed,Under Graduate,1851379,601
CUST09229,Customer_09229,22,Madhya Pradesh,Business,Graduate,1116219,769
CUST09230,Customer_09230,31,Karnataka,Business,Graduate,2264369,728
CUST09231,Customer_09231,51,Bihar,Salaried,Post Graduate,918812,628
CUST09232,Customer_09232,53,Haryana,Self-Employed,Graduate,1129611,714
CUST09233,Customer_09233,34,Karnataka,Self-Employed,Post Graduate,1816894,573
CUST09234,Customer_09234,36,Gujarat,Salaried,Graduate,1571052,717
CUST09235,Customer_09235,31,Uttar Pradesh,Professional,Graduate,694500,786
CUST09236,Customer_09236,53,Uttar Pradesh,Salaried,Under Graduate,1643925,744
CUST09237,Customer_09237,27,Uttar Pradesh,Self-Employed,Under Graduate,1494025,711
CUST09238,Customer_09238,51,Uttar Pradesh,Business,Under Graduate,1168202,769
CUST09239,Customer_09239,34,Delhi,Salaried,Post Graduate,635907,657
CUST09240,Customer_09240,48,Madhya Pradesh,Business,Graduate,1515169,528
CUST09241,Customer_09241,36,Rajasthan,Business,Graduate,1393772,794
CUST09242,Customer_09242,39,Maharashtra,Business,Post Graduate,417035,757
CUST09243,Customer_09243,37,Uttar Pradesh,Self-Employed,Graduate,853997,716
CUST09244,Customer_09244,46,Maharashtra,Salaried,Graduate,2354877,698
CUST09245,Customer_09245,26,Bihar,Self-Employed,Graduate,2106055,752
CUST09246,Customer_09246,29,Delhi,Salaried,Graduate,2192196,752
CUST09247,Customer_09247,37,Maharashtra,Salaried,Graduate,1448085,678
CUST09248,Customer_09248,51,Gujarat,Salaried,Graduate,1195217,789
CUST09249,Customer_09249,32,Rajasthan,Self-Employed,Under Graduate,2426117,748
CUST09250,Customer_09250,43,Karnataka,Self-Employed,Graduate,1439409,646
CUST09251,Customer_09251,25,Maharashtra,Business,Post Graduate,565734,850
CUST09252,Customer_09252,56,Rajasthan,Business,Graduate,1262337,632
CUST09253,Customer_09253,56,Uttar Pradesh,Self-Employed,Under Graduate,291971,544
CUST09254,Customer_09254,23,Bihar,Business,Post Graduate,1654614,591
CUST09255,Customer_09255,44,Rajasthan,Salaried,Graduate,2139528,780
CUST09256,Customer_09256,37,Delhi,Business,Graduate,1620687,783
CUST09257,Customer_09257,59,Maharashtra,Salaried,Post Graduate,1907049,618
CUST09258,Customer_09258,46,Maharashtra,Self-Employed,Graduate,256089,646
CUST09259,Customer_09259,24,Gujarat,Salaried,Graduate,251064,647
CUST09260,Customer_09260,32,Bihar,Self-Employed,Graduate,2266940,754
CUST09261,Customer_09261,21,Rajasthan,Salaried,Graduate,2269315,602
CUST09262,Customer_09262,41,Haryana,Salaried,Graduate,1436826,764
CUST09263,Customer_09263,39,Rajasthan,Salaried,Graduate,543340,704
CUST09264,Customer_09264,41,Gujarat,Self-Employed,Graduate,1211785,649
CUST09265,Customer_09265,38,Gujarat,Salaried,Under Graduate,2232187,657
CUST09266,Customer_09266,23,Haryana,Salaried,Under Graduate,714856,673
CUST09267,Customer_09267,52,Gujarat,Salaried,Graduate,414073,674
CUST09268,Customer_09268,30,Uttar Pradesh,Salaried,Graduate,445088,639
CUST09269,Customer_09269,60,Bihar,Business,Under Graduate,1054891,847
CUST09270,Customer_09270,35,West Bengal,Self-Employed,Post Graduate,2040125,733
CUST09271,Customer_09271,25,Maharashtra,Professional,Under Graduate,1419565,758
CUST09272,Customer_09272,24,Madhya Pradesh,Self-Employed,Graduate,967585,702
CUST09273,Customer_09273,48,Haryana,Business,Graduate,746994,712
CUST09274,Customer_09274,24,Madhya Pradesh,Self-Employed,Under Graduate,787380,667
CUST09275,Customer_09275,35,Bihar,Self-Employed,Graduate,374540,775
CUST09276,Customer_09276,37,Uttar Pradesh,Self-Employed,Post Graduate,2335795,697
CUST09277,Customer_09277,23,Bihar,Salaried,Post Graduate,331188,640
CUST09278,Customer_09278,30,Maharashtra,Self-Employed,Under Graduate,2244382,490
CUST09279,Customer_09279,43,West Bengal,Business,Under Graduate,1264611,625
CUST09280,Customer_09280,38,Delhi,Business,Graduate,1315000,677
CUST09281,Customer_09281,21,Delhi,Self-Employed,Graduate,431515,694
CUST09282,Customer_09282,55,Rajasthan,Professional,Graduate,1229798,602
CUST09283,Customer_09283,51,Uttar Pradesh,Professional,Under Graduate,315712,529
CUST09284,Customer_09284,21,Maharashtra,Self-Employed,Graduate,1102418,850
CUST09285,Customer_09285,23,Maharashtra,Business,Graduate,2457977,690
CUST09286,Customer_09286,23,Rajasthan,Salaried,Under Graduate,2183828,666
CUST09287,Customer_09287,57,Rajasthan,Salaried,Graduate,1763950,705
CUST09288,Customer_09288,39,Rajasthan,Salaried,Under Graduate,1508915,610
CUST09289,Customer_09289,49,Rajasthan,Business,Post Graduate,1988070,772
CUST09290,Customer_09290,45,West Bengal,Salaried,Graduate,2077399,654
CUST09291,Customer_09291,53,Maharashtra,Salaried,Graduate,1762828,636
CUST09292,Customer_09292,56,Madhya Pradesh,Salaried,Graduate,392992,645
CUST09293,Customer_09293,49,Maharashtra,Salaried,Graduate,1937732,639
CUST09294,Customer_09294,46,Rajasthan,Self-Employed,Post Graduate,2151441,606
CUST09295,Customer_09295,24,Maharashtra,Salaried,Graduate,1656741,723
CUST09296,Customer_09296,34,Madhya Pradesh,Self-Employed,Graduate,1342261,734
CUST09297,Customer_09297,47,Maharashtra,Salaried,Graduate,259626,591
CUST09298,Customer_09298,53,Uttar Pradesh,Salaried,Under Graduate,250727,670
CUST09299,Customer_09299,42,Haryana,Business,Under Graduate,807208,700
CUST09300,Customer_09300,23,Uttar Pradesh,Professional,Graduate,1689250,652
CUST09301,Customer_09301,43,Bihar,Self-Employed,Graduate,214754,750
CUST09302,Customer_09302,41,Rajasthan,Salaried,Under Graduate,1193442,807
CUST09303,Customer_09303,43,Rajasthan,Professional,Post Graduate,1183466,725
CUST09304,Customer_09304,24,Delhi,Self-Employed,Under Graduate,2008653,690
CUST09305,Customer_09305,41,Madhya Pradesh,Business,Graduate,1912153,633
CUST09306,Customer_09306,57,Maharashtra,Salaried,Graduate,2071099,580
CUST09307,Customer_09307,51,Uttar Pradesh,Salaried,Under Graduate,1177353,630
CUST09308,Customer_09308,41,Delhi,Self-Employed,Graduate,2319934,745
CUST09309,Customer_09309,46,Bihar,Self-Employed,Graduate,2322458,616
CUST09310,Customer_09310,55,Karnataka,Self-Employed,Graduate,1583784,782
CUST09311,Customer_09311,58,Bihar,Salaried,Graduate,852971,661
CUST09312,Customer_09312,44,Delhi,Business,Post Graduate,357896,605
CUST09313,Customer_09313,31,West Bengal,Salaried,Post Graduate,654743,707
CUST09314,Customer_09314,49,Gujarat,Self-Employed,Graduate,1027837,624
CUST09315,Customer_09315,23,Bihar,Salaried,Under Graduate,485968,755
CUST09316,Customer_09316,21,Madhya Pradesh,Self-Employed,Graduate,1937569,629
CUST09317,Customer_09317,39,Madhya Pradesh,Salaried,Graduate,1586876,538
CUST09318,Customer_09318,42,Madhya Pradesh,Self-Employed,Graduate,2350164,651
CUST09319,Customer_09319,34,Uttar Pradesh,Salaried,Under Graduate,1250070,571
CUST09320,Customer_09320,34,Gujarat,Self-Employed,Graduate,900098,748
CUST09321,Customer_09321,36,Uttar Pradesh,Salaried,Under Graduate,2385539,768
CUST09322,Customer_09322,53,Uttar Pradesh,Professional,Graduate,381739,646
CUST09323,Customer_09323,33,Gujarat,Professional,Graduate,328729,807
CUST09324,Customer_09324,58,Uttar Pradesh,Business,Post Graduate,2383000,627
CUST09325,Customer_09325,32,Delhi,Professional,Post Graduate,1566693,666
CUST09326,Customer_09326,58,Karnataka,Salaried,Graduate,773534,609
CUST09327,Customer_09327,59,West Bengal,Professional,Under Graduate,2192607,564
CUST09328,Customer_09328,53,Gujarat,Salaried,Graduate,302916,718
CUST09329,Customer_09329,53,Rajasthan,Salaried,Under Graduate,608924,802
CUST09330,Customer_09330,49,Bihar,Salaried,Post Graduate,2312999,656
CUST09331,Customer_09331,25,Rajasthan,Professional,Graduate,1439684,690
CUST09332,Customer_09332,26,Maharashtra,Self-Employed,Post Graduate,372631,596
CUST09333,Customer_09333,51,Bihar,Self-Employed,Under Graduate,1355264,647
CUST09334,Customer_09334,36,Delhi,Professional,Post Graduate,936083,575
CUST09335,Customer_09335,51,Maharashtra,Self-Employed,Graduate,296968,802
CUST09336,Customer_09336,45,Maharashtra,Self-Employed,Graduate,270849,600
CUST09337,Customer_09337,53,Delhi,Salaried,Post Graduate,2147498,690
CUST09338,Customer_09338,33,Uttar Pradesh,Business,Under Graduate,2487491,809
CUST09339,Customer_09339,30,Maharashtra,Professional,Post Graduate,1331427,699
CUST09340,Customer_09340,44,Uttar Pradesh,Professional,Post Graduate,1202608,682
CUST09341,Customer_09341,30,Delhi,Salaried,Graduate,1165081,714
CUST09342,Customer_09342,51,Madhya Pradesh,Salaried,Under Graduate,1831983,594
CUST09343,Customer_09343,33,Gujarat,Salaried,Graduate,931147,553
CUST09344,Customer_09344,23,Maharashtra,Salaried,Post Graduate,2126564,707
CUST09345,Customer_09345,54,Gujarat,Salaried,Graduate,2258183,699
CUST09346,Customer_09346,48,Madhya Pradesh,Self-Employed,Graduate,420164,713
CUST09347,Customer_09347,39,Bihar,Business,Post Graduate,2253578,500
CUST09348,Customer_09348,43,Rajasthan,Professional,Post Graduate,758815,589
CUST09349,Customer_09349,52,Madhya Pradesh,Salaried,Under Graduate,1411323,699
CUST09350,Customer_09350,33,Rajasthan,Salaried,Graduate,555387,677
CUST09351,Customer_09351,53,Gujarat,Salaried,Graduate,841010,758
CUST09352,Customer_09352,54,Maharashtra,Salaried,Under Graduate,443562,713
CUST09353,Customer_09353,53,Madhya Pradesh,Salaried,Graduate,2486628,779
CUST09354,Customer_09354,25,Rajasthan,Salaried,Post Graduate,1480504,775
CUST09355,Customer_09355,23,Rajasthan,Professional,Under Graduate,1253778,736
CUST09356,Customer_09356,27,Rajasthan,Salaried,Under Graduate,1799216,682
CUST09357,Customer_09357,44,Karnataka,Self-Employed,Graduate,2019315,714
CUST09358,Customer_09358,42,Haryana,Business,Post Graduate,920241,722
CUST09359,Customer_09359,43,Gujarat,Business,Graduate,1459598,780
CUST09360,Customer_09360,50,Delhi,Self-Employed,Graduate,2235515,663
CUST09361,Customer_09361,38,Uttar Pradesh,Business,Graduate,788843,722
CUST09362,Customer_09362,52,Delhi,Self-Employed,Under Graduate,772167,585
CUST09363,Customer_09363,27,Rajasthan,Business,Graduate,909080,662
CUST09364,Customer_09364,53,Maharashtra,Salaried,Post Graduate,833738,707
CUST09365,Customer_09365,25,Uttar Pradesh,Salaried,Post Graduate,1014501,718
CUST09366,Customer_09366,48,Uttar Pradesh,Business,Graduate,916425,737
CUST09367,Customer_09367,28,Uttar Pradesh,Salaried,Graduate,2132914,636
CUST09368,Customer_09368,35,Uttar Pradesh,Self-Employed,Post Graduate,988814,694
CUST09369,Customer_09369,24,Uttar Pradesh,Business,Graduate,1632796,653
CUST09370,Customer_09370,54,Delhi,Salaried,Post Graduate,822716,828
CUST09371,Customer_09371,25,Maharashtra,Self-Employed,Graduate,2463445,577
CUST09372,Customer_09372,53,Bihar,Business,Graduate,2397938,849
CUST09373,Customer_09373,25,Haryana,Business,Graduate,2117146,741
CUST09374,Customer_09374,58,Uttar Pradesh,Business,Graduate,1056039,488
CUST09375,Customer_09375,54,Haryana,Business,Graduate,1721418,653
CUST09376,Customer_09376,46,Gujarat,Business,Post Graduate,1668481,708
CUST09377,Customer_09377,21,Bihar,Business,Graduate,1868276,686
CUST09378,Customer_09378,24,Uttar Pradesh,Salaried,Graduate,2492555,569
CUST09379,Customer_09379,59,Uttar Pradesh,Salaried,Graduate,877635,603
CUST09380,Customer_09380,46,Bihar,Salaried,Post Graduate,1090724,699
CUST09381,Customer_09381,53,Uttar Pradesh,Salaried,Graduate,987664,586
CUST09382,Customer_09382,53,Maharashtra,Salaried,Graduate,1047326,753
CUST09383,Customer_09383,28,Uttar Pradesh,Professional,Post Graduate,617718,670
CUST09384,Customer_09384,40,Madhya Pradesh,Self-Employed,Post Graduate,1893682,734
CUST09385,Customer_09385,36,Uttar Pradesh,Business,Graduate,377033,607
CUST09386,Customer_09386,41,Delhi,Self-Employed,Under Graduate,602286,588
CUST09387,Customer_09387,46,Maharashtra,Salaried,Graduate,1202791,767
CUST09388,Customer_09388,43,Haryana,Salaried,Graduate,842858,685
CUST09389,Customer_09389,38,Maharashtra,Professional,Post Graduate,565387,566
CUST09390,Customer_09390,51,Delhi,Salaried,Graduate,384141,627
CUST09391,Customer_09391,32,Bihar,Self-Employed,Graduate,832369,705
CUST09392,Customer_09392,21,Madhya Pradesh,Salaried,Under Graduate,2394687,579
CUST09393,Customer_09393,29,Uttar Pradesh,Salaried,Graduate,2445812,477
CUST09394,Customer_09394,23,Rajasthan,Salaried,Graduate,349771,577
CUST09395,Customer_09395,46,Uttar Pradesh,Self-Employed,Under Graduate,539585,748
CUST09396,Customer_09396,29,Rajasthan,Business,Graduate,2201316,559
CUST09397,Customer_09397,36,Uttar Pradesh,Self-Employed,Graduate,1441659,762
CUST09398,Customer_09398,44,Rajasthan,Self-Employed,Graduate,2000147,711
CUST09399,Customer_09399,34,Uttar Pradesh,Professional,Post Graduate,1103273,634
CUST09400,Customer_09400,23,Maharashtra,Business,Graduate,242063,776
CUST09401,Customer_09401,54,Madhya Pradesh,Business,Post Graduate,1530640,589
CUST09402,Customer_09402,53,West Bengal,Salaried,Graduate,2277094,643
CUST09403,Customer_09403,44,Rajasthan,Business,Post Graduate,963815,684
CUST09404,Customer_09404,29,Gujarat,Self-Employed,Graduate,695010,655
CUST09405,Customer_09405,33,Madhya Pradesh,Salaried,Graduate,1786606,694
CUST09406,Customer_09406,22,Rajasthan,Salaried,Under Graduate,1431555,733
CUST09407,Customer_09407,27,Uttar Pradesh,Salaried,Graduate,995146,643
CUST09408,Customer_09408,41,Uttar Pradesh,Salaried,Post Graduate,673748,801
CUST09409,Customer_09409,39,Karnataka,Business,Graduate,2345246,619
CUST09410,Customer_09410,45,Bihar,Business,Post Graduate,2274938,668
CUST09411,Customer_09411,42,Madhya Pradesh,Professional,Graduate,1025355,722
CUST09412,Customer_09412,31,Rajasthan,Self-Employed,Post Graduate,531268,675
CUST09413,Customer_09413,53,Bihar,Business,Post Graduate,1353364,581
CUST09414,Customer_09414,52,Bihar,Salaried,Graduate,1993412,686
CUST09415,Customer_09415,41,Madhya Pradesh,Self-Employed,Graduate,1155104,616
CUST09416,Customer_09416,59,Uttar Pradesh,Business,Post Graduate,1494042,818
CUST09417,Customer_09417,40,Bihar,Business,Graduate,551926,796
CUST09418,Customer_09418,28,Rajasthan,Self-Employed,Under Graduate,2478512,698
CUST09419,Customer_09419,57,West Bengal,Self-Employed,Graduate,1415263,667
CUST09420,Customer_09420,29,Bihar,Salaried,Graduate,891066,769
CUST09421,Customer_09421,45,Gujarat,Business,Graduate,2104625,779
CUST09422,Customer_09422,45,Uttar Pradesh,Business,Graduate,1632370,725
CUST09423,Customer_09423,53,Uttar Pradesh,Self-Employed,Graduate,1183747,794
CUST09424,Customer_09424,22,Karnataka,Salaried,Graduate,1099917,716
CUST09425,Customer_09425,39,Delhi,Salaried,Graduate,1894624,700
CUST09426,Customer_09426,40,Maharashtra,Self-Employed,Graduate,1215896,710
CUST09427,Customer_09427,49,Rajasthan,Self-Employed,Graduate,665437,645
CUST09428,Customer_09428,26,Uttar Pradesh,Salaried,Graduate,987098,748
CUST09429,Customer_09429,37,Gujarat,Business,Graduate,873784,672
CUST09430,Customer_09430,45,Uttar Pradesh,Salaried,Graduate,2311448,712
CUST09431,Customer_09431,58,Delhi,Salaried,Post Graduate,506239,667
CUST09432,Customer_09432,24,Madhya Pradesh,Business,Graduate,1222685,723
CUST09433,Customer_09433,50,Maharashtra,Self-Employed,Under Graduate,315746,707
CUST09434,Customer_09434,40,Karnataka,Business,Graduate,1658969,763
CUST09435,Customer_09435,23,West Bengal,Salaried,Graduate,2276109,647
CUST09436,Customer_09436,43,Maharashtra,Salaried,Graduate,920575,644
CUST09437,Customer_09437,38,Haryana,Salaried,Graduate,1926275,741
CUST09438,Customer_09438,46,Delhi,Salaried,Under Graduate,1502410,816
CUST09439,Customer_09439,56,Delhi,Business,Graduate,187270,668
CUST09440,Customer_09440,28,West Bengal,Salaried,Graduate,718941,735
CUST09441,Customer_09441,37,Rajasthan,Professional,Graduate,330263,623
CUST09442,Customer_09442,51,Gujarat,Business,Under Graduate,603585,653
CUST09443,Customer_09443,57,Haryana,Self-Employed,Post Graduate,740664,693
CUST09444,Customer_09444,53,Rajasthan,Professional,Graduate,892345,713
CUST09445,Customer_09445,47,Rajasthan,Salaried,Under Graduate,996346,708
CUST09446,Customer_09446,24,Maharashtra,Salaried,Under Graduate,2198045,672
CUST09447,Customer_09447,42,Haryana,Business,Graduate,321266,581
CUST09448,Customer_09448,46,Gujarat,Salaried,Graduate,1513974,593
CUST09449,Customer_09449,52,Rajasthan,Professional,Graduate,890223,788
CUST09450,Customer_09450,44,Bihar,Professional,Post Graduate,1279847,659
CUST09451,Customer_09451,55,Uttar Pradesh,Professional,Graduate,1160542,687
CUST09452,Customer_09452,57,Uttar Pradesh,Professional,Under Graduate,1413885,704
CUST09453,Customer_09453,52,Rajasthan,Self-Employed,Graduate,942311,850
CUST09454,Customer_09454,27,Bihar,Self-Employed,Under Graduate,1881126,670
CUST09455,Customer_09455,53,Haryana,Salaried,Post Graduate,1241473,765
CUST09456,Customer_09456,51,Madhya Pradesh,Business,Post Graduate,2263652,616
CUST09457,Customer_09457,32,West Bengal,Salaried,Graduate,2045521,651
CUST09458,Customer_09458,31,Maharashtra,Business,Under Graduate,1262282,726
CUST09459,Customer_09459,44,West Bengal,Professional,Post Graduate,2226736,736
CUST09460,Customer_09460,28,Maharashtra,Salaried,Post Graduate,928037,719
CUST09461,Customer_09461,52,Gujarat,Salaried,Graduate,1717222,693
CUST09462,Customer_09462,58,Rajasthan,Self-Employed,Under Graduate,2002033,684
CUST09463,Customer_09463,42,Bihar,Business,Graduate,558917,785
CUST09464,Customer_09464,54,Uttar Pradesh,Business,Under Graduate,1710495,802
CUST09465,Customer_09465,39,Uttar Pradesh,Self-Employed,Graduate,2300951,682
CUST09466,Customer_09466,40,Delhi,Business,Post Graduate,2397730,686
CUST09467,Customer_09467,34,Bihar,Salaried,Under Graduate,1684914,669
CUST09468,Customer_09468,53,West Bengal,Self-Employed,Graduate,1704138,653
CUST09469,Customer_09469,30,Bihar,Self-Employed,Graduate,232054,747
CUST09470,Customer_09470,36,West Bengal,Salaried,Graduate,558849,677
CUST09471,Customer_09471,24,Maharashtra,Salaried,Graduate,263138,706
CUST09472,Customer_09472,47,Uttar Pradesh,Business,Post Graduate,280216,721
CUST09473,Customer_09473,48,Maharashtra,Professional,Graduate,1342992,454
CUST09474,Customer_09474,36,Karnataka,Self-Employed,Graduate,2120100,643
CUST09475,Customer_09475,53,Rajasthan,Professional,Graduate,2396476,696
CUST09476,Customer_09476,39,Uttar Pradesh,Salaried,Graduate,1453441,745
CUST09477,Customer_09477,41,Maharashtra,Professional,Post Graduate,2205860,806
CUST09478,Customer_09478,42,Maharashtra,Salaried,Graduate,2309884,691
CUST09479,Customer_09479,29,Madhya Pradesh,Self-Employed,Post Graduate,1631436,579
CUST09480,Customer_09480,29,Bihar,Salaried,Graduate,2475477,731
CUST09481,Customer_09481,29,Delhi,Business,Graduate,396166,682
CUST09482,Customer_09482,47,Madhya Pradesh,Salaried,Graduate,1885364,840
CUST09483,Customer_09483,37,Karnataka,Salaried,Graduate,1688639,782
CUST09484,Customer_09484,28,Rajasthan,Salaried,Graduate,2276573,594
CUST09485,Customer_09485,36,Bihar,Salaried,Graduate,1432753,641
CUST09486,Customer_09486,38,West Bengal,Salaried,Graduate,354821,801
CUST09487,Customer_09487,53,Bihar,Self-Employed,Graduate,1362754,698
CUST09488,Customer_09488,21,Bihar,Salaried,Graduate,2406767,733
CUST09489,Customer_09489,32,Haryana,Salaried,Post Graduate,2181762,671
CUST09490,Customer_09490,26,Uttar Pradesh,Salaried,Post Graduate,908708,825
CUST09491,Customer_09491,25,Bihar,Salaried,Graduate,960028,701
CUST09492,Customer_09492,36,Uttar Pradesh,Self-Employed,Graduate,936570,750
CUST09493,Customer_09493,38,Uttar Pradesh,Self-Employed,Graduate,903642,582
CUST09494,Customer_09494,38,Uttar Pradesh,Self-Employed,Post Graduate,1806692,599
CUST09495,Customer_09495,21,Uttar Pradesh,Salaried,Post Graduate,1314722,845
CUST09496,Customer_09496,39,Bihar,Self-Employed,Graduate,370074,604
CUST09497,Customer_09497,28,Haryana,Self-Employed,Graduate,626829,736
CUST09498,Customer_09498,23,Madhya Pradesh,Salaried,Under Graduate,960048,760
CUST09499,Customer_09499,45,Gujarat,Salaried,Graduate,2469555,712
CUST09500,Customer_09500,25,Rajasthan,Salaried,Graduate,405249,763
CUST09501,Customer_09501,60,Haryana,Salaried,Graduate,339838,553
CUST09502,Customer_09502,39,Karnataka,Salaried,Graduate,1082305,781
CUST09503,Customer_09503,38,Haryana,Salaried,Graduate,1604744,513
CUST09504,Customer_09504,51,Haryana,Salaried,Graduate,646148,755
CUST09505,Customer_09505,53,Maharashtra,Self-Employed,Post Graduate,668563,850
CUST09506,Customer_09506,38,Madhya Pradesh,Professional,Graduate,700654,785
CUST09507,Customer_09507,59,Madhya Pradesh,Self-Employed,Under Graduate,360131,696
CUST09508,Customer_09508,36,Rajasthan,Self-Employed,Graduate,502874,673
CUST09509,Customer_09509,36,Rajasthan,Salaried,Post Graduate,1415229,689
CUST09510,Customer_09510,58,Uttar Pradesh,Salaried,Graduate,887379,609
CUST09511,Customer_09511,27,Uttar Pradesh,Salaried,Graduate,709302,676
CUST09512,Customer_09512,34,Karnataka,Self-Employed,Under Graduate,1263834,580
CUST09513,Customer_09513,45,Gujarat,Business,Graduate,977731,625
CUST09514,Customer_09514,52,Maharashtra,Business,Under Graduate,730297,758
CUST09515,Customer_09515,58,Maharashtra,Salaried,Post Graduate,1067928,751
CUST09516,Customer_09516,42,Madhya Pradesh,Salaried,Post Graduate,953786,721
CUST09517,Customer_09517,36,Bihar,Self-Employed,Graduate,1126109,703
CUST09518,Customer_09518,49,Rajasthan,Self-Employed,Post Graduate,1284353,559
CUST09519,Customer_09519,36,Uttar Pradesh,Salaried,Graduate,1374272,661
CUST09520,Customer_09520,32,Uttar Pradesh,Self-Employed,Under Graduate,1332877,684
CUST09521,Customer_09521,37,Bihar,Salaried,Post Graduate,1984228,571
CUST09522,Customer_09522,57,Gujarat,Self-Employed,Graduate,1859649,585
CUST09523,Customer_09523,47,Uttar Pradesh,Salaried,Under Graduate,2209934,762
CUST09524,Customer_09524,45,Bihar,Self-Employed,Graduate,509268,714
CUST09525,Customer_09525,33,Gujarat,Business,Under Graduate,497169,604
CUST09526,Customer_09526,28,Haryana,Professional,Post Graduate,861414,793
CUST09527,Customer_09527,25,Maharashtra,Professional,Graduate,2187844,764
CUST09528,Customer_09528,32,Delhi,Self-Employed,Graduate,1089923,680
CUST09529,Customer_09529,23,West Bengal,Self-Employed,Post Graduate,1926865,595
CUST09530,Customer_09530,55,Karnataka,Salaried,Post Graduate,180409,810
CUST09531,Customer_09531,53,Haryana,Salaried,Graduate,1009017,816
CUST09532,Customer_09532,42,Delhi,Salaried,Graduate,806551,777
CUST09533,Customer_09533,29,Maharashtra,Salaried,Graduate,1821974,774
CUST09534,Customer_09534,38,Gujarat,Self-Employed,Under Graduate,457528,686
CUST09535,Customer_09535,49,Gujarat,Salaried,Graduate,2132421,698
CUST09536,Customer_09536,59,Bihar,Salaried,Under Graduate,2068268,792
CUST09537,Customer_09537,47,Rajasthan,Self-Employed,Graduate,2362550,709
CUST09538,Customer_09538,56,Gujarat,Self-Employed,Graduate,1181302,628
CUST09539,Customer_09539,37,West Bengal,Business,Graduate,863362,620
CUST09540,Customer_09540,54,Maharashtra,Self-Employed,Under Graduate,1305621,772
CUST09541,Customer_09541,23,Maharashtra,Salaried,Graduate,415607,848
CUST09542,Customer_09542,25,Madhya Pradesh,Salaried,Graduate,1773782,730
CUST09543,Customer_09543,34,Uttar Pradesh,Business,Under Graduate,365995,850
CUST09544,Customer_09544,23,Madhya Pradesh,Salaried,Post Graduate,1609301,542
CUST09545,Customer_09545,43,Uttar Pradesh,Self-Employed,Under Graduate,728095,597
CUST09546,Customer_09546,59,Rajasthan,Self-Employed,Under Graduate,242739,652
CUST09547,Customer_09547,50,Gujarat,Professional,Under Graduate,2159398,541
CUST09548,Customer_09548,43,Uttar Pradesh,Self-Employed,Post Graduate,368661,674
CUST09549,Customer_09549,47,Maharashtra,Self-Employed,Post Graduate,662507,778
CUST09550,Customer_09550,30,Bihar,Salaried,Post Graduate,947727,537
CUST09551,Customer_09551,45,Bihar,Professional,Graduate,1483007,759
CUST09552,Customer_09552,33,Gujarat,Self-Employed,Post Graduate,244385,598
CUST09553,Customer_09553,36,Rajasthan,Salaried,Graduate,1942613,629
CUST09554,Customer_09554,54,Bihar,Self-Employed,Under Graduate,284352,680
CUST09555,Customer_09555,57,Rajasthan,Salaried,Post Graduate,1358029,686
CUST09556,Customer_09556,42,Uttar Pradesh,Salaried,Under Graduate,782281,766
CUST09557,Customer_09557,37,Delhi,Salaried,Graduate,2023957,675
CUST09558,Customer_09558,43,Uttar Pradesh,Business,Post Graduate,223070,742
CUST09559,Customer_09559,56,Haryana,Self-Employed,Graduate,311817,770
CUST09560,Customer_09560,29,Madhya Pradesh,Self-Employed,Under Graduate,304396,699
CUST09561,Customer_09561,22,Rajasthan,Self-Employed,Graduate,1716416,850
CUST09562,Customer_09562,52,Gujarat,Self-Employed,Graduate,1759899,644
CUST09563,Customer_09563,42,Karnataka,Salaried,Graduate,1450469,629
CUST09564,Customer_09564,33,West Bengal,Salaried,Graduate,814371,631
CUST09565,Customer_09565,28,Madhya Pradesh,Salaried,Graduate,2011529,850
CUST09566,Customer_09566,21,Uttar Pradesh,Salaried,Under Graduate,1028123,753
CUST09567,Customer_09567,37,Karnataka,Professional,Graduate,1337623,780
CUST09568,Customer_09568,32,Uttar Pradesh,Business,Post Graduate,1146164,742
CUST09569,Customer_09569,24,Haryana,Salaried,Graduate,1443769,683
CUST09570,Customer_09570,33,Gujarat,Salaried,Graduate,2381823,701
CUST09571,Customer_09571,51,Karnataka,Professional,Under Graduate,1847669,616
CUST09572,Customer_09572,27,Karnataka,Salaried,Graduate,1324360,846
CUST09573,Customer_09573,43,Uttar Pradesh,Self-Employed,Under Graduate,1692498,683
CUST09574,Customer_09574,44,Madhya Pradesh,Salaried,Under Graduate,890261,625
CUST09575,Customer_09575,25,Uttar Pradesh,Self-Employed,Under Graduate,2373739,580
CUST09576,Customer_09576,25,Uttar Pradesh,Professional,Graduate,2161732,819
CUST09577,Customer_09577,37,Rajasthan,Business,Under Graduate,408621,769
CUST09578,Customer_09578,50,Uttar Pradesh,Self-Employed,Graduate,478327,728
CUST09579,Customer_09579,29,Delhi,Self-Employed,Graduate,1922813,550
CUST09580,Customer_09580,26,West Bengal,Self-Employed,Graduate,1028956,720
CUST09581,Customer_09581,45,Madhya Pradesh,Salaried,Graduate,285136,670
CUST09582,Customer_09582,39,Maharashtra,Salaried,Under Graduate,1579042,652
CUST09583,Customer_09583,36,Haryana,Professional,Post Graduate,1792106,795
CUST09584,Customer_09584,41,Karnataka,Salaried,Under Graduate,2084538,589
CUST09585,Customer_09585,22,Delhi,Salaried,Graduate,1182254,581
CUST09586,Customer_09586,30,Madhya Pradesh,Self-Employed,Under Graduate,2491711,565
CUST09587,Customer_09587,36,Karnataka,Professional,Graduate,612002,622
CUST09588,Customer_09588,57,Uttar Pradesh,Self-Employed,Under Graduate,1335865,586
CUST09589,Customer_09589,35,West Bengal,Self-Employed,Under Graduate,672379,758
CUST09590,Customer_09590,33,West Bengal,Self-Employed,Graduate,1274070,622
CUST09591,Customer_09591,33,Karnataka,Business,Post Graduate,270662,705
CUST09592,Customer_09592,52,Maharashtra,Self-Employed,Post Graduate,1627939,642
CUST09593,Customer_09593,28,Karnataka,Professional,Graduate,1991997,764
CUST09594,Customer_09594,38,Rajasthan,Self-Employed,Graduate,366674,744
CUST09595,Customer_09595,56,Madhya Pradesh,Salaried,Under Graduate,1958125,694
CUST09596,Customer_09596,46,Haryana,Business,Graduate,1831250,810
CUST09597,Customer_09597,30,Uttar Pradesh,Business,Graduate,596782,648
CUST09598,Customer_09598,51,Bihar,Salaried,Graduate,2285467,664
CUST09599,Customer_09599,53,Haryana,Salaried,Post Graduate,2498163,702
CUST09600,Customer_09600,49,Haryana,Professional,Graduate,2486203,738
CUST09601,Customer_09601,25,Haryana,Salaried,Post Graduate,1724657,547
CUST09602,Customer_09602,33,Uttar Pradesh,Self-Employed,Post Graduate,1897524,776
CUST09603,Customer_09603,21,Gujarat,Salaried,Graduate,249466,644
CUST09604,Customer_09604,43,Uttar Pradesh,Self-Employed,Graduate,2079245,739
CUST09605,Customer_09605,60,Haryana,Business,Post Graduate,856233,632
CUST09606,Customer_09606,23,Maharashtra,Self-Employed,Under Graduate,1844777,791
CUST09607,Customer_09607,23,Delhi,Salaried,Graduate,1772921,767
CUST09608,Customer_09608,27,Rajasthan,Salaried,Under Graduate,1105839,768
CUST09609,Customer_09609,56,West Bengal,Professional,Graduate,1559394,723
CUST09610,Customer_09610,55,Madhya Pradesh,Business,Graduate,555406,676
CUST09611,Customer_09611,35,Gujarat,Business,Graduate,952549,562
CUST09612,Customer_09612,60,Bihar,Self-Employed,Post Graduate,1986168,694
CUST09613,Customer_09613,23,Delhi,Self-Employed,Graduate,329813,777
CUST09614,Customer_09614,49,Rajasthan,Business,Under Graduate,208683,750
CUST09615,Customer_09615,50,Uttar Pradesh,Business,Under Graduate,1077257,634
CUST09616,Customer_09616,59,Madhya Pradesh,Business,Under Graduate,1438388,850
CUST09617,Customer_09617,38,Haryana,Salaried,Graduate,2448292,769
CUST09618,Customer_09618,31,Maharashtra,Salaried,Graduate,2204014,634
CUST09619,Customer_09619,58,Maharashtra,Business,Graduate,1229874,646
CUST09620,Customer_09620,60,Madhya Pradesh,Salaried,Graduate,2315751,612
CUST09621,Customer_09621,21,Haryana,Self-Employed,Graduate,1223907,680
CUST09622,Customer_09622,49,Maharashtra,Self-Employed,Graduate,2344951,808
CUST09623,Customer_09623,30,West Bengal,Salaried,Under Graduate,871991,724
CUST09624,Customer_09624,48,Karnataka,Business,Post Graduate,1498120,814
CUST09625,Customer_09625,51,Maharashtra,Salaried,Under Graduate,2080012,809
CUST09626,Customer_09626,39,Maharashtra,Business,Under Graduate,1781684,793
CUST09627,Customer_09627,23,Gujarat,Salaried,Graduate,2037872,817
CUST09628,Customer_09628,56,West Bengal,Professional,Under Graduate,2313447,690
CUST09629,Customer_09629,35,Gujarat,Salaried,Graduate,840958,703
CUST09630,Customer_09630,53,Rajasthan,Business,Graduate,874778,587
CUST09631,Customer_09631,46,Uttar Pradesh,Self-Employed,Graduate,388146,734
CUST09632,Customer_09632,36,Rajasthan,Salaried,Graduate,1264362,708
CUST09633,Customer_09633,56,Madhya Pradesh,Self-Employed,Graduate,2308877,840
CUST09634,Customer_09634,53,Bihar,Professional,Graduate,309457,663
CUST09635,Customer_09635,40,Rajasthan,Salaried,Under Graduate,333371,613
CUST09636,Customer_09636,33,Uttar Pradesh,Salaried,Under Graduate,2063606,581
CUST09637,Customer_09637,53,Rajasthan,Salaried,Post Graduate,747499,794
CUST09638,Customer_09638,25,Uttar Pradesh,Salaried,Post Graduate,1642735,704
CUST09639,Customer_09639,57,Uttar Pradesh,Professional,Graduate,2002868,667
CUST09640,Customer_09640,34,Karnataka,Salaried,Post Graduate,1221684,708
CUST09641,Customer_09641,47,Maharashtra,Self-Employed,Graduate,233160,595
CUST09642,Customer_09642,43,Madhya Pradesh,Salaried,Graduate,1276919,592
CUST09643,Customer_09643,34,Uttar Pradesh,Salaried,Graduate,1940973,820
CUST09644,Customer_09644,60,Maharashtra,Salaried,Post Graduate,1526003,705
CUST09645,Customer_09645,24,Bihar,Salaried,Post Graduate,252283,721
CUST09646,Customer_09646,59,Uttar Pradesh,Self-Employed,Graduate,1681786,691
CUST09647,Customer_09647,39,Uttar Pradesh,Salaried,Graduate,677733,643
CUST09648,Customer_09648,24,Karnataka,Business,Post Graduate,1890946,643
CUST09649,Customer_09649,50,Uttar Pradesh,Self-Employed,Post Graduate,1991452,612
CUST09650,Customer_09650,39,Uttar Pradesh,Salaried,Graduate,1056635,775
CUST09651,Customer_09651,51,Haryana,Salaried,Graduate,495985,726
CUST09652,Customer_09652,51,Maharashtra,Salaried,Graduate,1661075,650
CUST09653,Customer_09653,29,Delhi,Salaried,Graduate,2185884,745
CUST09654,Customer_09654,33,Uttar Pradesh,Self-Employed,Post Graduate,200275,629
CUST09655,Customer_09655,34,Maharashtra,Business,Post Graduate,1911069,767
CUST09656,Customer_09656,30,Madhya Pradesh,Professional,Post Graduate,992884,627
CUST09657,Customer_09657,51,West Bengal,Business,Graduate,1756527,702
CUST09658,Customer_09658,57,Uttar Pradesh,Salaried,Post Graduate,765527,639
CUST09659,Customer_09659,43,Bihar,Salaried,Graduate,316153,801
CUST09660,Customer_09660,47,Uttar Pradesh,Professional,Graduate,261766,798
CUST09661,Customer_09661,26,Maharashtra,Self-Employed,Graduate,2366746,745
CUST09662,Customer_09662,46,Karnataka,Salaried,Under Graduate,1928310,684
CUST09663,Customer_09663,22,Uttar Pradesh,Salaried,Post Graduate,1917665,654
CUST09664,Customer_09664,33,Karnataka,Salaried,Graduate,413717,706
CUST09665,Customer_09665,39,Uttar Pradesh,Self-Employed,Post Graduate,420416,637
CUST09666,Customer_09666,21,Karnataka,Business,Graduate,512054,757
CUST09667,Customer_09667,60,Madhya Pradesh,Salaried,Post Graduate,2239013,675
CUST09668,Customer_09668,52,Karnataka,Salaried,Under Graduate,1598068,697
CUST09669,Customer_09669,42,Uttar Pradesh,Salaried,Graduate,1372366,709
CUST09670,Customer_09670,49,Delhi,Salaried,Graduate,1943769,806
CUST09671,Customer_09671,22,Gujarat,Self-Employed,Graduate,644132,686
CUST09672,Customer_09672,60,Madhya Pradesh,Self-Employed,Post Graduate,2063980,826
CUST09673,Customer_09673,58,Haryana,Salaried,Graduate,1867271,755
CUST09674,Customer_09674,31,Gujarat,Self-Employed,Graduate,837630,755
CUST09675,Customer_09675,37,Karnataka,Salaried,Graduate,866841,644
CUST09676,Customer_09676,28,Bihar,Self-Employed,Graduate,777431,600
CUST09677,Customer_09677,42,Madhya Pradesh,Self-Employed,Post Graduate,897606,697
CUST09678,Customer_09678,24,Karnataka,Salaried,Post Graduate,2023468,610
CUST09679,Customer_09679,31,Maharashtra,Self-Employed,Post Graduate,1906504,556
CUST09680,Customer_09680,28,Rajasthan,Salaried,Graduate,224362,655
CUST09681,Customer_09681,29,West Bengal,Salaried,Post Graduate,1642253,568
CUST09682,Customer_09682,46,Rajasthan,Salaried,Graduate,1252576,763
CUST09683,Customer_09683,22,Maharashtra,Salaried,Graduate,1857302,605
CUST09684,Customer_09684,36,Bihar,Business,Graduate,399458,567
CUST09685,Customer_09685,51,Karnataka,Salaried,Under Graduate,823971,649
CUST09686,Customer_09686,26,West Bengal,Self-Employed,Post Graduate,1923711,734
CUST09687,Customer_09687,41,West Bengal,Professional,Graduate,424131,657
CUST09688,Customer_09688,46,Gujarat,Salaried,Under Graduate,2208748,751
CUST09689,Customer_09689,39,Rajasthan,Salaried,Under Graduate,1783843,738
CUST09690,Customer_09690,48,Maharashtra,Salaried,Graduate,2357755,714
CUST09691,Customer_09691,28,Uttar Pradesh,Salaried,Graduate,1325511,643
CUST09692,Customer_09692,34,Uttar Pradesh,Salaried,Graduate,2367946,722
CUST09693,Customer_09693,44,Uttar Pradesh,Business,Graduate,445202,509
CUST09694,Customer_09694,57,Karnataka,Salaried,Under Graduate,443993,682
CUST09695,Customer_09695,46,Haryana,Self-Employed,Under Graduate,2258086,778
CUST09696,Customer_09696,51,Madhya Pradesh,Salaried,Graduate,541749,643
CUST09697,Customer_09697,52,West Bengal,Salaried,Graduate,1516191,715
CUST09698,Customer_09698,22,West Bengal,Salaried,Graduate,799427,553
CUST09699,Customer_09699,45,Gujarat,Salaried,Graduate,2412261,745
CUST09700,Customer_09700,22,Rajasthan,Salaried,Post Graduate,2356450,667
CUST09701,Customer_09701,21,Uttar Pradesh,Self-Employed,Graduate,2447936,666
CUST09702,Customer_09702,56,Rajasthan,Self-Employed,Graduate,223654,665
CUST09703,Customer_09703,32,Uttar Pradesh,Salaried,Graduate,2242440,712
CUST09704,Customer_09704,29,Bihar,Business,Under Graduate,2240206,657
CUST09705,Customer_09705,56,West Bengal,Salaried,Graduate,628063,699
CUST09706,Customer_09706,48,Bihar,Salaried,Graduate,2011953,597
CUST09707,Customer_09707,58,Uttar Pradesh,Business,Post Graduate,213026,658
CUST09708,Customer_09708,53,Madhya Pradesh,Professional,Graduate,313491,712
CUST09709,Customer_09709,42,Madhya Pradesh,Business,Post Graduate,243165,677
CUST09710,Customer_09710,45,Maharashtra,Salaried,Graduate,2456314,716
CUST09711,Customer_09711,38,Maharashtra,Professional,Under Graduate,1776223,736
CUST09712,Customer_09712,26,West Bengal,Self-Employed,Graduate,879336,736
CUST09713,Customer_09713,38,Maharashtra,Self-Employed,Graduate,899440,741
CUST09714,Customer_09714,36,Haryana,Professional,Graduate,300891,538
CUST09715,Customer_09715,35,Rajasthan,Business,Under Graduate,231304,602
CUST09716,Customer_09716,28,Rajasthan,Self-Employed,Post Graduate,1385673,826
CUST09717,Customer_09717,33,Maharashtra,Business,Graduate,1824286,763
CUST09718,Customer_09718,27,Delhi,Salaried,Graduate,592717,661
CUST09719,Customer_09719,37,Karnataka,Self-Employed,Graduate,1035565,734
CUST09720,Customer_09720,52,Maharashtra,Salaried,Post Graduate,444458,645
CUST09721,Customer_09721,42,Uttar Pradesh,Professional,Post Graduate,307931,739
CUST09722,Customer_09722,33,Uttar Pradesh,Self-Employed,Graduate,836917,618
CUST09723,Customer_09723,43,Haryana,Business,Post Graduate,277385,719
CUST09724,Customer_09724,49,Rajasthan,Salaried,Graduate,1852884,676
CUST09725,Customer_09725,42,Uttar Pradesh,Business,Under Graduate,287668,746
CUST09726,Customer_09726,21,Bihar,Salaried,Under Graduate,493623,850
CUST09727,Customer_09727,49,Rajasthan,Self-Employed,Post Graduate,2435711,696
CUST09728,Customer_09728,25,Karnataka,Business,Under Graduate,2127673,548
CUST09729,Customer_09729,55,Gujarat,Salaried,Graduate,1959171,705
CUST09730,Customer_09730,30,Uttar Pradesh,Salaried,Post Graduate,861900,683
CUST09731,Customer_09731,39,Uttar Pradesh,Self-Employed,Graduate,2354015,511
CUST09732,Customer_09732,57,Bihar,Salaried,Under Graduate,849806,632
CUST09733,Customer_09733,27,Uttar Pradesh,Salaried,Graduate,2489207,745
CUST09734,Customer_09734,55,Delhi,Salaried,Graduate,1208517,768
CUST09735,Customer_09735,33,Bihar,Salaried,Under Graduate,1647272,769
CUST09736,Customer_09736,30,Bihar,Business,Post Graduate,1724917,812
CUST09737,Customer_09737,22,Rajasthan,Professional,Graduate,2034591,668
CUST09738,Customer_09738,26,Gujarat,Business,Graduate,986214,617
CUST09739,Customer_09739,28,Madhya Pradesh,Salaried,Graduate,803737,573
CUST09740,Customer_09740,56,Haryana,Business,Graduate,519466,690
CUST09741,Customer_09741,45,Gujarat,Self-Employed,Graduate,2144225,645
CUST09742,Customer_09742,60,Haryana,Business,Graduate,2437737,625
CUST09743,Customer_09743,27,Gujarat,Salaried,Graduate,2340208,566
CUST09744,Customer_09744,43,Maharashtra,Salaried,Graduate,811402,661
CUST09745,Customer_09745,39,Uttar Pradesh,Self-Employed,Graduate,2458395,628
CUST09746,Customer_09746,42,Karnataka,Salaried,Post Graduate,665281,636
CUST09747,Customer_09747,33,West Bengal,Business,Graduate,458733,821
CUST09748,Customer_09748,41,Delhi,Business,Graduate,795038,688
CUST09749,Customer_09749,21,Delhi,Salaried,Graduate,982879,678
CUST09750,Customer_09750,39,Maharashtra,Business,Under Graduate,1092400,751
CUST09751,Customer_09751,53,Madhya Pradesh,Self-Employed,Under Graduate,1248136,653
CUST09752,Customer_09752,24,West Bengal,Salaried,Graduate,2219223,726
CUST09753,Customer_09753,23,Karnataka,Salaried,Under Graduate,652751,741
CUST09754,Customer_09754,47,Maharashtra,Salaried,Graduate,2281475,617
CUST09755,Customer_09755,55,Maharashtra,Salaried,Graduate,791005,671
CUST09756,Customer_09756,48,Rajasthan,Salaried,Graduate,970455,580
CUST09757,Customer_09757,26,Bihar,Salaried,Graduate,1769642,607
CUST09758,Customer_09758,26,Bihar,Salaried,Post Graduate,1097395,635
CUST09759,Customer_09759,43,Gujarat,Business,Graduate,378467,716
CUST09760,Customer_09760,53,Uttar Pradesh,Salaried,Post Graduate,317513,609
CUST09761,Customer_09761,36,Delhi,Salaried,Graduate,2275627,700
CUST09762,Customer_09762,44,Delhi,Salaried,Graduate,187747,669
CUST09763,Customer_09763,25,Haryana,Salaried,Graduate,1126728,668
CUST09764,Customer_09764,33,Haryana,Professional,Graduate,2151597,746
CUST09765,Customer_09765,32,Madhya Pradesh,Self-Employed,Post Graduate,276381,817
CUST09766,Customer_09766,25,Haryana,Business,Under Graduate,1595393,568
CUST09767,Customer_09767,57,Rajasthan,Self-Employed,Graduate,1764013,730
CUST09768,Customer_09768,51,West Bengal,Business,Graduate,875187,840
CUST09769,Customer_09769,48,Maharashtra,Professional,Graduate,266599,762
CUST09770,Customer_09770,48,Karnataka,Salaried,Under Graduate,323316,735
CUST09771,Customer_09771,50,Maharashtra,Self-Employed,Graduate,1127514,554
CUST09772,Customer_09772,38,Uttar Pradesh,Self-Employed,Graduate,727288,783
CUST09773,Customer_09773,47,Rajasthan,Professional,Post Graduate,2365172,814
CUST09774,Customer_09774,55,Madhya Pradesh,Salaried,Graduate,1742205,739
CUST09775,Customer_09775,46,Maharashtra,Self-Employed,Under Graduate,2168044,760
CUST09776,Customer_09776,59,Madhya Pradesh,Salaried,Post Graduate,692390,769
CUST09777,Customer_09777,38,Haryana,Professional,Under Graduate,2163542,741
CUST09778,Customer_09778,53,Maharashtra,Self-Employed,Post Graduate,2494729,750
CUST09779,Customer_09779,45,Madhya Pradesh,Business,Post Graduate,2102945,568
CUST09780,Customer_09780,51,Bihar,Business,Under Graduate,876314,850
CUST09781,Customer_09781,57,Rajasthan,Self-Employed,Post Graduate,1618057,763
CUST09782,Customer_09782,22,Gujarat,Self-Employed,Graduate,876908,759
CUST09783,Customer_09783,53,Bihar,Self-Employed,Graduate,1433750,717
CUST09784,Customer_09784,59,West Bengal,Self-Employed,Graduate,1150094,545
CUST09785,Customer_09785,52,Madhya Pradesh,Salaried,Graduate,977209,516
CUST09786,Customer_09786,38,Haryana,Salaried,Graduate,673171,728
CUST09787,Customer_09787,37,Delhi,Salaried,Graduate,1867022,687
CUST09788,Customer_09788,54,Karnataka,Professional,Graduate,2397133,747
CUST09789,Customer_09789,59,Uttar Pradesh,Salaried,Graduate,687404,667
CUST09790,Customer_09790,27,Maharashtra,Business,Under Graduate,741736,663
CUST09791,Customer_09791,55,Rajasthan,Salaried,Post Graduate,617458,671
CUST09792,Customer_09792,50,Karnataka,Self-Employed,Post Graduate,280054,656
CUST09793,Customer_09793,32,Maharashtra,Salaried,Graduate,518472,611
CUST09794,Customer_09794,55,West Bengal,Self-Employed,Graduate,2027606,597
CUST09795,Customer_09795,31,Uttar Pradesh,Salaried,Graduate,1798108,727
CUST09796,Customer_09796,24,Uttar Pradesh,Self-Employed,Graduate,2059553,736
CUST09797,Customer_09797,45,Uttar Pradesh,Self-Employed,Graduate,1828106,468
CUST09798,Customer_09798,52,Madhya Pradesh,Business,Under Graduate,488891,675
CUST09799,Customer_09799,40,Karnataka,Self-Employed,Post Graduate,694101,673
CUST09800,Customer_09800,51,Maharashtra,Professional,Graduate,2036459,724
CUST09801,Customer_09801,24,Madhya Pradesh,Business,Under Graduate,2321756,727
CUST09802,Customer_09802,58,Uttar Pradesh,Salaried,Post Graduate,243655,742
CUST09803,Customer_09803,21,Gujarat,Salaried,Post Graduate,1126573,664
CUST09804,Customer_09804,23,Uttar Pradesh,Salaried,Graduate,2221908,637
CUST09805,Customer_09805,57,Rajasthan,Salaried,Under Graduate,1624080,561
CUST09806,Customer_09806,42,Gujarat,Self-Employed,Graduate,2259770,682
CUST09807,Customer_09807,37,Madhya Pradesh,Professional,Graduate,1929952,572
CUST09808,Customer_09808,34,Uttar Pradesh,Self-Employed,Post Graduate,1664774,637
CUST09809,Customer_09809,55,Uttar Pradesh,Business,Graduate,467800,586
CUST09810,Customer_09810,33,Gujarat,Salaried,Under Graduate,299233,792
CUST09811,Customer_09811,55,Haryana,Salaried,Under Graduate,2440247,594
CUST09812,Customer_09812,22,Karnataka,Business,Graduate,1175760,625
CUST09813,Customer_09813,33,Haryana,Salaried,Graduate,337351,731
CUST09814,Customer_09814,36,West Bengal,Business,Graduate,2191982,775
CUST09815,Customer_09815,38,Bihar,Salaried,Graduate,2291221,635
CUST09816,Customer_09816,27,Bihar,Business,Graduate,391909,804
CUST09817,Customer_09817,56,Uttar Pradesh,Business,Graduate,2143733,669
CUST09818,Customer_09818,50,Rajasthan,Self-Employed,Graduate,439470,777
CUST09819,Customer_09819,27,Gujarat,Business,Post Graduate,1408591,693
CUST09820,Customer_09820,35,Haryana,Salaried,Graduate,436181,591
CUST09821,Customer_09821,60,Maharashtra,Salaried,Under Graduate,894029,625
CUST09822,Customer_09822,39,Rajasthan,Salaried,Graduate,2473688,681
CUST09823,Customer_09823,57,Gujarat,Salaried,Graduate,1327062,769
CUST09824,Customer_09824,22,Madhya Pradesh,Salaried,Post Graduate,683739,731
CUST09825,Customer_09825,33,Maharashtra,Business,Graduate,306365,785
CUST09826,Customer_09826,60,Haryana,Salaried,Post Graduate,1818555,637
CUST09827,Customer_09827,51,Uttar Pradesh,Professional,Post Graduate,267731,571
CUST09828,Customer_09828,36,Karnataka,Professional,Post Graduate,2107264,735
CUST09829,Customer_09829,26,West Bengal,Business,Graduate,1487560,724
CUST09830,Customer_09830,48,Bihar,Professional,Post Graduate,1877136,678
CUST09831,Customer_09831,52,Bihar,Business,Post Graduate,1659444,652
CUST09832,Customer_09832,30,Delhi,Self-Employed,Post Graduate,1031798,659
CUST09833,Customer_09833,38,Rajasthan,Self-Employed,Under Graduate,187977,633
CUST09834,Customer_09834,24,Uttar Pradesh,Self-Employed,Graduate,332876,716
CUST09835,Customer_09835,29,Karnataka,Salaried,Graduate,208853,738
CUST09836,Customer_09836,27,Rajasthan,Salaried,Graduate,1183431,788
CUST09837,Customer_09837,28,Maharashtra,Self-Employed,Graduate,701606,691
CUST09838,Customer_09838,27,Madhya Pradesh,Salaried,Graduate,555576,715
CUST09839,Customer_09839,60,Maharashtra,Professional,Graduate,1026755,566
CUST09840,Customer_09840,23,Maharashtra,Self-Employed,Graduate,1948310,698
CUST09841,Customer_09841,37,Madhya Pradesh,Salaried,Graduate,2037431,736
CUST09842,Customer_09842,22,Bihar,Salaried,Under Graduate,181699,630
CUST09843,Customer_09843,35,Madhya Pradesh,Salaried,Graduate,1358590,796
CUST09844,Customer_09844,49,West Bengal,Salaried,Under Graduate,1158464,630
CUST09845,Customer_09845,42,Karnataka,Salaried,Graduate,1648468,709
CUST09846,Customer_09846,24,Uttar Pradesh,Professional,Post Graduate,305143,703
CUST09847,Customer_09847,26,Uttar Pradesh,Salaried,Graduate,991721,624
CUST09848,Customer_09848,58,Madhya Pradesh,Self-Employed,Graduate,1836181,678
CUST09849,Customer_09849,46,Gujarat,Salaried,Under Graduate,623396,694
CUST09850,Customer_09850,31,Karnataka,Professional,Post Graduate,1547835,697
CUST09851,Customer_09851,46,Gujarat,Self-Employed,Under Graduate,1920283,574
CUST09852,Customer_09852,37,Maharashtra,Self-Employed,Graduate,944683,716
CUST09853,Customer_09853,44,Rajasthan,Business,Under Graduate,2244583,765
CUST09854,Customer_09854,48,Haryana,Self-Employed,Graduate,1574705,756
CUST09855,Customer_09855,55,Karnataka,Salaried,Graduate,2205202,747
CUST09856,Customer_09856,51,Maharashtra,Salaried,Graduate,2408264,616
CUST09857,Customer_09857,33,Madhya Pradesh,Salaried,Graduate,702859,741
CUST09858,Customer_09858,55,Uttar Pradesh,Self-Employed,Graduate,1345508,577
CUST09859,Customer_09859,36,Rajasthan,Salaried,Post Graduate,761930,676
CUST09860,Customer_09860,35,Uttar Pradesh,Business,Under Graduate,2453488,605
CUST09861,Customer_09861,38,West Bengal,Salaried,Graduate,2352690,763
CUST09862,Customer_09862,57,Gujarat,Salaried,Under Graduate,629771,697
CUST09863,Customer_09863,47,Karnataka,Professional,Under Graduate,1740375,543
CUST09864,Customer_09864,55,West Bengal,Professional,Graduate,2072734,664
CUST09865,Customer_09865,55,Maharashtra,Professional,Graduate,1033418,582
CUST09866,Customer_09866,48,Gujarat,Self-Employed,Graduate,1804611,648
CUST09867,Customer_09867,59,Karnataka,Salaried,Graduate,2231589,664
CUST09868,Customer_09868,58,Madhya Pradesh,Business,Under Graduate,2386702,739
CUST09869,Customer_09869,29,Gujarat,Salaried,Graduate,1750710,758
CUST09870,Customer_09870,32,Bihar,Salaried,Graduate,2252083,583
CUST09871,Customer_09871,35,Gujarat,Salaried,Graduate,1830100,668
CUST09872,Customer_09872,41,Bihar,Self-Employed,Graduate,2219586,660
CUST09873,Customer_09873,55,Rajasthan,Salaried,Graduate,1019405,594
CUST09874,Customer_09874,53,Uttar Pradesh,Business,Graduate,2449803,669
CUST09875,Customer_09875,39,Uttar Pradesh,Salaried,Under Graduate,321376,755
CUST09876,Customer_09876,43,Uttar Pradesh,Salaried,Graduate,1765726,611
CUST09877,Customer_09877,33,Maharashtra,Salaried,Graduate,2222050,754
CUST09878,Customer_09878,21,Rajasthan,Salaried,Under Graduate,550938,587
CUST09879,Customer_09879,49,Uttar Pradesh,Professional,Post Graduate,473413,809
CUST09880,Customer_09880,44,Uttar Pradesh,Professional,Graduate,801852,688
CUST09881,Customer_09881,36,Haryana,Salaried,Graduate,1955134,633
CUST09882,Customer_09882,45,Delhi,Professional,Graduate,2239746,737
CUST09883,Customer_09883,43,Haryana,Self-Employed,Post Graduate,1458906,850
CUST09884,Customer_09884,48,Karnataka,Salaried,Graduate,1988693,791
CUST09885,Customer_09885,36,Uttar Pradesh,Business,Post Graduate,2231941,685
CUST09886,Customer_09886,58,Uttar Pradesh,Professional,Post Graduate,1717204,787
CUST09887,Customer_09887,31,Bihar,Salaried,Graduate,528812,850
CUST09888,Customer_09888,23,Karnataka,Salaried,Graduate,918527,662
CUST09889,Customer_09889,35,Delhi,Salaried,Under Graduate,2191674,702
CUST09890,Customer_09890,21,Bihar,Salaried,Under Graduate,1589036,628
CUST09891,Customer_09891,27,Uttar Pradesh,Salaried,Post Graduate,1148895,661
CUST09892,Customer_09892,21,Madhya Pradesh,Self-Employed,Graduate,2441689,669
CUST09893,Customer_09893,52,Maharashtra,Business,Graduate,837426,657
CUST09894,Customer_09894,29,Madhya Pradesh,Salaried,Graduate,1730674,778
CUST09895,Customer_09895,49,West Bengal,Salaried,Post Graduate,872802,549
CUST09896,Customer_09896,46,Madhya Pradesh,Business,Post Graduate,1920517,692
CUST09897,Customer_09897,43,Karnataka,Salaried,Post Graduate,1852218,686
CUST09898,Customer_09898,49,Bihar,Business,Under Graduate,2452015,655
CUST09899,Customer_09899,58,Gujarat,Professional,Post Graduate,1386574,752
CUST09900,Customer_09900,53,Karnataka,Professional,Post Graduate,1700651,750
CUST09901,Customer_09901,27,Madhya Pradesh,Self-Employed,Graduate,1283515,693
CUST09902,Customer_09902,32,Madhya Pradesh,Salaried,Graduate,1805657,713
CUST09903,Customer_09903,51,Delhi,Salaried,Graduate,1124769,686
CUST09904,Customer_09904,52,Karnataka,Business,Graduate,2382710,737
CUST09905,Customer_09905,40,Uttar Pradesh,Professional,Graduate,396895,808
CUST09906,Customer_09906,37,Bihar,Salaried,Graduate,384118,770
CUST09907,Customer_09907,56,Bihar,Salaried,Under Graduate,2097376,850
CUST09908,Customer_09908,23,Karnataka,Business,Under Graduate,194389,753
CUST09909,Customer_09909,21,West Bengal,Salaried,Under Graduate,2425389,552
CUST09910,Customer_09910,47,Uttar Pradesh,Salaried,Graduate,396560,738
CUST09911,Customer_09911,60,Uttar Pradesh,Professional,Graduate,2170827,635
CUST09912,Customer_09912,53,West Bengal,Salaried,Graduate,1521989,788
CUST09913,Customer_09913,40,Maharashtra,Salaried,Graduate,2420185,669
CUST09914,Customer_09914,34,Maharashtra,Self-Employed,Post Graduate,567809,591
CUST09915,Customer_09915,56,Uttar Pradesh,Business,Graduate,1848591,715
CUST09916,Customer_09916,25,Maharashtra,Salaried,Graduate,431465,669
CUST09917,Customer_09917,43,Gujarat,Salaried,Graduate,668658,722
CUST09918,Customer_09918,35,Bihar,Self-Employed,Post Graduate,572989,716
CUST09919,Customer_09919,26,Rajasthan,Self-Employed,Post Graduate,214627,717
CUST09920,Customer_09920,53,Karnataka,Salaried,Under Graduate,1811558,718
CUST09921,Customer_09921,39,Uttar Pradesh,Salaried,Under Graduate,1232495,755
CUST09922,Customer_09922,33,Uttar Pradesh,Self-Employed,Graduate,2222482,703
CUST09923,Customer_09923,49,Karnataka,Business,Under Graduate,1490886,681
CUST09924,Customer_09924,26,Delhi,Business,Post Graduate,1739992,671
CUST09925,Customer_09925,35,Maharashtra,Business,Post Graduate,1391070,663
CUST09926,Customer_09926,36,Bihar,Business,Under Graduate,2207169,670
CUST09927,Customer_09927,44,Maharashtra,Salaried,Graduate,2051177,755
CUST09928,Customer_09928,43,Gujarat,Business,Under Graduate,546914,790
CUST09929,Customer_09929,30,Uttar Pradesh,Business,Graduate,382780,750
CUST09930,Customer_09930,37,Rajasthan,Self-Employed,Graduate,946690,713
CUST09931,Customer_09931,50,Uttar Pradesh,Salaried,Graduate,1518970,697
CUST09932,Customer_09932,30,Haryana,Self-Employed,Post Graduate,1122005,708
CUST09933,Customer_09933,39,Bihar,Self-Employed,Post Graduate,2463718,709
CUST09934,Customer_09934,49,Rajasthan,Salaried,Post Graduate,1328640,646
CUST09935,Customer_09935,22,Uttar Pradesh,Self-Employed,Graduate,685985,636
CUST09936,Customer_09936,56,Uttar Pradesh,Business,Graduate,953993,697
CUST09937,Customer_09937,39,Gujarat,Business,Post Graduate,1083821,626
CUST09938,Customer_09938,27,Delhi,Salaried,Graduate,2341488,631
CUST09939,Customer_09939,46,Delhi,Salaried,Graduate,1497030,639
CUST09940,Customer_09940,35,Delhi,Self-Employed,Graduate,2159946,779
CUST09941,Customer_09941,58,Uttar Pradesh,Business,Graduate,383867,802
CUST09942,Customer_09942,23,Gujarat,Self-Employed,Graduate,557573,690
CUST09943,Customer_09943,58,Maharashtra,Business,Graduate,722906,695
CUST09944,Customer_09944,36,Uttar Pradesh,Salaried,Under Graduate,361837,744
CUST09945,Customer_09945,22,Delhi,Self-Employed,Post Graduate,511216,623
CUST09946,Customer_09946,51,Karnataka,Professional,Post Graduate,2194990,699
CUST09947,Customer_09947,48,Delhi,Self-Employed,Graduate,196941,839
CUST09948,Customer_09948,27,Haryana,Professional,Post Graduate,357670,685
CUST09949,Customer_09949,50,West Bengal,Self-Employed,Graduate,2422217,682
CUST09950,Customer_09950,27,Uttar Pradesh,Business,Graduate,2043794,684
CUST09951,Customer_09951,56,West Bengal,Salaried,Graduate,2317350,672
CUST09952,Customer_09952,49,Madhya Pradesh,Salaried,Post Graduate,1152718,722
CUST09953,Customer_09953,44,Haryana,Salaried,Graduate,539418,713
CUST09954,Customer_09954,59,Gujarat,Self-Employed,Graduate,918137,537
CUST09955,Customer_09955,24,Madhya Pradesh,Salaried,Graduate,2206445,734
CUST09956,Customer_09956,49,Gujarat,Business,Post Graduate,1558066,618
CUST09957,Customer_09957,25,Bihar,Professional,Post Graduate,1412865,740
CUST09958,Customer_09958,49,Karnataka,Self-Employed,Under Graduate,520029,693
CUST09959,Customer_09959,50,Uttar Pradesh,Salaried,Graduate,733665,701
CUST09960,Customer_09960,49,Maharashtra,Professional,Under Graduate,1282115,706
CUST09961,Customer_09961,46,Uttar Pradesh,Self-Employed,Post Graduate,1867792,650
CUST09962,Customer_09962,39,Maharashtra,Business,Graduate,2290788,645
CUST09963,Customer_09963,46,Maharashtra,Business,Under Graduate,1309846,746
CUST09964,Customer_09964,57,Uttar Pradesh,Professional,Graduate,791228,651
CUST09965,Customer_09965,47,Rajasthan,Self-Employed,Graduate,2481672,611
CUST09966,Customer_09966,50,Rajasthan,Business,Graduate,1672096,726
CUST09967,Customer_09967,50,Uttar Pradesh,Self-Employed,Graduate,795352,723
CUST09968,Customer_09968,23,Maharashtra,Self-Employed,Graduate,226728,687
CUST09969,Customer_09969,27,West Bengal,Self-Employed,Under Graduate,275695,706
CUST09970,Customer_09970,29,Uttar Pradesh,Self-Employed,Graduate,603753,699
CUST09971,Customer_09971,33,Maharashtra,Salaried,Graduate,692741,736
CUST09972,Customer_09972,35,Uttar Pradesh,Business,Graduate,2408558,753
CUST09973,Customer_09973,25,Uttar Pradesh,Salaried,Post Graduate,848546,729
CUST09974,Customer_09974,49,Gujarat,Self-Employed,Under Graduate,2470322,757
CUST09975,Customer_09975,55,Bihar,Business,Post Graduate,2323784,812
CUST09976,Customer_09976,47,Rajasthan,Business,Graduate,1906756,725
CUST09977,Customer_09977,47,Uttar Pradesh,Salaried,Post Graduate,2010127,686
CUST09978,Customer_09978,28,Gujarat,Business,Graduate,2453722,573
CUST09979,Customer_09979,52,Delhi,Professional,Under Graduate,509410,592
CUST09980,Customer_09980,40,Maharashtra,Self-Employed,Post Graduate,2446247,718
CUST09981,Customer_09981,30,Uttar Pradesh,Business,Post Graduate,1456503,671
CUST09982,Customer_09982,33,Uttar Pradesh,Salaried,Under Graduate,1229487,653
CUST09983,Customer_09983,49,Gujarat,Professional,Post Graduate,536422,733
CUST09984,Customer_09984,55,Uttar Pradesh,Self-Employed,Post Graduate,604967,743
CUST09985,Customer_09985,28,Rajasthan,Salaried,Post Graduate,883243,715
CUST09986,Customer_09986,49,Uttar Pradesh,Salaried,Graduate,1649872,661
CUST09987,Customer_09987,51,Uttar Pradesh,Self-Employed,Graduate,2482287,838
CUST09988,Customer_09988,50,Uttar Pradesh,Salaried,Under Graduate,670098,684
CUST09989,Customer_09989,42,Bihar,Business,Graduate,237339,759
CUST09990,Customer_09990,41,Uttar Pradesh,Salaried,Graduate,1439331,674
CUST09991,Customer_09991,32,Bihar,Self-Employed,Graduate,413708,611
CUST09992,Customer_09992,31,Madhya Pradesh,Self-Employed,Graduate,2192988,696
CUST09993,Customer_09993,22,Bihar,Business,Post Graduate,2486553,850
CUST09994,Customer_09994,22,Gujarat,Business,Post Graduate,1700596,763
CUST09995,Customer_09995,54,Delhi,Business,Graduate,409774,683
CUST09996,Customer_09996,23,Gujarat,Professional,Under Graduate,2354274,733
CUST09997,Customer_09997,36,West Bengal,Self-Employed,Post Graduate,2226906,666
CUST09998,Customer_09998,24,Maharashtra,Business,Graduate,195993,742
CUST09999,Customer_09999,43,Maharashtra,Salaried,Graduate,502744,836
CUST10000,Customer_10000,40,Madhya Pradesh,Business,Under Graduate,1283198,650
